x,y,z
1.337458363462560484e+01,5.301219592738540265e-02,0.000000000000000000e+00
1.325453750889913174e+01,1.140272917184253776e-01,-3.144529237642312847e-01
1.292659047250877080e+01,1.602433491326651638e-01,-5.712499831843607101e-01
1.247180525371133797e+01,1.860605359150131755e-01,-7.360304942646841431e-01
1.199754036804441171e+01,1.939018612928309626e-01,-8.124762857769620705e-01
1.160543897867434282e+01,1.938382807583997336e-01,-8.429514737519220313e-01
1.136213917967000064e+01,2.003131732381219776e-01,-8.944277609793618300e-01
1.128185893178087440e+01,2.270323372659117378e-01,-1.034306283931567316e+00
1.132600484723180045e+01,2.817598686025550303e-01,-1.304432004311337101e+00
1.141932366353134043e+01,3.628453334907982275e-01,-1.702464002014752564e+00
1.147673984819518012e+01,4.587667420001040886e-01,-2.177483070535377152e+00
1.143168356263513274e+01,5.509827695533334735e-01,-2.642025788756586113e+00
1.125649563391514008e+01,6.192766289594754392e-01,-2.997197015243847851e+00
1.096843014922235326e+01,6.479167688375573331e-01,-3.162996909748963414e+00
1.061983170316222136e+01,6.306477350553636452e-01,-3.104042549531248696e+00
1.027650807210503991e+01,5.728687303001702702e-01,-2.842157401990774268e+00
9.992298549564219812e+00,4.902492369692849072e-01,-2.451447811664000831e+00
9.789011901049073927e+00,4.041784484359353113e-01,-2.037129438813213955e+00
9.648896768215710296e+00,3.354695785643047601e-01,-1.704645309182276858e+00
9.522319860029970329e+00,2.983026362308291435e-01,-1.528781674098512511e+00
9.347916045008856756e+00,2.963042495331763004e-01,-1.532487901188059887e+00
9.078006845538842740e+00,3.219599378471323936e-01,-1.681942118336861025e+00
8.700105865321129173e+00,3.594672475797475730e-01,-1.899125652553002253e+00
8.246538853756337772e+00,3.900282292134191753e-01,-2.087525566564204738e+00
7.788211603690520235e+00,3.978133486146283038e-01,-2.162438738393737125e+00
7.414010728050361543e+00,3.746558961835929069e-01,-2.076057772463047346e+00
7.202366462010222570e+00,3.220064752878700198e-01,-1.829475102943763698e+00
7.194412202227367104e+00,2.496261190674483599e-01,-1.468257524083364851e+00
7.377923093201145477e+00,1.716002533804577568e-01,-1.063780639885974821e+00
7.687847241701300405e+00,1.011414085867791968e-01,-6.872049793654008143e-01
8.023853368333007552e+00,4.602038448595609232e-02,-3.852575027821658060e-01
8.279693760582423678e+00,6.203712553823188813e-03,-1.661148845686984399e-01
8.375200472217301240e+00,-2.552439063170404421e-02,-1.951402515290216363e-16
8.280737491184449794e+00,-6.023677622310626145e-02,1.661148845686980513e-01
8.026274012613971109e+00,-1.080699419546019419e-01,3.852575027821651399e-01
7.692165077930669170e+00,-1.737179746498540012e-01,6.872049793654000371e-01
7.384607024087738836e+00,-2.538770050179572357e-01,1.063780639885973711e+00
7.203637536329843272e+00,-3.376285860349086954e-01,1.468257524083363519e+00
7.213861393096887120e+00,-4.097233775811449097e-01,1.829475102943763254e+00
7.427054983743154537e+00,-4.556989121150235578e-01,2.076057772463046902e+00
7.801798606999268415e+00,-4.670910041896453868e-01,2.162438738393737125e+00
8.259655163724529459e+00,-4.449133194441506900e-01,2.087525566564205626e+00
8.712038423717734403e+00,-4.001205336840333304e-01,1.899125652553002475e+00
9.088574799544300475e+00,-3.507615748996099625e-01,1.681942118336861469e+00
9.357544950473029033e+00,-3.166404932815908291e-01,1.532487901188060331e+00
9.531925478582548905e+00,-3.131597376801086297e-01,1.528781674098512289e+00
9.659607370576313912e+00,-3.463324636032761861e-01,1.704645309182275525e+00
9.801811562807847267e+00,-4.106063071146589527e-01,2.037129438813215732e+00
1.000770145043578019e+01,-4.902492369692844632e-01,2.451447811663998610e+00
1.029436587373391454e+01,-5.639007257273596085e-01,2.842157401990774268e+00
1.063933497770229408e+01,-6.108671641706147071e-01,3.104042549531248696e+00
1.098830384493233936e+01,-6.171779349228920797e-01,3.162996909748963414e+00
1.127532757816404008e+01,-5.795035716865492015e-01,2.997197015243847407e+00
1.144828390025223364e+01,-5.057406253549965314e-01,2.642025788756587001e+00
1.149042137783059658e+01,-4.121548487139951589e-01,2.177483070535378928e+00
1.143002056033479974e+01,-3.180842575730831179e-01,1.702464002014752564e+00
1.133420083523550481e+01,-2.399700183232195139e-01,1.304432004311338433e+00
1.128835766982719591e+01,-1.866561484341356381e-01,1.034306283931568649e+00
1.136775903503611929e+01,-1.574285051756941223e-01,8.944277609793619410e-01
1.161073539898888285e+01,-1.433145762942678869e-01,8.429514737519215872e-01
1.200264530710563449e+01,-1.310619231798431650e-01,8.124762857769627367e-01
1.247642986969853673e+01,-1.083274469598547174e-01,7.360304942646844761e-01
1.293017974200983922e+01,-6.823785046077308902e-02,5.712499831843619313e-01
1.325651327488952624e+01,-1.174353253055884783e-02,3.144529237642309516e-01
1.340018794540337588e+01,4.211178714031512116e-01,6.283185307179586787e-02
1.327805789593282171e+01,4.808044850628531153e-01,-2.545827257051751502e-01
1.294632841510977528e+01,5.222567305415737327e-01,-5.137984120192262694e-01
1.248690482203927488e+01,5.411071582270206015e-01,-6.801308979414459888e-01
1.200810550625561035e+01,5.415036011127295490e-01,-7.572966893154677859e-01
1.161235906976657262e+01,5.352232616464736026e-01,-7.880589059246341233e-01
1.136669419919357971e+01,5.379019957033204236e-01,-8.400200193139026883e-01
1.128524370312446834e+01,5.636000919476993332e-01,-9.812159793047491307e-01
1.132893219174900246e+01,6.195429329510802052e-01,-1.253885861730321682e+00
1.142183281517261761e+01,7.028715166490204780e-01,-1.655666698678472715e+00
1.147826167252622120e+01,8.006065938837554352e-01,-2.135159704310542139e+00
1.143132395705743498e+01,8.929768492140827130e-01,-2.604077688799216528e+00
1.125342391979742374e+01,9.591365927706848593e-01,-2.962594073063085975e+00
1.096222557761462646e+01,9.834796443016995404e-01,-3.129955543408536212e+00
1.061065947059072023e+01,9.605214759027105309e-01,-3.070445925270584908e+00
1.026505967914962092e+01,8.967554223401998925e-01,-2.806094228999410856e+00
9.979517631536195310e+00,8.088520857102390327e-01,-2.411704765059554667e+00
9.775705674479324259e+00,7.187478550820928236e-01,-1.993484160767778235e+00
9.635377305397259562e+00,6.471705507440641547e-01,-1.657868550349860026e+00
9.508212823288996418e+00,6.076468753131172296e-01,-1.480348554720391174e+00
9.332218962210992785e+00,6.028647647443108326e-01,-1.484089688675827245e+00
9.059393066823121288e+00,6.244830957943472427e-01,-1.634951530934597885e+00
8.677383245430448255e+00,6.563526289222370025e-01,-1.854180594558116901e+00
8.219113955126179150e+00,6.800108430995746023e-01,-2.044354941266753212e+00
7.756401366516307405e+00,6.806032171622911076e-01,-2.119973678076294110e+00
7.379088144120329318e+00,6.512952839039316544e-01,-2.032779138470755420e+00
7.166310821540507803e+00,5.947946989014319952e-01,-1.783874045644051165e+00
7.159430483761743957e+00,5.216065346749082510e-01,-1.419254361818892196e+00
7.345885217260463840e+00,4.457550727986910877e-01,-1.010967937620154578e+00
7.659808688338861415e+00,3.795459872428562087e-01,-6.308455230121778889e-01
7.999813423609472451e+00,3.292326691281518558e-01,-3.260541731810752131e-01
8.258664269702929772e+00,2.930969418224743661e-01,-1.048475740512673782e-01
8.355562253927732996e+00,2.625841223337167518e-01,6.283185307179567358e-02
8.260771391528560770e+00,2.260472381534111008e-01,2.305112801948587253e-01
8.004700309542112535e+00,1.737294373443395434e-01,4.517178793246662272e-01
7.668525695333530123e+00,1.021663270998824646e-01,7.565092291557685700e-01
7.359378983395920670e+00,1.637647220890747768e-02,1.136631643763745370e+00
7.178054928420494640e+00,-7.103290371899922961e-02,1.544918067962482544e+00
7.189517212279493918e+00,-1.436446278380022479e-01,1.909537751787642401e+00
7.405422368503576713e+00,-1.866733232134875076e-01,2.158442844614346878e+00
7.783831309799785103e+00,-1.922317307008000187e-01,2.245637384219886012e+00
8.245593645337518041e+00,-1.625865617214147796e-01,2.170018647410346002e+00
8.701473134319703817e+00,-1.102000648030168062e-01,1.979844300701709026e+00
9.080728042049445392e+00,-5.440682376830674460e-02,1.760615237078190010e+00
9.351658151615927395e+00,-1.570027184390548891e-02,1.609753394819419370e+00
9.527605000218130726e+00,-9.422200038815997658e-03,1.606012260863982855e+00
9.657000264382931576e+00,-4.088316062737096246e-02,1.783532256493450374e+00
9.801546103609474869e+00,-1.035079323062051970e-01,2.119147866911372358e+00
1.001061357577843580e+01,-1.806369041476727499e-01,2.537368471203144349e+00
1.030111166756212704e+01,-2.504374501052916147e-01,2.931757935143002758e+00
1.065003340039110569e+01,-2.923772854732573645e-01,3.196109631414176810e+00
1.100234732733165188e+01,-2.932151326622769449e-01,3.255619249552128114e+00
1.129144254325152552e+01,-2.506356213910851949e-01,3.088257779206677434e+00
1.146483733075555556e+01,-1.734359932117964798e-01,2.729741394942809318e+00
1.150588244904351853e+01,-7.830076594058188455e-02,2.260823410454135374e+00
1.144342810487414930e+01,1.569825617500736348e-02,1.781330404822064395e+00
1.134547855454769660e+01,9.302913153825800863e-02,1.379549567873914917e+00
1.129836359512523103e+01,1.461183592256602715e-01,1.106879685448342476e+00
1.137803977043184744e+01,1.768800651113726363e-01,9.656837254574944795e-01
1.162305167839645215e+01,1.949789381518361175e-01,9.137226120682253594e-01
1.201841154547066104e+01,2.135601158499301766e-01,8.829603954590603543e-01
1.249624116732116974e+01,2.440198342344985505e-01,8.057946040850381131e-01
1.295357456472836510e+01,2.916805109997985812e-01,6.394621181628191708e-01
1.328204664516813338e+01,3.538804263850000575e-01,3.802464318487664974e-01
1.341205744222006224e+01,8.438151311641127750e-01,1.256637061435917357e-01
1.328695694170655628e+01,9.001566844418659175e-01,-1.947110958099944056e-01
1.295098476185995118e+01,9.314578195191836052e-01,-4.563442397131885486e-01
1.248690774666852832e+01,9.359092323586941653e-01,-6.242279501624863336e-01
1.200386901933086747e+01,9.211294664771781937e-01,-7.021133933084819922e-01
1.160482804122450418e+01,9.022470589180526801e-01,-7.331624997855346049e-01
1.135690951412337490e+01,8.971609561632787333e-01,-7.856082049434935932e-01
1.127392524798746010e+01,9.205036334639399298e-01,-9.281209650473651873e-01
1.131622582392033927e+01,9.783254247766344225e-01,-1.203333779522975266e+00
1.140730475033786817e+01,1.065334926887097300e+00,-1.608861643309138723e+00
1.146113319863491853e+01,1.165721813303316701e+00,-2.092826423091487698e+00
1.141085263815699236e+01,1.257419414605488672e+00,-2.566117558589683156e+00
1.122928458996118195e+01,1.318523127794149152e+00,-2.927977483386515534e+00
1.093474378256311752e+01,1.333849015820648853e+00,-3.096899774615800904e+00
1.058080190693990374e+01,1.299542227159514507e+00,-3.036835167001556091e+00
1.023417277840247586e+01,1.224256455375630770e+00,-2.770018114472661885e+00
9.948896824883053824e+00,1.126524368993734537e+00,-2.371950555984451814e+00
9.746142252061558153e+00,1.029163105159941249e+00,-1.949829606817110372e+00
9.606844328596837457e+00,9.525049878734805908e-01,-1.611084029551982155e+00
9.479810284420851829e+00,9.086008129844124204e-01,-1.431908474157742361e+00
9.302414359208203365e+00,8.981968298232999581e-01,-1.435684498103059425e+00
9.026494574374190449e+00,9.113564180137917470e-01,-1.587953284944028987e+00
8.640101986261552014e+00,9.313961718091068320e-01,-1.809226889047152564e+00
8.177037039419639441e+00,9.407344099701258067e-01,-2.001174810589350539e+00
7.710220841224161958e+00,9.266623136756642065e-01,-2.077498771267790367e+00
7.330505865583448077e+00,8.851334256462959349e-01,-1.989491051316190751e+00
7.117641421137030022e+00,8.213882253618456364e-01,-1.738264657976440697e+00
7.113020679103949639e+00,7.473358234949192269e-01,-1.370244513961746291e+00
7.303526207745097309e+00,6.767260489468392981e-01,-9.581503915146569739e-01
7.622320069663963693e+00,6.198850039367405085e-01,-5.744829375262925364e-01
7.966921486711873612e+00,5.799069267900930358e-01,-2.668490893408979048e-01
8.229203105579882660e+00,5.516587219619971671e-01,-4.357950714305539042e-02
8.327923874905476254e+00,5.239485595034031329e-01,1.256637061435915415e-01
8.233454552596008114e+00,4.840839067128870910e-01,2.949069194302385011e-01
7.976781541485987503e+00,4.231858440199824378e-01,5.181765016280807101e-01
7.639907991219426542e+00,3.403329960630531170e-01,8.258103498134752307e-01
7.330751986091191164e+00,2.439846941157122195e-01,1.209477803801839224e+00
7.150598401809981297e+00,1.500550248135891218e-01,1.621571926248928097e+00
7.164463934891164953e+00,7.716568079423580251e-02,1.989592070263623835e+00
7.383639271689450112e+00,4.060211958713588754e-02,2.240818463603373889e+00
7.765565031154920916e+00,4.699160497379850643e-02,2.328826183554974172e+00
8.230463945527997538e+00,9.153805496178424317e-02,2.252502222876535232e+00
8.688707095368753741e+00,1.588400854636869974e-01,2.060554301334336369e+00
9.069541215371256015e+00,2.271496523081793506e-01,1.839280697231213013e+00
9.341635956548316244e+00,2.747873920528245972e-01,1.687011910390243230e+00
9.518937026756599806e+00,2.866990523344896125e-01,1.683235886444925500e+00
9.650472021756847596e+00,2.590626625072903755e-01,1.862411441839163961e+00
9.798279349207241751e+00,2.004676765489292745e-01,2.201157019104295731e+00
1.001163774368237824e+01,1.292860215925333844e-01,2.623277968271633398e+00
1.030691328950973151e+01,6.807913961564648897e-02,3.021345526759845690e+00
1.066024495305459929e+01,3.683116815622200502e-02,3.288162579288739895e+00
1.101569567202731648e+01,4.715557853629392948e-02,3.348227186902984709e+00
1.130599309408036746e+01,9.927636916592430527e-02,3.179304895673698894e+00
1.147847109802768628e+01,1.826547719176377371e-01,2.817444970876868293e+00
1.151686242438687735e+01,2.799311354749204339e-01,2.344153835378673278e+00
1.145087661640043031e+01,3.727799478248202125e-01,1.860189055596322083e+00
1.134961069227133734e+01,4.476881376651890010e-01,1.454661191810160181e+00
1.130039667693855598e+01,4.997523189195507420e-01,1.179448377334549880e+00
1.137980097412365055e+01,5.333116186473517706e-01,1.036935617230677176e+00
1.162640204729340709e+01,5.593380519940288620e-01,9.844899120727177433e-01
1.202466306129650242e+01,5.906176339691419086e-01,9.534408055956662409e-01
1.250574527984168682e+01,6.364952165901194281e-01,8.755553624496701381e-01
1.296560499919013409e+01,6.990758016466297464e-01,7.076716520003731858e-01
1.329500486557515160e+01,7.722385976124905849e-01,4.460385080971775440e-01
1.341050306707521855e+01,1.267665769953729038e+00,1.884955592153876036e-01
1.328252518420772788e+01,1.320533088510380093e+00,-1.348336202631469638e-01
1.294262984532700145e+01,1.341456825038327860e+00,-3.988794479211678068e-01
1.247436327817648660e+01,1.331235635289781838e+00,-5.683113196426126112e-01
1.198757922014291744e+01,1.301014406770513832e+00,-6.469149934401704494e-01
1.158565573282923467e+01,1.269317510323745068e+00,-6.782504232540965683e-01
1.133573568559535794e+01,1.256327917444522546e+00,-7.311797632411803916e-01
1.125128752207060145e+01,1.277243591955945501e+00,-8.750067231288733982e-01
1.129212413803243287e+01,1.336910745613112850e+00,-1.152757448041592081e+00
1.138123936657945379e+01,1.427566527190542445e+00,-1.562024939286608349e+00
1.143235508861833161e+01,1.530535536837873023e+00,-2.050452662657332503e+00
1.137872904644622807e+01,1.621439160147763126e+00,-2.528108313357555925e+00
1.119364005094238124e+01,1.677320137145484225e+00,-2.893305176086086838e+00
1.089604393884383349e+01,1.683442656137382087e+00,-3.063785205994030925e+00
1.054010194161890368e+01,1.637616482232163717e+00,-3.003166704859764113e+00
1.019283553611618487e+01,1.550685656487184483e+00,-2.733889164494568202e+00
9.908169086119995583e+00,1.443057623859850480e+00,-2.332150774714266905e+00
9.706732148320957876e+00,1.338419610918572644e+00,-1.906137182812773334e+00
9.568649134387168687e+00,1.256676953573736544e+00,-1.564267819550603011e+00
9.441898671750012184e+00,1.208362742286034575e+00,-1.383439973680804513e+00
9.263285019148316479e+00,1.192244473650857950e+00,-1.387250818717573608e+00
8.984541045300186823e+00,1.196772088977635429e+00,-1.540923771800241981e+00
8.594142439204869532e+00,1.204737856009898245e+00,-1.764237878960535522e+00
8.126741854920062735e+00,1.199478205471613101e+00,-1.957955872998782043e+00
7.656299412094042189e+00,1.170485080939112077e+00,-2.034983664916971247e+00
7.274588423197856812e+00,1.116556786649186783e+00,-1.946164370433724367e+00
7.061887775657020860e+00,1.045507604506946686e+00,-1.692621260530652538e+00
7.059574215990574331e+00,9.706627167732757577e-01,-1.321207371328835256e+00
7.253980005405377796e+00,9.054760728302262418e-01,-9.053130698224158834e-01
7.577356794721704425e+00,8.582450655678245388e-01,-5.181075769614388316e-01
7.926231711838988225e+00,8.288422428824413490e-01,-2.076368435982766381e-01
8.191696860731651597e+00,8.086620477203841917e-01,1.769164782597090757e-02
8.292157258120525398e+00,7.838396414076760355e-01,1.884955592153874093e-01
8.198127545688352669e+00,7.406325068277641588e-01,3.592994706048038833e-01
7.941145905916359382e+00,6.710665498266566997e-01,5.846279620290512069e-01
7.603960062300342493e+00,5.768118913719464391e-01,8.950986953922133171e-01
7.295161373203374211e+00,4.698227072104113056e-01,1.282304188253190258e+00
7.116413803828847584e+00,3.693626855637421880e-01,1.698198489759609187e+00
7.132710917446551946e+00,2.962770244124079966e-01,2.069612378961427357e+00
7.354957340897705365e+00,2.663424455688218062e-01,2.323155488864498519e+00
7.740012333430879465e+00,2.848948765254668558e-01,2.411974783347746065e+00
8.207554717009385215e+00,3.445674233120606944e-01,2.334946991429557972e+00
8.667661912167618610e+00,4.269830715664374443e-01,2.141228997391310784e+00
9.049652849739111105e+00,5.079611469870790597e-01,1.917914890231017688e+00
9.322611110955710600e+00,5.646399780512876276e-01,1.764241937148349315e+00
9.501081287078143589e+00,5.822760692945969652e-01,1.760431092111579554e+00
9.634639830974847996e+00,5.585683038309745552e-01,1.941258937981376720e+00
9.785594061695206847e+00,5.041477103533298365e-01,2.283128301243550595e+00
1.000307020594160434e+01,4.391086425104363533e-01,2.709141893145039504e+00
1.030286191272304031e+01,3.867281718583314154e-01,3.110880282925342577e+00
1.066026648786085751e+01,3.664083656082794960e-01,3.380157823290538932e+00
1.101849074244260684e+01,3.880907785877834026e-01,3.440776324424805743e+00
1.130966836356615879e+01,4.498688016364950637e-01,3.270296294516861213e+00
1.148100787316960059e+01,5.394421921924815733e-01,2.905099431788331632e+00
1.151665041026588199e+01,6.387841806930676380e-01,2.427443781088109098e+00
1.144714561980599576e+01,7.303511948981568080e-01,1.939016057717383390e+00
1.134262166743170752e+01,8.027026846717624231e-01,1.529748566472368676e+00
1.129132787051962872e+01,8.536609502143071015e-01,1.251997841559650215e+00
1.137036101831205137e+01,8.900301585228882484e-01,1.108170881671955765e+00
1.161828830140104074e+01,9.241009940374818044e-01,1.055241541684871276e+00
1.201903202488216849e+01,9.682784881858694792e-01,1.023906111870946489e+00
1.250285669247485565e+01,1.029806797423738152e+00,9.453024380733883181e-01
1.296474423130100462e+01,1.107511057975669511e+00,7.758705663519442908e-01
1.329469837200900173e+01,1.191754213025710163e+00,5.118247386939218657e-01
1.339543338545835027e+01,1.692236773601196731e+00,2.513274122871834715e-01
1.326467758299267352e+01,1.741502898575590264e+00,-7.494738345070184327e-02
1.292119173345295380e+01,1.751833202116042987e+00,-3.413987400016533780e-01
1.244921627779155671e+01,1.726681376328597972e+00,-5.123741818920505287e-01
1.195919779202521482e+01,1.680770317308722728e+00,-5.916939564138183894e-01
1.155481749880503450e+01,1.636060700100440801e+00,-6.233148604670398774e-01
1.130315678637814614e+01,1.615037540849975084e+00,-6.767264010544966624e-01
1.121731836449073860e+01,1.633456601517196738e+00,-8.218636634402859409e-01
1.125661541411501076e+01,1.694932023647344854e+00,-1.102144772565988085e+00
1.134362462388216741e+01,1.789193241456392025e+00,-1.515140801329886155e+00
1.139191677124549251e+01,1.894669265683383230e+00,-2.008018233340575165e+00
1.133494751877291229e+01,1.984656001141234860e+00,-2.490025456185764430e+00
1.114649321992359887e+01,2.035151492849241350e+00,-2.858549361089863350e+00
1.084614004529698406e+01,2.031893860993581047e+00,-3.030582510171280664e+00
1.048858510475255912e+01,1.974390751844042224e+00,-2.969411758099296250e+00
1.014108336388022380e+01,1.875703973339129638e+00,-2.697681026523653269e+00
9.857376748030505453e+00,1.758125962419880617e+00,-2.292282691374825099e+00
9.657521670439939143e+00,1.646201841394535403e+00,-1.862388000449008096e+00
9.520840429711610042e+00,1.559378382677800934e+00,-1.517404114839603135e+00
9.394529761246195321e+00,1.506630473975252071e+00,-1.334928878394674445e+00
9.214888727423222292e+00,1.484711886820536897e+00,-1.338774441260253134e+00
8.933600605518170923e+00,1.480443170164609912e+00,-1.493847396501565949e+00
8.539587265404119165e+00,1.476103107829968231e+00,-1.719195955566431344e+00
8.068327985233956667e+00,1.455983000681901007e+00,-1.914678772915361371e+00
7.594752927033257883e+00,1.411828601355414436e+00,-1.992408308847690712e+00
7.211463875876294338e+00,1.345336795985982103e+00,-1.902779846573291689e+00
6.999183419228733882e+00,1.266933759134808213e+00,-1.646926890376169350e+00
6.999222286798456594e+00,1.191370949409088942e+00,-1.272129320206410785e+00
7.197368579889760198e+00,1.131784960898158277e+00,-8.524461091476137620e-01
7.525027476020676787e+00,1.094397232446562285e+00,-4.617130695390136985e-01
7.877838999848728818e+00,1.075799442983957244e+00,-1.484138638377777153e-01
8.146230073668240479e+00,1.063859876690108175e+00,7.896743107641379655e-02
8.248342463512319256e+00,1.042007976626153631e+00,2.513274122871832494e-01
8.154872468727985435e+00,9.954482754770842545e-01,4.236873934979527023e-01
7.897882643423590032e+00,9.171376667494550716e-01,6.510686884121439366e-01
7.560780424554576662e+00,8.113835029905025475e-01,9.643678941133795313e-01
7.252713485138152727e+00,6.936849248720786676e-01,1.355100933721979484e+00
7.075610754969247296e+00,5.866939604901773020e-01,1.774784144780776174e+00
7.094364815120246526e+00,5.134954294107496597e-01,2.149581714950535627e+00
7.319474133253670800e+00,4.903475709463400722e-01,2.405434671147657522e+00
7.707257293623987593e+00,5.212648387962144358e-01,2.495063133422057433e+00
8.176934873114030111e+00,5.962709589068502236e-01,2.417333597489729424e+00
8.638392343588849442e+00,6.939803791340365402e-01,2.221850780140798509e+00
9.021106359695657773e+00,7.877638009328640223e-01,1.996502221075933559e+00
9.294618884661890235e+00,8.535827051576845292e-01,1.841429265834620299e+00
9.474067096036879576e+00,8.770276391555098527e-01,1.837583702969041166e+00
9.609527354046800696e+00,8.573490888898520623e-01,2.020058939413968524e+00
9.763506618409957483e+00,8.072445911201560076e-01,2.365042825023377038e+00
9.984917278259052509e+00,7.485387088662048827e-01,2.794937515949189599e+00
1.028895119134045366e+01,7.052095936544102717e-01,3.200335851098019990e+00
1.065007792982333612e+01,6.960434104956522150e-01,3.472066582673662971e+00
1.101070006613904084e+01,7.292671650800960359e-01,3.533237334745647384e+00
1.130242723357251755e+01,8.008066748270455948e-01,3.361204185664230071e+00
1.147240317594506465e+01,8.965824361248978525e-01,2.992680280760132039e+00
1.150520384350474679e+01,9.979097497835814901e-01,2.510673057914944106e+00
1.143219806219027923e+01,1.088062282073907205e+00,2.017795625904252876e+00
1.132448059512574901e+01,1.157723799831931411e+00,1.604799597140356582e+00
1.127112981878468467e+01,1.207495079693495343e+00,1.324518488014654327e+00
1.134969083468366868e+01,1.246682619153161475e+00,1.179381225628863827e+00
1.159867341015983300e+01,1.288905415286704326e+00,1.125969685041406265e+00
1.200146818252387071e+01,1.346165722410872068e+00,1.094348780988186220e+00
1.248750945256617229e+01,1.423559685668562169e+00,1.015029006466417805e+00
1.295091193610288371e+01,1.516573573552214338e+00,8.440535645760215422e-01
1.328103750403116656e+01,1.612000788775601601e+00,5.776022080250684532e-01
1.336677140886228443e+01,2.117088608538671757e+00,3.141592653589793116e-01
1.323334351462517944e+01,2.162629147419635522e+00,-1.504947840503995105e-02
1.288661256389396037e+01,2.162161030396887895e+00,-2.838968350204322810e-01
1.241142510967057788e+01,2.121837136785771349e+00,-4.564097326591880499e-01
1.191869928771381382e+01,2.060005831452003555e+00,-5.364427712728547792e-01
1.151230102443936687e+01,2.002100322899126539e+00,-5.683480187391851679e-01
1.125916890075935051e+01,1.972922648346840280e+00,-6.222398498244874343e-01
1.117201757515033300e+01,1.988777672214735226e+00,-7.686822243122775067e-01
1.120970007536538127e+01,2.052020739939814042e+00,-1.051483694243116940e+00
1.129446093393034900e+01,2.149840250125142127e+00,-1.468193490969546877e+00
1.133982041925204953e+01,2.257742761501655870e+00,-1.965503005346584064e+00
1.127951527931915621e+01,2.346688340197335521e+00,-2.451844562803341177e+00
1.108785981293602063e+01,2.391640037800080165e+00,-2.823682330737930624e+00
1.078505856794705409e+01,2.378835577286259273e+00,-2.997262446746521647e+00
1.042628887673469507e+01,2.309511949827068644e+00,-2.935541631324124712e+00
1.007896302372953024e+01,2.198973441309716836e+00,-2.661367426167437600e+00
9.796572919881448627e+00,2.071405103470618236e+00,-2.252323643497852856e+00
9.598567431516585202e+00,1.952196206483651553e+00,-1.818563227433706242e+00
9.463476882206759200e+00,1.860303368323900530e+00,-1.470477156784409933e+00
9.337765033123982761e+00,1.803104207736744069e+00,-1.286361055440385481e+00
9.157292729836102652e+00,1.775306034172507541e+00,-1.290241198609825224e+00
8.873750527972042335e+00,1.762086133089125983e+00,-1.446708610293622410e+00
8.476527837789896935e+00,1.745221655959371621e+00,-1.674083562352054244e+00
8.001903171197684017e+00,1.709994920239874761e+00,-1.871324212158765210e+00
7.525704779404047251e+00,1.650456341390588388e+00,-1.949752712343008287e+00
7.141267262825532924e+00,1.571252067630525939e+00,-1.859318287568867856e+00
6.929668458608951198e+00,1.485455195593961886e+00,-1.601164634886387272e+00
6.932102484544107490e+00,1.409251758189221437e+00,-1.222996787252466966e+00
7.133820379739191253e+00,1.355439516049621762e+00,-7.995396753445320748e-01
7.465447473568673331e+00,1.328118765003116319e+00,-4.052930623760516715e-01
7.821845337636857742e+00,1.320544729483937418e+00,-8.917658853714777178e-02
8.092894631498140257e+00,1.317009919349573011e+00,1.402493782613201401e-01
8.196566960105386102e+00,1.298208670558874678e+00,3.141592653589790896e-01
8.103778621815770578e+00,1.248291108995931431e+00,4.880691524566380668e-01
7.847087741055205790e+00,1.161170466667311718e+00,7.174951192551057844e-01
7.510473735730910150e+00,1.043834134076143449e+00,1.033611593094009073e+00
7.203520203536815103e+00,9.153721479748007095e-01,1.427858206062489588e+00
7.028303982184745280e+00,8.018594067466557895e-01,1.851315317970424035e+00
7.049537243146133392e+00,7.286334756600744145e-01,2.229483165604345452e+00
7.277292356260087303e+00,7.124234279243005785e-01,2.487636818286825591e+00
7.667389628129393842e+00,7.558934131444303706e-01,2.578071243060966911e+00
8.138679644379363864e+00,8.464222555171181384e-01,2.499642742876724721e+00
8.600960186329984936e+00,9.595867268898222724e-01,2.302402093070013311e+00
8.983952824282345873e+00,1.066296217839277416e+00,2.075027141011581477e+00
9.257702657108556110e+00,1.141342703767637135e+00,1.918559729327784291e+00
9.437932125205223954e+00,1.170674078388211692e+00,1.914679586158343882e+00
9.575166711136324338e+00,1.155121541746061187e+00,2.098795687502367002e+00
9.732041907000036574e+00,1.109471534729556730e+00,2.446881758151667086e+00
9.957193892021308557e+00,1.057284197333999476e+00,2.880642174215809259e+00
1.026518362475973767e+01,1.023222839491547242e+00,3.289685956885396223e+00
1.062966841820279562e+01,1.025424061828944300e+00,3.563860162042083335e+00
1.099230084987611633e+01,1.070359305851935394e+00,3.625580977464480270e+00
1.128423874296773377e+01,1.151752270862106409e+00,3.452000861455888803e+00
1.145262308466974943e+01,1.253728671962971220e+00,3.080163093521300688e+00
1.148249098557753811e+01,1.356956257264563703e+00,2.593821536064544908e+00
1.140600784173546067e+01,1.445560792013303120e+00,2.096512021687505278e+00
1.129516758384177777e+01,1.512400128841472569e+00,1.679802224961076673e+00
1.123978621375850651e+01,1.560903327554916675e+00,1.397000755030237462e+00
1.131777257806132297e+01,1.602913592015984712e+00,1.250558380542446280e+00
1.156753193106382938e+01,1.653386102542040215e+00,1.196666549457143347e+00
1.197193343377279007e+01,1.723898661139711352e+00,1.164761301990814291e+00
1.245965046162417700e+01,1.817354247843002035e+00,1.084728263377147117e+00
1.292404135483022998e+01,1.925844944930551250e+00,9.122153657383921255e-01
1.325394674103975490e+01,2.032545495437408700e+00,6.433680091229982967e-01
1.332445503329282843e+01,2.541775736603145042e+00,3.769911184307752072e-01
1.318846719060385730e+01,2.583469215466378088e+00,4.486299032632090622e-02
1.283884891297600106e+01,2.572009517079783425e+00,-2.263684729622311154e-01
1.236096194424759531e+01,2.516289749149327459e+00,-4.004111946455470306e-01
1.186607136542836471e+01,2.438326772322959357e+00,-4.811539568132567335e-01
1.145810650694412480e+01,2.367058111880819382e+00,-5.133421362538899135e-01
1.120378027075047456e+01,2.329614636922455517e+00,-5.677118737457746978e-01
1.111539704802639505e+01,2.342840603373913311e+00,-7.154528819513927829e-01
1.115139082435862505e+01,2.407807152076711255e+00,-1.000762201987695610e+00
1.123376130457732458e+01,2.509131430874106172e+00,-1.421167332079696921e+00
1.127608109611884224e+01,2.619374504082608190e+00,-1.922886928619261138e+00
1.121245257448009980e+01,2.707153535176688219e+00,-2.413541305689217431e+00
1.101776845095127655e+01,2.746408052770245689e+00,-2.788676487126495296e+00
1.071283850379848346e+01,2.723900856761382272e+00,-2.963795891146372430e+00
1.035326270396729065e+01,2.642627823389411379e+00,-2.901527742806985000e+00
1.000653259901000602e+01,2.520157584944552553e+00,-2.624922193112075419e+00
9.725821423236684637e+00,2.382572745194444508e+00,-2.212251058386088598e+00
9.529936262931387958e+00,2.256091405275053585e+00,-1.774644106073604011e+00
9.396627016973727820e+00,2.159148492173386114e+00,-1.423471249173862141e+00
9.271675553025565009e+00,2.097486849542490539e+00,-1.237722427942328007e+00
9.090573589341500949e+00,2.063736961368938250e+00,-1.241636979764095594e+00
8.805077049813345269e+00,2.041421153235833508e+00,-1.399491926014063248e+00
8.405064002777798748e+00,2.011827807932449197e+00,-1.628883212349820031e+00
7.927583006854503900e+00,1.961265695794826014e+00,-1.827872968992999780e+00
7.449285538980875643e+00,1.886138378518272152e+00,-1.906996963873597739e+00
7.064140183195995348e+00,1.794088601604339805e+00,-1.815760577278810572e+00
6.853489126195693615e+00,1.700868184768862701e+00,-1.555317648429328958e+00
6.858358359135617199e+00,1.624104052099479834e+00,-1.173796252891985636e+00
7.063469919184209189e+00,1.576233698005497175e+00,-7.465839732226617897e-01
7.398738529563249955e+00,1.559193302899374967e+00,-3.488412277547521811e-01
7.758359483470622209e+00,1.562849873165184089e+00,-2.992147028210501158e-02
8.031789493692691906e+00,1.567874840444979601e+00,2.015390189506780227e-01
8.136925365135876831e+00,1.552201528090702443e+00,3.769911184307749852e-01
8.044942235144137754e+00,1.498925755161576889e+00,5.524432179108720309e-01
7.788863627271346957e+00,1.402941551377121954e+00,7.839037071436547599e-01
7.453150447202107287e+00,1.273956041636079783e+00,1.102823464616301541e+00
7.147698564641257413e+00,1.134691675731163141e+00,1.500566210084211205e+00
6.974612911811925997e+00,1.014676344830088839e+00,1.927778489753534608e+00
6.998344375521213578e+00,9.415103751165631030e-01,2.309299885290879040e+00
7.228519499296240269e+00,9.323820496690270465e-01,2.569742814140360210e+00
7.620504377705251464e+00,9.885777933800844464e-01,2.660979200735148265e+00
8.092870326660872138e+00,1.094799221739672923e+00,2.581855205854551194e+00
8.555434084042310872e+00,1.223560236836964910e+00,2.382865449211371001e+00
8.938250846226726054e+00,1.343299664243103875e+00,2.153474162875614439e+00
9.211913812369266097e+00,1.427649236484175743e+00,1.995619216625646342e+00
9.392722322237943899e+00,1.462937463430562302e+00,1.991704664803878311e+00
9.531598419905561670e+00,1.451603619804325174e+00,2.177453486035410890e+00
9.691233288669987900e+00,1.410542785265781474e+00,2.528626342935156757e+00
9.919923591337088453e+00,1.365053546520047956e+00,2.966233295247636903e+00
1.023157059948636594e+01,1.340467073720838842e+00,3.378904429973625057e+00
1.059903639976991663e+01,1.354236990583395084e+00,3.655509979668535525e+00
1.096328012240280181e+01,1.411039915686419066e+00,3.717778128007922955e+00
1.125508226857156657e+01,1.502365454469885897e+00,3.542658723988045821e+00
1.142164443707444832e+01,1.610531387782119017e+00,3.167523542550768845e+00
1.144849112376937939e+01,1.715569487913697344e+00,2.676869165480813884e+00
1.136855999469491962e+01,1.802491950784089969e+00,2.175149568941247225e+00
1.125467390424786274e+01,1.866378286474562387e+00,1.754744438849247468e+00
1.119729195569514779e+01,1.913532463016002660e+00,1.469435118812944419e+00
1.127459979494725495e+01,1.958365689955847699e+00,1.321694110607325223e+00
1.152485021157457723e+01,2.017175359324380857e+00,1.267324373115439995e+00
1.193040208780764999e+01,2.101093315705104381e+00,1.235136193674807981e+00
1.241923979705157244e+01,2.210786546037789790e+00,1.154393431507098056e+00
1.288407967813274979e+01,2.334901542613883496e+00,9.803507098237826956e-01
1.321336512805034857e+01,2.452949656580799775e+00,7.091192465352291752e-01
1.326843745728556456e+01,2.965847158367834968e+00,4.398229715025711029e-01
1.313000805462913689e+01,3.003575374224441763e+00,1.047929038232632282e-01
1.277787214459984533e+01,2.980943524071844486e+00,-1.688084199217176895e-01
1.229781304271647002e+01,2.909622696377100137e+00,-3.443718241941613467e-01
1.180131500749135043e+01,2.815336620415744839e+00,-4.258200689665957439e-01
1.139224682007424150e+01,2.730554279229616466e+00,-4.582894897230257447e-01
1.113701142674793054e+01,2.684743903181496805e+00,-5.131342778943051020e-01
1.104748088892825386e+01,2.695278406310162023e+00,-6.621661598388851599e-01
1.108171276310449826e+01,2.761920727490040584e+00,-9.499683443357002099e-01
1.116155146715302848e+01,2.866689809553609969e+00,-1.374046726348423508e+00
1.120072688466026278e+01,2.979182159459927259e+00,-1.880150052628034807e+00
1.113379278887523860e+01,3.065668376894775005e+00,-2.375091478080555429e+00
1.093626074704524775e+01,3.099077731420189608e+00,-2.753504369343694247e+00
1.062953142634477999e+01,3.066723315069342259e+00,-2.930153863367541245e+00
1.026956799754946736e+01,2.973387385710135167e+00,-2.867341652696095089e+00
9.923861449772756416e+00,2.838921818874636127e+00,-2.588319286949305020e+00
9.645196713914751641e+00,2.691308935062765695e+00,-2.172042475389815319e+00
9.451705114252535012e+00,2.557578770054962369e+00,-1.730611971785862568e+00
9.320369101932223899e+00,2.455613149270476914e+00,-1.376370773710478890e+00
9.196341842508999775e+00,2.389484322647581482e+00,-1.188998988900428877e+00
9.014817032650613626e+00,2.349718093566282029e+00,-1.192947743765805590e+00
8.727675180058755089e+00,2.318172393619939431e+00,-1.352181933376531475e+00
8.325303833285325084e+00,2.275660712748380554e+00,-1.583577505394875740e+00
7.845490627889148527e+00,2.209552901503196054e+00,-1.784305917095936334e+00
7.365632576720665625e+00,2.118651606126471076e+00,-1.864121250748035141e+00
6.980230370912410720e+00,2.013639959842744354e+00,-1.772087694451189854e+00
6.770797329346228466e+00,1.912976916072723244e+00,-1.509369168992253485e+00
6.778138970595955826e+00,1.835734555797676082e+00,-1.124514264659127072e+00
6.986457362034514951e+00,1.793968768711071915e+00,-6.935692562133780603e-01
7.325028399835964876e+00,1.787411022136202288e+00,-2.923512693671733720e-01
7.687496648520259157e+00,1.802492385930563046e+00,2.935502073279017132e-02
7.963020411606053450e+00,1.816222443906290618e+00,2.628378751219153653e-01
8.069519178918023172e+00,1.803751240734635886e+00,4.398229715025708808e-01
7.978466193251260385e+00,1.747121989029478462e+00,6.168080678832263963e-01
7.723318864455943178e+00,1.642233004261831386e+00,8.502909222723513682e-01
7.388926454994215298e+00,1.501547556071419098e+00,1.171997212372314578e+00
7.085370373500879282e+00,1.351457392947707614e+00,1.573215199218519267e+00
6.914661264638458427e+00,1.224968921797527921e+00,2.004160207664267723e+00
6.940906546462925597e+00,1.151952025814103608e+00,2.389015111997395469e+00
7.173267467615430881e+00,1.150041632695785188e+00,2.651733637456331394e+00
7.566701593871584031e+00,1.219120532470931551e+00,2.743767193753177569e+00
8.039594029060298297e+00,1.341184202388179036e+00,2.663951860101080094e+00
8.501889334472087612e+00,1.485662593071370274e+00,2.463223448400018611e+00
8.884066407534605858e+00,1.618518261148257364e+00,2.231827876381674347e+00
9.157311629430006761e+00,1.712233913023074150e+00,2.072593686770948018e+00
9.338491824930075680e+00,1.753541858118742081e+00,2.068644931905570861e+00
9.478871329450955230e+00,1.746514945494489490e+00,2.256016716715619541e+00
9.641122556142995847e+00,1.710173847669918423e+00,2.610257914791007217e+00
9.873138524860197052e+00,1.671555892868085591e+00,3.051688418394955526e+00
1.018813242552811005e+01,1.656641436120370292e+00,3.467965229954447448e+00
1.055818971595823186e+01,1.682168042624208493e+00,3.746987595701237517e+00
1.092363487011078682e+01,1.750980142474743317e+00,3.809799806372683673e+00
1.121494769773796207e+01,1.852303984163829575e+00,3.633150312348836231e+00
1.137945502161310785e+01,1.966638724775628511e+00,3.254737421085698301e+00
1.140319476182219738e+01,2.073392945861032732e+00,2.759795995633179455e+00
1.131985087122039957e+01,2.158498985738745990e+00,2.253692669353565492e+00
1.120300214642451131e+01,2.219303218602639127e+00,1.829614287340843859e+00
1.114365330031301227e+01,2.265027770509616900e+00,1.541812102844029031e+00
1.122017757967497431e+01,2.312679922891022866e+00,1.392780220899447530e+00
1.147062657776352168e+01,2.379903400311851769e+00,1.337935432728167617e+00
1.187686110520921901e+01,2.477362807475503637e+00,1.305466011971738727e+00
1.236625101760441225e+01,2.603448796976405966e+00,1.224017767199303997e+00
1.283098841126073353e+01,2.743315006983202409e+00,1.048454362926861005e+00
1.315924668192475799e+01,2.872769275024669611e+00,7.748530391818786445e-01
1.319868757760943367e+01,3.388846984057731326e+00,5.026548245743669430e-01
1.305794115746718020e+01,3.422495356049232829e+00,1.647431259497917355e-01
1.270366873754304216e+01,3.388524118446233580e+00,-1.112114732687337071e-01
1.222197902135218506e+01,3.301416630452344236e+00,-2.882849179447515287e-01
1.172444472045508235e+01,3.190636996324402119e+00,-3.704337081464357251e-01
1.131474766169073476e+01,3.092207968382830074e+00,-4.031824020089326277e-01
1.105889530197341308e+01,3.037940277525385646e+00,-4.584989163147518143e-01
1.096830551709686041e+01,3.045723735848475222e+00,-6.088126380828966511e-01
1.100070349630922451e+01,3.113990585748030782e+00,-8.990902412390162635e-01
1.107786998593105210e+01,3.222138020606204911e+00,-1.326816168671443696e+00
1.111379899672932581e+01,3.336783057656595552e+00,-1.837272546056623712e+00
1.104358254184124100e+01,3.421849575728711290e+00,-2.336471017861903476e+00
1.084339137409232201e+01,3.449271662439985953e+00,-2.718138680570199028e+00
1.053520151241460034e+01,3.406937595346714698e+00,-2.896307556576598330e+00
1.017527811473009969e+01,3.301441350098533789e+00,-2.832955091081860388e+00
9.831030152690880541e+00,3.154933847531645519e+00,-2.551532822875189233e+00
9.554783790227057594e+00,2.997296436373202422e+00,-2.131675568072810556e+00
9.363960940913209186e+00,2.856352605495552144e+00,-1.686448271517761777e+00
9.234791022056111132e+00,2.749399867122971575e+00,-1.329160205423834284e+00
9.111853739204105906e+00,2.678805871844812003e+00,-1.140176815013371536e+00
8.930117787160343212e+00,2.632966525840335414e+00,-1.144159533559363950e+00
8.641648498337278994e+00,2.592068277664262510e+00,-1.304763314178757572e+00
8.237363373897121477e+00,2.536464609391957392e+00,-1.538149145296962894e+00
7.755756393606789700e+00,2.454620171377904558e+00,-1.740604044434685305e+00
7.274889684688556457e+00,2.347779916271379275e+00,-1.821105878665528754e+00
6.889691266231528388e+00,2.229707416745867476e+00,-1.728280731495466904e+00
6.681750197654245937e+00,2.121593624481626250e+00,-1.463302534723739168e+00
6.691598440902694733e+00,2.043957926324077690e+00,-1.075137450473191647e+00
6.902928104189959058e+00,2.008453412854122710e+00,-6.404858359886245189e-01
7.244450483394310858e+00,2.012568770223630565e+00,-2.358169285289285488e-01
7.609378175735875161e+00,2.039255674710005017e+00,8.865639322064372552e-02
7.886699644749041838e+00,2.061825841309471219e+00,3.241474596578919343e-01
7.994456516389992551e+00,2.052627558266348906e+00,5.026548245743667209e-01
7.904459756601849740e+00,1.992654772567991284e+00,6.811621894908415076e-01
7.650567840101655470e+00,1.878832523724427883e+00,9.166532559280895498e-01
7.317922751283038707e+00,1.726413179828520494e+00,1.241126577677661214e+00
7.016661820468790722e+00,1.565489834012532278e+00,1.645795485137357295e+00
6.848576654650085693e+00,1.432568149951785497e+00,2.080447099621923979e+00
6.877347856133621207e+00,1.359791041678068080e+00,2.468612183872472610e+00
7.111652220227721699e+00,1.365226577095782101e+00,2.733590380644200124e+00
7.506086027920733983e+00,1.447329610381943965e+00,2.826415527814262418e+00
7.978943422596021406e+00,1.585364084909064664e+00,2.745913693583419857e+00
8.440407695298253188e+00,1.745659189380815102e+00,2.543458794445697002e+00
8.821472721971245434e+00,1.891699167522567837e+00,2.310072963327491902e+00
9.093963168077545234e+00,1.994830899199804053e+00,2.149469182708098280e+00
9.275302870213701922e+00,2.042213536700694831e+00,2.145486464162105200e+00
9.417042548998127316e+00,2.039577034765494901e+00,2.334469854572566838e+00
9.581759886419558114e+00,2.008081718673446314e+00,2.691757920666497661e+00
9.816879432345563927e+00,1.976501306923894141e+00,3.136985217221542221e+00
1.013489836711189263e+01,1.971445290575110532e+00,3.556842472023923563e+00
1.050714568348341516e+01,2.008902507913626234e+00,3.838264740230593830e+00
1.087337216493067160e+01,2.089849862712780837e+00,3.901617205725332660e+00
1.116383559180250629e+01,2.201223835109665572e+00,3.723448329718932470e+00
1.132605375836197226e+01,2.321696823461251391e+00,3.341780667010637806e+00
1.134660379920511808e+01,2.430068216620650645e+00,2.842582195205359596e+00
1.125988829921866952e+01,2.513223495462876045e+00,2.332125817820177360e+00
1.114016636479992428e+01,2.570818575165854103e+00,1.904399890387751704e+00
1.107888799343774622e+01,2.615033426239359304e+00,1.614122287231632091e+00
1.115452271742443990e+01,2.665496084462088966e+00,1.463808565463486033e+00
1.140487150880530365e+01,2.741198758774569644e+00,1.408492051157665959e+00
1.181131032404393544e+01,2.852317807407536598e+00,1.375743357295170277e+00
1.230067145122780303e+01,2.994929851457215353e+00,1.293594567093486081e+00
1.276474371961710830e+01,3.150652768398288117e+00,1.116521122417468703e+00
1.309156077628096426e+01,3.291555585888783053e+00,8.405665231989418729e-01
1.311519036088722956e+01,3.810315030989301022e+00,5.654866776461627831e-01
1.297225750771941399e+01,3.839772949156901038e+00,2.247165005277460548e-01
1.261624058965581874e+01,3.794309145183199838e+00,-5.357246678266114337e-02
1.213347509442044903e+01,3.691249909266550056e+00,-2.321438194491307616e-01
1.163548871574533550e+01,3.563828157753243353e+00,-3.149875265508286226e-01
1.122564768349010045e+01,3.451637717226352375e+00,-3.480132497008241454e-01
1.096947733004915193e+01,3.388833467211434414e+00,-4.037977000595858179e-01
1.087791975005054823e+01,3.393809329931092744e+00,-5.553829627147505166e-01
1.090841321723506141e+01,3.463645949076998853e+00,-8.481160957896124453e-01
1.098276834911491839e+01,3.575098776165706482e+00,-1.279460262453770092e+00
1.101535186338890426e+01,3.691794679192476281e+00,-1.794234716374148331e+00
1.094188176380018973e+01,3.775314256217003894e+00,-2.297656031311589242e+00
1.073922811249410181e+01,3.796613317914406149e+00,-2.682552315017878275e+00
1.042992555002157928e+01,3.744179835464237271e+00,-2.862228365538829866e+00
1.007047832297648782e+01,3.626442564943267222e+00,-2.798339985895851978e+00
9.728130425525153058e+00,3.467864062991638630e+00,-2.514537097235284069e+00
9.454678087659345920e+00,3.300221090858389328e+00,-2.091128166245839193e+00
9.266800579915400959e+00,3.152110522557722394e+00,-1.642134582056316461e+00
9.139990142806132312e+00,3.040214618600548313e+00,-1.281824127991824991e+00
9.018310247012351510e+00,2.965164360622396966e+00,-1.091242080419208893e+00
8.836579408676783487e+00,2.913203305047401326e+00,-1.095258489764771248e+00
8.547108945350043285e+00,2.862841751121110612e+00,-1.257220857419768745e+00
8.141366379014870702e+00,2.793989061044452438e+00,-1.492580956909664636e+00
7.658517563545778728e+00,2.696237398362147708e+00,-1.696748472028170251e+00
7.177206692479259686e+00,2.573314360245580801e+00,-1.777931291151813031e+00
6.792681585565260249e+00,2.442100084475799626e+00,-1.684320913141998943e+00
6.586509629828043444e+00,2.326538690745784788e+00,-1.417101200376915227e+00
6.598895506074589079e+00,2.248596843226187136e+00,-1.025652531835244741e+00
6.813032356286710112e+00,2.219503833677994198e+00,-5.873240920221233230e-01
7.157143451391456246e+00,2.234470179564317593e+00,-1.792319903557508809e-01
7.524131217205281885e+00,2.272929176655173578e+00,1.479861313395520184e-01
7.802945674804727005e+00,2.304463603958228468e+00,3.854692748538668945e-01
7.911851836268267490e+00,2.298605444919659568e+00,5.654866776461625610e-01
7.823038281467482591e+00,2.235304398200889331e+00,7.455040804384582831e-01
7.570730457769281330e+00,2.112533538578253545e+00,9.829872239527728262e-01
7.240265077625774204e+00,1.948363665456338767e+00,1.310205345648075337e+00
6.941703101404941734e+00,1.776616224024193835e+00,1.718297447314447890e+00
6.776490192954308434e+00,1.637311921489699618e+00,2.156625887127568753e+00
6.807795782108703619e+00,1.564866758691489501e+00,2.548074555669240571e+00
7.043793413018661909e+00,1.577767505112530166e+00,2.815294268434323399e+00
7.438766823684009211e+00,1.673018483482266117e+00,2.908904646444138375e+00
7.911016490516251665e+00,1.827130391145022514e+00,2.827721827320496484e+00
8.371077189331302293e+00,2.003319265830309170e+00,2.623554312201989980e+00
8.750550084902400272e+00,2.162592755758580676e+00,2.388194212712094977e+00
9.021943150727661731e+00,2.275177120012391363e+00,2.226231845057097480e+00
9.203225698331749527e+00,2.328681202406055029e+00,2.222215435711534237e+00
9.346177371517391919e+00,2.330513522355530664e+00,2.412797483284149003e+00
9.513203788402517347e+00,2.303985115981343146e+00,2.773107937348643581e+00
9.751195625879514495e+00,2.279601029926197064e+00,3.222101521538162316e+00
1.007190666749233721e+01,2.284578476818087012e+00,3.645510452527608969e+00
1.044593116800071364e+01,2.334125395895200406e+00,3.929313341188177322e+00
1.081250928385197341e+01,2.427317986153619156e+00,3.993201720831155210e+00
1.110175733962771716e+01,2.548779533418066290e+00,3.813525670310203175e+00
1.126145086866501543e+01,2.675350182466304627e+00,3.428629386603915474e+00
1.127873169816212595e+01,2.785235341663638842e+00,2.925208071666475895e+00
1.118869173544359441e+01,2.866305831358234357e+00,2.410433617746095436e+00
1.106619221006275389e+01,2.920567093639951928e+00,1.979089451081939455e+00
1.100302539236437127e+01,2.963192884618214507e+00,1.686356318007077526e+00
1.107766381337524741e+01,3.016453149112571896e+00,1.534771055351911606e+00
1.132760779646771176e+01,3.100688706437666475e+00,1.478986604993149268e+00
1.173376266919218480e+01,3.225566991290646612e+00,1.445960881843155077e+00
1.222250246395119078e+01,3.384815693400267111e+00,1.363117174741456772e+00
1.268533675312142250e+01,3.556478590573355802e+00,1.184545822074988042e+00
1.301029250336446275e+01,3.708855635443129017e+00,9.062568547645791783e-01
1.301794718942074169e+01,4.229787446362606396e+00,6.283185307179586232e-01
1.287296439686426375e+01,4.254948616716349719e+00,2.847158485302914155e-01
1.251560529750274853e+01,4.197853821078343373e+00,4.113724249140027212e-03
1.203233129447470695e+01,4.078699150814123264e+00,-1.759419257403165293e-01
1.153448906987390643e+01,3.934509509908978409e+00,-2.594742354137105078e-01
1.112499860215989678e+01,3.808461931453511085e+00,-2.927744706381752993e-01
1.086881552509834137e+01,3.737053507547695830e+00,-3.490226051718923195e-01
1.077638487111679133e+01,3.739168456575361343e+00,-5.018678549201918138e-01
1.080490477558749873e+01,3.810516600336568693e+00,-7.970342058616630698e-01
1.087631104074442945e+01,3.925195342991575131e+00,-1.231963734804289778e+00
1.090545320494368120e+01,4.043835149444248600e+00,-1.751017029269284375e+00
1.082876375194489604e+01,4.125680458705086373e+00,-2.258622816681948642e+00
1.062385187749410775e+01,4.140727546972305717e+00,-2.646718384679934033e+00
1.031379292692912841e+01,4.078088138058881817e+00,-2.827887914848157269e+00
9.955265746550509220e+00,3.948046448665915698e+00,-2.763468490614555240e+00
9.615265036197310877e+00,3.777385940278650711e+00,-2.477306612891045479e+00
9.344985360184912437e+00,3.599772176813033298e+00,-2.050378277845955388e+00
9.160330613834696933e+00,3.444553766651087034e+00,-1.597652628209766945e+00
9.036073163091165483e+00,3.327767128265560981e+00,-1.234347248954721143e+00
8.915819376739797519e+00,3.248276560891197651e+00,-1.042181070339821991e+00
8.734314100414039217e+00,3.190153702832851934e+00,-1.046230864355157220e+00
8.444176605672929270e+00,3.130230532804501031e+00,-1.209539474311314589e+00
8.037444044831683954e+00,3.047989174825212810e+00,-1.446855903080204175e+00
7.553917969811806188e+00,2.934180915066091799e+00,-1.652720472578407485e+00
7.072739081466306033e+00,2.795053287010112353e+00,-1.734578088859032530e+00
6.689364891093784848e+00,2.650635013155658193e+00,-1.640189614970965604e+00
6.485241841793150996e+00,2.527640715014793038e+00,-1.370748753637627049e+00
6.500193070114477223e+00,2.449482072375013253e+00,-9.760463369323946203e-01
6.716924727971276710e+00,2.426943824362051583e+00,-5.340744810836737244e-01
7.063250876834645808e+00,2.452925759282071461e+00,-1.225902898968341814e-01
7.431888411111858161e+00,2.503308475798347921e+00,2.073476912541583062e-01
7.711882918359433070e+00,2.543919898718601136e+00,4.468048109349147534e-01
7.821825668725620240e+00,2.541465220269076841e+00,6.283185307179584012e-01
7.734322939062803215e+00,2.474856616425968436e+00,8.098322505010020489e-01
7.483931828900740157e+00,2.343135305651179223e+00,1.049289370181758274e+00
7.156083581167296259e+00,2.167216073446014857e+00,1.379227351332750207e+00
6.860628042968393459e+00,1.984670497557919022e+00,1.790711542519589861e+00
6.698536098337714684e+00,1.839044999698870475e+00,2.232683398368310534e+00
6.732380798021841528e+00,1.767025218035076506e+00,2.627385815073544073e+00
6.969814048412953156e+00,1.787501258659779824e+00,2.896826676406881962e+00
7.364857215162242454e+00,1.896006116023766230e+00,2.991215150294950220e+00
7.835916281125932414e+00,2.066279354823373993e+00,2.909357534014325619e+00
8.293991909715913380e+00,2.258416034573555997e+00,2.703492964516121422e+00
8.671385720950855358e+00,2.430952779217474102e+00,2.466176535747232723e+00
8.941333840515063969e+00,2.553012456853627654e+00,2.302867925791074910e+00
9.122338452419107568e+00,2.612676201560335087e+00,2.298818131775739015e+00
9.266349192414310210e+00,2.619050383811632354e+00,2.490984310390636836e+00
9.435521045451361388e+00,2.597604705676325842e+00,2.854289689645686412e+00
9.676144965718156854e+00,2.580567710685915284e+00,3.307015339281870414e+00
9.999204567615594286e+00,2.595741565161813647e+00,3.733943674326962281e+00
1.037458265036965877e+01,2.657521716922423671e+00,4.020105552050472042e+00
1.074107381944967621e+01,2.763052769398841590e+00,4.084524976284074071e+00
1.102873530048643502e+01,2.894624501553655804e+00,3.903355446115851279e+00
1.118566803269293430e+01,3.027242029499476850e+00,3.515259878117866776e+00
1.119960363770543310e+01,3.138533205080430211e+00,3.007654090705203398e+00
1.110629240304765908e+01,3.217385490373792400e+00,2.488600796240207025e+00
1.098111704734680139e+01,3.268190992494714120e+00,2.053671267297581426e+00
1.091610657327076694e+01,3.309149274069965063e+00,1.758504916356110614e+00
1.098964140729522043e+01,3.365189679045688109e+00,1.605659666607809566e+00
1.123887068877056983e+01,3.457999685148040570e+00,1.549411532074092213e+00
1.164424434388905283e+01,3.596717509954401315e+00,1.516111296849628642e+00
1.213175970856592301e+01,3.772689957638146296e+00,1.432578987176234220e+00
1.259277394787829785e+01,3.960353136231480331e+00,1.252523337186778551e+00
1.291544301121496297e+01,4.124212884647189270e+00,9.719212129056254978e-01
1.290697617957303933e+01,4.646797354125530966e+00,6.911503837897545743e-01
1.276008569700261219e+01,4.667560138741782438e+00,3.447439652979585878e-01
1.240179641006327316e+01,4.598711348610091676e+00,6.185217797385966776e-02
1.191859266889458091e+01,4.463339803606970690e+00,-1.196726938488630321e-01
1.142150186331983797e+01,4.302280128313434204e+00,-2.038866121980330570e-01
1.101286529126165981e+01,4.162299367237787706e+00,-2.374585713736626635e-01
1.075698054379864566e+01,4.082231220439743957e+00,-2.941656806040486849e-01
1.066377467912667321e+01,4.081435367407111769e+00,-4.482581201964566109e-01
1.069025372689975484e+01,4.154233347632927398e+00,-7.458329756601358440e-01
1.075857559296686716e+01,4.272052026355131815e+00,-1.184311451608269783e+00
1.078418408027540742e+01,4.392523739908604341e+00,-1.707600127928270428e+00
1.070431520473317200e+01,4.472567647052974493e+00,-2.219347887590084945e+00
1.049735672567977396e+01,4.481241073751401238e+00,-2.610610245866130885e+00
1.018690559968762699e+01,4.408303042448288522e+00,-2.793258086930242357e+00
9.829749295523825481e+00,4.265911423885212272e+00,-2.728313011740528093e+00
9.492547696562413151e+00,4.083176429461748747e+00,-2.439816104382433348e+00
9.225821548423423835e+00,3.895642762196030784e+00,-2.009404110640018004e+00
9.044667223419857294e+00,3.733387539609993588e+00,-1.552984300842990439e+00
8.923155958104274532e+00,3.611771171770265632e+00,-1.186714414806981033e+00
8.804497977563768174e+00,3.527863434970487599e+00,-9.929801946157532644e-01
8.623442523758066969e+00,3.463547479526707384e+00,-9.970630342244253264e-01
8.332979483537675591e+00,3.393977353935921926e+00,-1.161704213168681221e+00
7.925734735971268208e+00,3.298225806955345618e+00,-1.400957101463058851e+00
7.442107686215434725e+00,3.168233656171098200e+00,-1.608501488952091663e+00
6.961647598198723585e+00,3.012802459621336748e+00,-1.691027048710556091e+00
6.579909161673808349e+00,2.855137266219820447e+00,-1.595868381792427737e+00
6.378116917618272375e+00,2.724736564213328549e+00,-1.324228931321407732e+00
6.395657762390850820e+00,2.646452503848728988e+00,-9.263058136367825490e-01
6.614763815268323910e+00,2.630604815333289714e+00,-4.807275466571689915e-01
6.962920866318979662e+00,2.667752965807306698e+00,-6.588571821889632751e-02
7.332787559390947507e+00,2.730195401420164814e+00,2.667444977248348836e-01
7.613641439304915437e+00,2.779984607798746676e+00,5.081555445852528052e-01
7.724504342490394748e+00,2.780992684980913676e+00,6.911503837897543523e-01
7.638440434873981388e+00,2.711102747735901985e+00,8.741452229942558994e-01
7.390301966539052358e+00,2.570442989926736033e+00,1.115556269854673488e+00
7.065512475027439621e+00,2.382793810304529192e+00,1.448186485798404366e+00
6.773573734340208929e+00,2.189493295649539206e+00,1.863028314236677030e+00
6.614851315867590564e+00,2.037618987377761925e+00,2.308606581216290365e+00
6.651236000772173362e+00,1.966119126910078396e+00,2.706529698900916436e+00
6.889840132845415965e+00,1.994270876453038133e+00,2.978169149371935998e+00
7.284474230086880553e+00,2.116116994262501994e+00,3.073327816290065240e+00
7.753750663965137235e+00,2.302611985199042532e+00,2.990802256531601699e+00
8.209251825755503162e+00,2.510726795168625625e+00,2.783257869042568444e+00
8.584073629907271297e+00,2.696536532001800879e+00,2.544004980748191258e+00
8.852224915955394735e+00,2.828079938904341617e+00,2.379363801803934919e+00
9.032727073712942811e+00,2.893932733243722577e+00,2.375280962195262191e+00
9.177639423442132127e+00,2.904916154239800097e+00,2.569015182386488405e+00
9.348786652921374341e+00,2.888663327817868165e+00,2.935285068422501364e+00
9.591793830661083931e+00,2.879115642709797918e+00,3.391704878219524932e+00
9.916848318397468276e+00,2.904636114132307600e+00,3.822116871961942497e+00
1.029314628509451879e+01,2.978776769570091520e+00,4.110613779320036798e+00
1.065910378080483412e+01,3.096722138170949989e+00,4.175558854509751505e+00
1.094480293553408501e+01,3.238411414501794372e+00,3.992911013445639590e+00
1.109873853409855826e+01,3.377014704063714401e+00,3.601648655169594981e+00
1.110925665374242399e+01,3.489599931826839807e+00,3.089900895507781797e+00
1.101273341483862289e+01,3.566101518348045119e+00,2.566612219187779154e+00
1.088499006000473202e+01,3.613332374094274435e+00,2.128133743239646325e+00
1.081818442403829472e+01,3.652545801629330402e+00,1.830558887775967314e+00
1.089050807288773015e+01,3.711344240455570542e+00,1.676466448183557834e+00
1.113870801701611235e+01,3.812757749666871643e+00,1.619759338953171257e+00
1.154279500248233781e+01,3.965375473642804405e+00,1.586187379777542983e+00
1.202847335185299826e+01,4.158134465508809718e+00,1.501973461428372625e+00
1.248707730369661562e+01,4.361834553946127180e+00,1.320448589605650813e+00
1.280702981452318312e+01,4.537167836165655999e+00,1.037556802281550228e+00
1.278231247113176039e+01,5.060875524525475733e+00,7.539822368615504145e-01
1.263366212980962899e+01,5.077143275408873002e+00,4.048036177799804736e-01
1.227486365517087563e+01,4.996433548470283093e+00,1.196479209617200556e-01
1.179231945157909678e+01,4.844746732143875967e+00,-6.332964725997980437e-02
1.129659729723026729e+01,4.666739293017847068e+00,-1.482175077235343696e-01
1.088932585318640456e+01,4.512769622324389829e+00,-1.820581345682901198e-01
1.063405572885669415e+01,4.423998679468099660e+00,-2.392190560644454900e-01
1.054017551978823164e+01,4.420245756960404115e+00,-3.945446574261349815e-01
1.056454836292611965e+01,4.494428494719880263e+00,-6.945009271644396742e-01
1.062965261816400186e+01,4.615294659957665857e+00,-1.136488432462892995e+00
1.065163891497427073e+01,4.737481375383053361e+00,-1.663964852137743033e+00
1.056863623473540770e+01,4.815597221387938554e+00,-2.179807996196089892e+00
1.035984984032451628e+01,4.817782998682869078e+00,-2.574201525496886855e+00
1.004937804294857528e+01,4.734467997508906123e+00,-2.758311049791128955e+00
9.694049577204014057e+00,4.579699349992084834e+00,-2.692846236033844320e+00
9.360102941003999533e+00,4.384916343882868439e+00,-2.402040562861859740e+00
9.097312634883893523e+00,4.187530052175802986e+00,-1.968184093730987350e+00
8.919936029099247321e+00,4.018321315060675580e+00,-1.508111674749023745e+00
8.801363412393286012e+00,3.891944867973953226e+00,-1.138910625951925049e+00
8.684471559744009639e+00,3.803650409544163224e+00,-9.436260011180471752e-01
8.504093601292082027e+00,3.733119138694299011e+00,-9.477415146316096051e-01
8.213653272229834101e+00,3.653830185944325848e+00,-1.113700274166195214e+00
7.806383707629505508e+00,3.544465753285103826e+00,-1.354867841180794841e+00
7.323242695285074433e+00,3.398185302571357536e+00,-1.564073152494236840e+00
6.844097868246848293e+00,3.226375149863576208e+00,-1.647259142871828175e+00
6.464486366521805749e+00,3.055439971256063370e+00,-1.551338945859364049e+00
6.265308364832614885e+00,2.917671393601080077e+00,-1.277525635423276462e+00
6.285459500007256395e+00,2.839355164355898964e+00,-8.764180423864545988e-01
6.506711792475783795e+00,2.830325897961937454e+00,-4.272739282730338983e-01
6.856305695044215831e+00,2.878776252609180020e+00,-9.112228434957070355e-03
7.226971307158434499e+00,2.953398108437037095e+00,3.261799407278590524e-01
7.508356661845957625e+00,3.012453432723578572e+00,5.695229374909321907e-01
7.620019712243985666e+00,3.016979231668147854e+00,7.539822368615501924e-01
7.535522729092126504e+00,2.943839779123616829e+00,9.384415362321681942e-01
7.289975481979044325e+00,2.794267727608642726e+00,1.181784532995240999e+00
6.968689704037837274e+00,2.594926647387040042e+00,1.517076702158056900e+00
6.680680166672644305e+00,2.390931941658785753e+00,1.935238401996133728e+00
6.525575144896667013e+00,2.232892273239539094e+00,2.384382516109553762e+00
6.564496747624460227e+00,2.162007797836879686e+00,2.785490109146377069e+00
6.804000343249999361e+00,2.197925551502920793e+00,3.059303419582464212e+00
7.197738400433060235e+00,2.333181123858488526e+00,3.155223616594928782e+00
7.664632090140461429e+00,2.535934117331752446e+00,3.072037626217339223e+00
8.116962589950214024e+00,2.760033039712205039e+00,2.862832314903895892e+00
8.488714431315836251e+00,2.959105001127882328e+00,2.621664747889296265e+00
8.754713342477277394e+00,3.100125928776590989e+00,2.455705988354710545e+00
8.934485192604803672e+00,3.172188054506469790e+00,2.451590474841147671e+00
9.080137401974944567e+00,3.187842143773693238e+00,2.646875099675024323e+00
9.253083750735621393e+00,3.176886220210948242e+00,3.016076148472127016e+00
9.498217082881131645e+00,3.174961001517756731e+00,3.476148567454085736e+00
9.824903186371223285e+00,3.210964930900886749e+00,3.910005036584959903e+00
1.020167795051010273e+01,3.297576433637775306e+00,4.200810709756945371e+00
1.056664768421380884e+01,3.427994017969089313e+00,4.266275523514229562e+00
1.085000492713408882e+01,3.579792566285870947e+00,4.082165999219987462e+00
1.100070739097061256e+01,3.724310051411666045e+00,3.687772469919192275e+00
1.100773976454681957e+01,3.838073296995547778e+00,3.171929325860846305e+00
1.090806988151157775e+01,3.912092923376765174e+00,2.644452906185993601e+00
1.077787233831330127e+01,3.955633636445108792e+00,2.202465400887542391e+00
1.070932372186160109e+01,3.993026165734700594e+00,1.902509131149237476e+00
1.078032850124969144e+01,4.054555828387243821e+00,1.747183529787546430e+00
1.102718030542684424e+01,4.164589020858347368e+00,1.690022608291390505e+00
1.142946790345343544e+01,4.331146449696035461e+00,1.656181981446636087e+00
1.191268827917899031e+01,4.540729777229759456e+00,1.571294120983081299e+00
1.236828463606522632e+01,4.760479084985790088e+00,1.388316552761382106e+00
1.268508707763963983e+01,4.947258683545395108e+00,1.103160855943120078e+00
1.264400848615533945e+01,5.471551064863785285e+00,8.168140899333462546e-01
1.249375150527317935e+01,5.483232450322418572e+00,4.648975418036472851e-01
1.213487313744316864e+01,5.390571509377515724e+00,1.775059232453567448e-01
1.165358720877225984e+01,5.222494816199882095e+00,-6.906382305071678829e-03
1.115985978714676108e+01,5.027487033144771189e+00,-9.245985322211847102e-02
1.075447167057504494e+01,4.859493634602815249e+00,-1.265658263114092241e-01
1.050013713341390797e+01,4.761989680639785227e+00,-1.841749497845175387e-01
1.040568629829646419e+01,4.755237226902262471e+00,-3.407184678588763838e-01
1.042788972259994296e+01,4.830736316304971467e+00,-6.430267114558474439e-01
1.048964582047443628e+01,4.954551100926765983e+00,-1.088479865461113194e+00
1.050792550781191004e+01,5.078331146045105271e+00,-1.620092257193557872e+00
1.042184035943439646e+01,5.154393034854710898e+00,-2.139980156145862011e+00
1.021145149527581708e+01,5.149985302076594884e+00,-2.537466147130330363e+00
9.901337178908669046e+00,5.056229834584971883e+00,-2.723019284484066382e+00
9.548298789984430712e+00,4.889075953331813551e+00,-2.657041157466973225e+00
9.218065990008165400e+00,4.682290743858366966e+00,-2.363955260774909917e+00
8.959594486554394166e+00,4.475135730599706818e+00,-1.926696898845799977e+00
8.786271921723535883e+00,4.299069146771885563e+00,-1.463017026339084703e+00
8.670829243538165088e+00,4.168010963453641082e+00,-1.090921051504532890e+00
8.555874108997878480e+00,4.075367641322674928e+00,-8.941051890238824740e-01
8.376404312585369993e+00,3.998608172138744976e+00,-8.982529725086887407e-01
8.086341117742783524e+00,3.909542456598535054e+00,-1.065513023942865178e+00
7.679542824050349381e+00,3.786481925176434338e+00,-1.308571599315687672e+00
7.197484554213694707e+00,3.623832407387243215e+00,-1.519417301155830957e+00
6.720260011776273856e+00,3.435592211377150207e+00,-1.603255557528548758e+00
6.343272043121207737e+00,3.251384346770126221e+00,-1.506583244895736806e+00
6.146992675666012040e+00,3.106298643045904750e+00,-1.230622949004528399e+00
6.169771056669553388e+00,3.028045204764459264e+00,-8.263702489354110003e-01
6.392934009982957910e+00,3.025953825180679235e+00,-3.737043707458795883e-01
6.743561446338365961e+00,3.085827099540013663e+00,4.773615832811350934e-02
7.114586824956340649e+00,3.172731140183497445e+00,3.856573721099146868e-01
7.396169085022722633e+00,3.241127982809673291e+00,6.309084348973303946e-01
7.508508887169371704e+00,3.249221941136408276e+00,8.168140899333460325e-01
7.425706759037434601e+00,3.172870445508847670e+00,1.002719744969361670e+00
7.183091285338972121e+00,3.014426672556447695e+00,1.247970807756777045e+00
6.865756616954685754e+00,2.803450721082800801e+00,1.585892021538577890e+00
6.582089881509444851e+00,2.588840396751668216e+00,2.007332550612571431e+00
6.430848877772859851e+00,2.424729957142012893e+00,2.459998428802101955e+00
6.472300304474174482e+00,2.354557067302445184e+00,2.864251128871220686e+00
6.712425703721457637e+00,2.398320569791358992e+00,3.140211424762428649e+00
7.104773480857030421e+00,2.547034011250184360e+00,3.236883737395241489e+00
7.568677357571722553e+00,2.766056449524441074e+00,3.153045481022524577e+00
8.017235346810940300e+00,3.006120548141120175e+00,2.942199779182380404e+00
8.385415208135343690e+00,3.218423011292419034e+00,2.699141203809558132e+00
8.648903241108918394e+00,3.368900302491768972e+00,2.531881152375381472e+00
8.827714015737319286e+00,3.447182681163714069e+00,2.527733368890574539e+00
8.973940295772084852e+00,3.467562649756217752e+00,2.724549231371223623e+00
9.148503551030382042e+00,3.462001240320081941e+00,3.096645206205779211e+00
9.395498027125226415e+00,3.467822082095905589e+00,3.560325078712489599e+00
9.723443452458171876e+00,3.514432334391311752e+00,3.997583440641601982e+00
1.010024329028556167e+01,3.613607468625633867e+00,4.290669337333665290e+00
1.046376463309065308e+01,3.756536672770204088e+00,4.356647464350759336e+00
1.074439728531745963e+01,3.918420246379709759e+00,4.171094326997022428e+00
1.089163147231014328e+01,4.068769827193172262e+00,3.773608336012555853e+00
1.089511408081079402e+01,4.183591145503383402e+00,3.253720437060252380e+00
1.079236900415456901e+01,4.254999098572773697e+00,2.722108045327805481e+00
1.065983695248090868e+01,4.294737893154335850e+00,2.276654891322541729e+00
1.058960119505879760e+01,4.330234976566648797e+00,1.974346647725570669e+00
1.065917956782375953e+01,4.394464299537079732e+00,1.817803129651210270e+00
1.090436086266371696e+01,4.513120148495296746e+00,1.760194006178101400e+00
1.130433004179175605e+01,4.693635972618508845e+00,1.726088033088811979e+00
1.178446427533330443e+01,4.920055759957214114e+00,1.640534562171764632e+00
1.223644980125640558e+01,5.155841688888870067e+00,1.456122256621337208e+00
1.254966586827103470e+01,5.354021981140687281e+00,1.168730638063044891e+00
1.249213415588825526e+01,5.878352129872569165e+00,8.796459430051422057e-01
1.234042892888238363e+01,5.885361452172688246e+00,5.250284393743758216e-01
1.198190750653269276e+01,5.780676253712966783e+00,2.354310934149979051e-01
1.150248695806691224e+01,5.596159562634868578e+00,4.960342551861529614e-02
1.101138803302127833e+01,5.384124680631797055e+00,-3.660666731387396400e-02
1.060840743664588715e+01,5.202094187182259688e+00,-7.097440335840021763e-02
1.035533352593860812e+01,5.095840217924525462e+00,-1.290256761984067690e-01
1.026041847278147046e+01,5.086049754311037674e+00,-2.867706639920684086e-01
1.028039158315830548e+01,5.162793537347836192e+00,-5.913991199175039348e-01
1.033867198630152728e+01,5.289451728906059635e+00,-1.040271121809215105e+00
1.035316501515634791e+01,5.414698823379868742e+00,-1.575963632596920183e+00
1.026405446963287638e+01,5.488581913288388847e+00,-2.099841665255856249e+00
1.005229499715006547e+01,5.477483348967185250e+00,-2.500378356696589144e+00
9.742922286786036778e+00,5.373239239483921459e+00,-2.687355612267384508e+00
9.392640599671732815e+00,5.193711254188006166e+00,-2.620871103876456942e+00
9.066582598904517454e+00,4.974989315204490836e+00,-2.325535776263445875e+00
8.812812685124383094e+00,4.758166294882219205e+00,-1.884921461383795682e+00
8.643818882890402122e+00,4.575349969599312061e+00,-1.417682851133608812e+00
8.531695816818636757e+00,4.439697109102569428e+00,-1.042731043927730195e+00
8.418847892966473623e+00,4.342750274169436153e+00,-8.444046219428744671e-01
8.240519483250791311e+00,4.259759295180579386e+00,-8.485842396187126546e-01
7.951193377325199485e+00,4.160873254387378317e+00,-1.017128010043743869e+00
7.545370274159155954e+00,4.024053510781264720e+00,-1.262052057215843126e+00
7.065000060779735414e+00,3.844978504047863233e+00,-1.474515997417575663e+00
6.590308262101380876e+00,3.640282131648328701e+00,-1.558997711453631974e+00
6.216444880766111680e+00,3.442819705390612217e+00,-1.461583439921773975e+00
6.023348895700603833e+00,3.290480008631702091e+00,-1.183505151900827057e+00
6.048767639516196226e+00,3.212385863393792729e+00,-7.761498169602434327e-01
6.273598599364051509e+00,3.217342989651166274e+00,-3.200097333082545514e-01
6.624847656873372514e+00,3.288744022330974293e+00,1.046653470291701860e-01
6.995785494827436501e+00,3.388015474026933482e+00,4.451801022802259755e-01
7.277223999628735562e+00,3.465815848499659513e+00,6.923134641828688762e-01
7.390113961476314053e+00,3.477523664358728617e+00,8.796459430051419837e-01
7.309134164429458735e+00,3.398003296474847001e+00,1.066978421827414980e+00
7.069792291005959406e+00,3.230743026598776879e+00,1.314111783730057548e+00
6.756857646227213188e+00,3.008208515016733919e+00,1.654626538981113004e+00
6.477947629366495264e+00,2.783079195816227536e+00,2.079301619318537853e+00
6.330815450493830099e+00,2.613003755064127631e+00,2.535441702970526290e+00
6.374785506485558528e+00,2.543639194705925366e+00,2.942797037911111246e+00
6.615249273443655653e+00,2.595317231020564996e+00,3.220875325932057720e+00
7.005706175977527650e+00,2.757516629757673421e+00,3.318289597463916607e+00
7.466007381874069537e+00,2.992794568494407059e+00,3.233807883427861185e+00
7.910186543981061469e+00,3.248779474082004626e+00,3.021343943226127315e+00
8.274289349855054709e+00,3.474259362450003330e+00,2.776419896054028946e+00
8.534905754589425797e+00,3.634156623893568749e+00,2.607876125628997510e+00
8.712522209337777213e+00,3.718660584202422292e+00,2.603696507953158878e+00
8.859153003355656253e+00,3.743815165633681996e+00,2.802022929938012830e+00
9.035145260907135878e+00,3.743739085303944947e+00,3.176974737143895666e+00
9.283728364196006666e+00,3.757419536419234873e+00,3.644213347394077651e+00
9.612552403612873775e+00,3.814744420921712731e+00,4.084827662273730731e+00
9.988917745823792771e+00,3.926557817433409259e+00,4.380162989886740910e+00
1.035052438647945294e+01,4.082019051397958620e+00,4.446647498277669364e+00
1.062804744067728357e+01,4.253947125512260286e+00,4.259670242706873111e+00
1.077157959927964193e+01,4.410036112193377100e+00,3.859133551266141104e+00
1.077145289954418672e+01,4.525791821534635773e+00,3.335255518607207037e+00
1.066571015035674463e+01,4.594460253537993033e+00,2.799563007819499738e+00
1.053096900935938507e+01,4.630289400919226139e+00,2.350691005927789234e+00
1.045910556852472695e+01,4.663818183246174698e+00,2.046062550002353930e+00
1.052715038226246413e+01,4.730710812264518061e+00,1.888317562208691180e+00
1.077033585453737707e+01,4.857978782854633693e+00,1.830266289368684074e+00
1.116746225986216601e+01,5.052450065553030001e+00,1.795898553324159153e+00
1.164387618053981654e+01,5.295692170361355977e+00,1.709688460491669559e+00
1.209164289329922326e+01,5.547476686410842461e+00,1.523860792595287617e+00
1.240083438047956754e+01,5.756993333280261638e+00,1.234263446635908368e+00
1.232677711442173951e+01,6.280806650043370354e+00,9.424777960769380458e-01
1.217378697601905557e+01,6.283064153132185581e+00,5.851989760091547144e-01
1.181606609461099922e+01,6.166299417443216413e+00,2.934282737742766045e-01
1.133912525970554519e+01,5.965317728358764171e+00,1.062060153064706691e-01
1.085129506484764583e+01,5.736255432003045662e+00,1.934893710314444792e-02
1.045125116392366138e+01,5.540196418954504765e+00,-1.527672027888482553e-02
1.019976637520624507e+01,5.425188962655868252e+00,-7.376365352768965433e-02
1.010449602824189341e+01,5.412326163109625554e+00,-2.326924783417297915e-01
1.012218043108370225e+01,5.490239815410624225e+00,-5.396070952959836076e-01
1.017686095344985553e+01,5.619629948225602689e+00,-9.918477702636713245e-01
1.018749191298592649e+01,5.746213378878789690e+00,-1.531560520519394064e+00
1.009541877518256214e+01,5.817794176711288401e+00,-2.059370127917401483e+00
9.882526605650907570e+00,5.799916394163492583e+00,-2.462912747913961198e+00
9.574284892280907400e+00,5.685151222605203003e+00,-2.651293221426635149e+00
9.227229998386363263e+00,5.493279989763802718e+00,-2.584309763285127293e+00
8.905808891993650889e+00,5.262706741945917699e+00,-2.286758017267044085e+00
8.657122345148104969e+00,5.036333383821613552e+00,-1.842837001204940872e+00
8.492729795212348165e+00,4.846887892652784302e+00,-1.372091881037063921e+00
8.384113951265598885e+00,4.706736128531754382e+00,-9.943261534877462227e-01
8.273543260204695216e+00,4.605538687474183490e+00,-7.945113408811107503e-01
8.096591567778213872e+00,4.516322672068415756e+00,-7.987223255512659881e-01
7.808367373555741509e+00,4.407587521099610051e+00,-9.685309751827556601e-01
7.404030285164902025e+00,4.256966121804333980e+00,-1.215293116599742262e+00
6.925960920261198694e+00,4.061434196701974919e+00,-1.429351545992061823e+00
6.454420588437734807e+00,3.840281063302443787e+00,-1.514467274344640568e+00
6.084186311112412149e+00,3.629603434116826399e+00,-1.416321932858893629e+00
5.894558201374767492e+00,3.470085390311902884e+00,-1.136156736236113574e+00
5.922626475326323359e+00,3.392248405815165402e+00,-7.257443005109257550e-01
6.148876087051444728e+00,3.404355380182398250e+00,-2.661809986314761511e-01
6.500326968715292253e+00,3.487372562848509272e+00,1.616811628853087601e-01
6.870722601194453105e+00,3.599078550311992863e+00,5.047513969435810655e-01
7.151671208373895361e+00,3.686330659966989831e+00,7.537394334503617621e-01
7.264981747698686654e+00,3.701693090564996957e+00,9.424777960769378238e-01
7.185951016325573981e+00,3.619052748754326476e+00,1.131216158703513885e+00
6.950225128867428381e+00,3.443046054286799773e+00,1.380204195210294138e+00
6.642139996351239972e+00,3.209048824992705384e+00,1.723274429268566443e+00
6.368400039602029494e+00,2.973515364696605268e+00,2.151136590785351466e+00
6.225619106479552300e+00,2.797591884823192210e+00,2.610699892664800181e+00
6.272092432242280857e+00,2.729132742623510577e+00,3.021112328389988555e+00
6.512605846913798402e+00,2.788782752389383113e+00,3.301277525012768610e+00
6.900665877364571266e+00,2.964475371222446309e+00,3.399422866498516882e+00
7.356746973550992053e+00,3.215968962890314309e+00,3.314307138145938580e+00
7.795937746164877780e+00,3.487804421659924881e+00,3.100248708753618132e+00
8.155456395422305604e+00,3.726386960438780260e+00,2.853486567336632085e+00
8.412838911159846944e+00,3.895652313609525130e+00,2.683677917705142857e+00
8.589025778970009739e+00,3.986369381842148396e+00,2.679466933034986731e+00
8.735888050114226644e+00,4.016340586566824911e+00,2.879281745641620649e+00
8.913116000316970045e+00,4.021833510145007118e+00,3.257047473190942011e+00
9.163008138619252563e+00,4.043476610969324092e+00,3.727792593358814077e+00
9.492322317094894046e+00,4.111609332222402102e+00,4.171713609420919511e+00
9.867786579140958025e+00,4.236116915004373595e+00,4.469265355439003606e+00
1.022700741560846538e+01,4.404111141142702301e+00,4.536248813580511019e+00
1.050103432302172735e+01,4.586026650315505826e+00,4.347868340067837067e+00
1.064063263050389097e+01,4.747751736510679166e+00,3.944325720071277797e+00
1.063684178111959255e+01,4.864314607032298454e+00,3.416516112673272154e+00
1.052818491328186035e+01,4.930117853823636764e+00,2.876803362417547749e+00
1.039136569229563989e+01,4.961933993828928635e+00,2.424562687449860920e+00
1.031793759230429508e+01,4.993423507169302944e+00,2.117648070495607548e+00
1.038434232065887741e+01,5.062938273046985849e+00,1.958719245681566079e+00
1.062520435726829149e+01,5.198794054230156725e+00,1.900232312432760473e+00
1.101895933595761079e+01,5.407195772124756772e+00,1.865606655050732643e+00
1.149101402064037813e+01,5.667219250479901049e+00,1.778749576847405978e+00
1.193395041164136572e+01,5.934938418405114824e+00,1.591527318379600597e+00
1.223867812568616387e+01,6.155708101081213357e+00,1.299756616144720933e+00
1.214804285787207405e+01,6.678443076152322355e+00,1.005309649148733886e+00
1.199393583239911010e+01,6.675875242264565301e+00,6.454117781060029202e-01
1.163746502208571698e+01,6.546993942724471438e+00,3.515022355614630944e-01
1.116362427937304069e+01,6.329547953033419994e+00,1.629075345892876392e-01
1.067970826329892020e+01,6.083484916949732479e+00,7.541374605617923166e-02
1.028313417091924897e+01,5.873428339594638281e+00,4.053426349160105246e-02
1.003356981501813827e+01,5.749677745849887778e+00,-1.838141126367731637e-02
9.938055430658074840e+00,5.733712597730012739e+00,-1.784752720949587257e-01
9.953395412562858979e+00,5.812718225095756530e+00,-4.876397426134604363e-01
1.000435555858754810e+01,5.944722692115069762e+00,-9.431955913730354357e-01
1.001105393621771356e+01,6.072507504408102719e+00,-1.486864734018546574e+00
9.916086727808117729e+00,6.141664161534427180e+00,-2.018543477198462721e+00
9.702305431884941100e+00,6.116928086430217348e+00,-2.425044287361834527e+00
9.395588637023553957e+00,5.991625586243650936e+00,-2.614805693734510772e+00
9.052233146172470768e+00,5.787462032358774877e+00,-2.547331209868843427e+00
8.735911182311705048e+00,5.545143072577275234e+00,-2.247598245298935371e+00
8.492687920479085051e+00,5.309354097870996547e+00,-1.800423043137312717e+00
8.333166242902807497e+00,5.113412484334629582e+00,-1.326227101379469975e+00
8.228242717498657655e+00,4.968866278011207172e+00,-9.456921425142514881e-01
8.120118432132748865e+00,4.863478735579495726e+00,-7.444125770301091016e-01
7.944780426651124827e+00,4.768054131402871931e+00,-7.486544305424307488e-01
7.658027144572544742e+00,4.649456232591805183e+00,-9.197078713129180905e-01
7.255692834928087365e+00,4.485011925886512429e+00,-1.168278915443297095e+00
6.780543414336499097e+00,4.273017233276375393e+00,-1.383906511286874697e+00
6.312778324035850375e+00,4.035432835213736524e+00,-1.469646184913576459e+00
5.946680107060363873e+00,3.811600952293839217e+00,-1.370781383896877426e+00
5.760803487726256833e+00,3.644992816405412395e+00,-1.088562421727004015e+00
5.791526407464656856e+00,3.567512041990092975e+00,-6.751414362934611280e-01
6.018939017839748828e+00,3.586860517183032115e+00,-2.122092817246492569e-01
6.370164789304193498e+00,3.681565260788498772e+00,2.187893456230828315e-01
6.739557027479287754e+00,3.805754285189081543e+00,5.643744738774770786e-01
7.019664750107189377e+00,3.902492131451333002e+00,8.151877301373896545e-01
7.133263513526241439e+00,3.921544801877997699e+00,1.005309649148733664e+00
7.056307550513214011e+00,3.835839124951306189e+00,1.195431568160077562e+00
6.824539862196501439e+00,3.651171082703671189e+00,1.446244824419989916e+00
6.521753341782758007e+00,3.405826707464880698e+00,1.791829952674383941e+00
6.253595302641334897e+00,3.160022319696885962e+00,2.222828580022116363e+00
6.115405074564960408e+00,2.978378933596250278e+00,2.685760734590926901e+00
6.164362092477510657e+00,2.910922439480708945e+00,3.099181720024471343e+00
6.404631667423269725e+00,2.978590156411883072e+00,3.381400682194344753e+00
6.789784411039736511e+00,3.167761984041697065e+00,3.480265483211044231e+00
7.241024622126465360e+00,3.435405025806587798e+00,3.394525809584343801e+00
7.674615452327140375e+00,3.722994513704320774e+00,3.178898213740764866e+00
8.029041876315115900e+00,3.974582940910269979e+00,2.930327169610386306e+00
8.282827486273033557e+00,4.153148812687393665e+00,2.759273728839898965e+00
8.457347945874563067e+00,4.250060527299254431e+00,2.755031875327576429e+00
8.604265480236694685e+00,4.284883411766743144e+00,2.956311440811717262e+00
8.782530715096140028e+00,4.296021543846935131e+00,3.336846399676939967e+00
9.033445680398187960e+00,4.325719384163309478e+00,3.811042341434777825e+00
9.362854437120295970e+00,4.404737525652029362e+00,4.258217543596402699e+00
9.736944885819394102e+00,4.541976001606947477e+00,4.557950508166310755e+00
1.009330494793530519e+01,4.722484328177312563e+00,4.625424992031978988e+00
1.036344842513485531e+01,4.914313446221432180e+00,4.435663585659302299e+00
1.049888353073362524e+01,5.081560712475930330e+00,4.029162775495931825e+00
1.049137860879771900e+01,5.198800168482581086e+00,3.497484032316016567e+00
1.037989715310654759e+01,5.261615067611844943e+00,2.953814889670502986e+00
1.024113628359506123e+01,5.289319523721408345e+00,2.498259040910929318e+00
1.016621005279928092e+01,5.318700880719195112e+00,2.189094570392428274e+00
1.023086903963771199e+01,5.390791788573091381e+00,2.029000709561144866e+00
1.046907839069734791e+01,5.535197059447323653e+00,1.970085034805866275e+00
1.085893004978513332e+01,5.757481697565657086e+00,1.935205552241289428e+00
1.132598311051640216e+01,6.034218335547196332e+00,1.847711763708180577e+00
1.176347539839917999e+01,6.317781919122931633e+00,1.659117062736005899e+00
1.206330009046966545e+01,6.549702125231565475e+00,1.365207520191464408e+00
1.195605486794995187e+01,7.070791138147224153e+00,1.068141502220529837e+00
1.180100339951056831e+01,7.063330972142796149e+00,7.056694303520310019e-01
1.144623727064232099e+01,6.922314781517437510e+00,4.096576742408279959e-01
1.097612182175661921e+01,6.688431400038066243e+00,2.197140332663918283e-01
1.049676935482867712e+01,6.425421772460140346e+00,1.315944378007808391e-01
1.010420104636621907e+01,6.201421347918865123e+00,9.646547670341798497e-02
9.856890588359737748e+00,6.068952042469220487e+00,3.712840246009529999e-02
9.761245561028497164e+00,6.049858998063433191e+00,-1.241105436353981961e-01
9.774188263214549366e+00,6.129875743584479508e+00,-4.354863399197370644e-01
9.821311562788086036e+00,6.264370927900039909e+00,-8.943005915108224180e-01
9.824011995125999874e+00,6.393218133124839220e+00,-1.441858374986266789e+00
9.726224920860831347e+00,6.459830742327179465e+00,-1.977339996621038765e+00
9.511803314606844140e+00,6.428166970719225048e+00,-2.386748339185661649e+00
9.207009128063464942e+00,6.292327388105642072e+00,-2.577867030522452918e+00
8.867827195495102899e+00,6.075942801945288352e+00,-2.509909929542152085e+00
8.557065777313173527e+00,5.822004079259834874e+00,-2.208033098873035449e+00
8.319682999326573736e+00,5.576951311406777911e+00,-1.757659437183625162e+00
8.165298303068945884e+00,5.374659048917498794e+00,-1.280071767707827046e+00
8.064249227759756167e+00,5.225831497708991691e+00,-8.968149994512208956e-01
7.958739288389958588e+00,5.116321978090455858e+00,-6.940957643680942812e-01
7.785253098252256976e+00,5.014715371484032680e+00,-6.983679581066097874e-01
7.500343191077027072e+00,4.886256567767954806e+00,-8.706448734900644748e-01
7.100533363873714698e+00,4.707989764790529108e+00,-1.120993843633755205e+00
6.628928072936787430e+00,4.479552561559053458e+00,-1.338163734611424349e+00
6.165565800837768506e+00,4.225588944015341575e+00,-1.424516668711191425e+00
5.804111991240841206e+00,3.988685648077622936e+00,-1.324944728606174404e+00
5.622268967702779285e+00,3.815088345814309001e+00,-1.040707170762589229e+00
5.655647504861404329e+00,3.738063821656915309e+00,-6.243291557722738805e-01
5.883961589413900128e+00,3.764735368003656824e+00,-1.580858387030761314e-01
6.234528960407782705e+00,3.871181607549427639e+00,2.759955438140846429e-01
6.602450959354134952e+00,4.007883067935791743e+00,6.240524997565619625e-01
6.881362628876165566e+00,4.114126091831772136e+00,8.766597196470655717e-01
6.995114722897337600e+00,4.136899314971651975e+00,1.068141502220529615e+00
6.920357906102267975e+00,4.048188679030697124e+00,1.259623284793993658e+00
6.692889713012079689e+00,3.854959486995920059e+00,1.512230504684496823e+00
6.395849535328505198e+00,3.598403412380341670e+00,1.860287460626973921e+00
6.133682865552515295e+00,3.342479750368472668e+00,2.294368843144134473e+00
6.000319262239431239e+00,3.155255708373538859e+00,2.760612160213332000e+00
6.051736134373445708e+00,3.088899025782580576e+00,3.176990175203648459e+00
6.291464154683607646e+00,3.164618143848860754e+00,3.461227733047234079e+00
6.673195796229619781e+00,3.367233498501149391e+00,3.560799673152251099e+00
7.118972287795097387e+00,3.650933046981974961e+00,3.474446739052484912e+00
7.546350916592052371e+00,3.954153451815751730e+00,3.257276848074814879e+00
7.895177160068402422e+00,4.218628786836456257e+00,3.006927877931124371e+00
8.145002862444888692e+00,4.406411741043855912e+00,2.834650962547669906e+00
8.317619020055433410e+00,4.509489492311232084e+00,2.830378768809153733e+00
8.464412744571200520e+00,4.549191943566666119e+00,3.033098003892278793e+00
8.643512085164569925e+00,4.566043703670104925e+00,3.416354772148888941e+00
8.895157540752299141e+00,4.603877003600649331e+00,3.893942441624682171e+00
9.224258943648687037e+00,4.693842046415669600e+00,4.344316103314095123e+00
9.596497597637961618e+00,4.843828440417985881e+00,4.646192933983211759e+00
9.949518998152534266e+00,5.036811764276098558e+00,4.714150034963513036e+00
1.021539185102330549e+01,5.238463727970062322e+00,4.523031343626721323e+00
1.034643742221838814e+01,5.411108675568115700e+00,4.113623001062099327e+00
1.033517363010612833e+01,5.528891011193357130e+00,3.578141379427328683e+00
1.022096302026220016e+01,5.588597218811422351e+00,3.030583595951882536e+00
1.008040216910739773e+01,5.612096305802432461e+00,2.571769344360798293e+00
1.000404776616099944e+01,5.639302890563403281e+00,2.260393548076459425e+00
1.006685647184254861e+01,5.713919122634471215e+00,2.099154601980965040e+00
1.030208293089724236e+01,5.866821354424189394e+00,2.039817527737641356e+00
1.068749722419310721e+01,6.102918557980257397e+00,2.004688566640279834e+00
1.114890412988775203e+01,6.396272472434930023e+00,1.916568971174668290e+00
1.158033754418203465e+01,6.695563602346270571e+00,1.726625330200232789e+00
1.187482086005049631e+01,6.938512462985224616e+00,1.430613574089028228e+00
1.175095469890037236e+01,7.457382616489264926e+00,1.130973355292325566e+00
1.159513536409882661e+01,7.444969916805561638e+00,7.659744731726667588e-01
1.124253272279789861e+01,7.291819608482864368e+00,4.678992048687865557e-01
1.077677133423160072e+01,7.041552404177395807e+00,2.766314576351210919e-01
1.030263438076423910e+01,6.761678221202606309e+00,1.878975762301746677e-01
9.914609590679145157e+00,6.523810752490950549e+00,1.525237294549832701e-01
9.669887970751481987e+00,6.382661456638372144e+00,9.277301361246381717e-02
9.574227629123372552e+00,6.360419574731199788e+00,-6.958993693330395303e-02
9.584723216891104514e+00,6.441363736271019214e+00,-3.831363488735153311e-01
9.627897554962505211e+00,6.578220162103099788e+00,-8.451490166855322173e-01
9.626540068687798879e+00,6.707986959801099047e+00,-1.396523851812034200e+00
9.526012965898802420e+00,6.771937852005187608e+00,-1.935738341592701639e+00
9.311204674384716995e+00,6.733286987360794562e+00,-2.348000689409563968e+00
9.008733767504901735e+00,6.586927400076341144e+00,-2.540451678338190966e+00
8.674200098843268592e+00,6.358413672355734292e+00,-2.472020845137608447e+00
8.369458770782827628e+00,6.093001609349550485e+00,-2.168039616558909088e+00
8.138290088304461989e+00,5.838853976555835601e+00,-1.714526378406840079e+00
7.989304328111446196e+00,5.630368894350460174e+00,-1.233609422310866899e+00
7.892308418559194294e+00,5.477381654008103062e+00,-8.476809526846482701e-01
7.789579146033561052e+00,5.363825900921067813e+00,-6.435485520611401444e-01
7.618183566060896084e+00,5.256074155520380486e+00,-6.478505274677377468e-01
7.335492220721260281e+00,5.117772065829083949e+00,-8.213283935163984140e-01
6.938732487208561395e+00,4.925705258615489690e+00,-1.073422558374996116e+00
6.471299349982056803e+00,4.680872368740211620e+00,-1.292106351110494655e+00
6.012969991752573407e+00,4.410608526659498096e+00,-1.379061255668223351e+00
5.656669255321021161e+00,4.160738794227822446e+00,-1.278795194778429734e+00
5.479139784304428495e+00,3.980265948920687080e+00,-9.925762032447351668e-01
5.515170684259666167e+00,3.903798508952070367e+00,-5.732955970803972345e-01
5.744119299032298009e+00,3.937864243094827188e+00,-1.038020754174158178e-01
6.093589437037715939e+00,4.056087983086404058e+00,3.333053093004884060e-01
6.459569595469678127e+00,4.205311743431301430e+00,6.837885870275088873e-01
6.736926548559911687e+00,4.321064501989114071e+00,9.381567440005469383e-01
6.850694782040784858e+00,4.347583110268081974e+00,1.130973355292325344e+00
6.778259870022130151e+00,4.255933609149627372e+00,1.323789966584103750e+00
6.555430795684047851e+00,4.054258662339483621e+00,1.578158123557141579e+00
6.264582327869245404e+00,3.786646301288770555e+00,1.928641401284161727e+00
6.008813141898063037e+00,3.520773486652221784e+00,2.365748786002066062e+00
5.880507965080886024e+00,3.328119070531270207e+00,2.835242307665046813e+00
5.934356562339917041e+00,3.262959085109440771e+00,3.254522913829386077e+00
6.173241647410695698e+00,3.346750952873631668e+00,3.540741905363080200e+00
6.551036016049261335e+00,3.562752140352151820e+00,3.641007966252874262e+00
6.990725201117715670e+00,3.862388195400796587e+00,3.554053061695146454e+00
7.411279973232643314e+00,4.181089568779476906e+00,3.335369268959647471e+00
7.753999294536862763e+00,4.458310439882406939e+00,3.083275104101050434e+00
7.999502887452416111e+00,4.655211050872993361e+00,2.909797238052389101e+00
8.169976270259535767e+00,4.764415946483759434e+00,2.905495262645791055e+00
8.316464584494795531e+00,4.809018483242571307e+00,3.109627663269297848e+00
8.496190427892550190e+00,4.831644207372532307e+00,3.495556132895520030e+00
8.748268421735840406e+00,4.877681923024097088e+00,3.976473088991489213e+00
9.076654913065461017e+00,4.978638801569601036e+00,4.429986327143559777e+00
9.446559474496448061e+00,5.141370039043514417e+00,4.733967555722259135e+00
9.795762385645321757e+00,5.346768739307490748e+00,4.802398388922841654e+00
1.005697834805839008e+01,5.558135717048548585e+00,4.609947399994214656e+00
1.018341161817300922e+01,5.736043332537832384e+00,4.197685052177353882e+00
1.016834947948600032e+01,5.854231940224958741e+00,3.658470562396687775e+00
1.005151095996131971e+01,5.910712245722188563e+00,3.107095727270183350e+00
9.909296824486812483e+00,5.929917568699782038e+00,2.645083059458168240e+00
9.831587553462098228e+00,5.954885224712759495e+00,2.331536647517956862e+00
9.892442802398750956e+00,6.031971156944503143e+00,2.169173696972187315e+00
1.012435590168614929e+01,6.193303451785340030e+00,2.109422981129667640e+00
1.050479774251018839e+01,6.443119736567355815e+00,2.074049134354477353e+00
1.095991317070475723e+01,6.752967047284090363e+00,1.985315252949530596e+00
1.138467326156750659e+01,7.067841958701860605e+00,1.794047505715866020e+00
1.167337870644847797e+01,7.321678137541303144e+00,1.495972237411983929e+00
1.153290202690319255e+01,7.837752123975628038e+00,1.193805208364121517e+00
1.137649523085822700e+01,7.820333739118741079e+00,8.263294002245628045e-01
1.102651816725388478e+01,7.655069541374103004e+00,5.262313575393940956e-01
1.056574188011804871e+01,7.388499124568078891e+00,3.336656445225475442e-01
1.009747363999232661e+01,7.091870652832366062e+00,2.443296043974912957e-01
9.714530734359360764e+00,6.840236293344553964e+00,2.087157064720263078e-01
9.472733672598842247e+00,6.690460206797311571e+00,1.485595151334762054e-01
9.377175066801047620e+00,6.665053283694914121e+00,-1.490524979193841304e-02
9.385176893412573662e+00,6.746838441471435743e+00,-3.305794251424674091e-01
9.424294833051828135e+00,6.885920944356229256e+00,-7.957273661141752719e-01
9.418825074754842319e+00,7.016460959403640452e+00,-1.350843896743720185e+00
9.315643346053743556e+00,7.077634999276703809e+00,-1.893717560471136485e+00
9.100706345735853020e+00,7.031947967120878218e+00,-2.308777569832610510e+00
8.800961562445396069e+00,6.875102561279208047e+00,-2.502534554163920788e+00
8.471550399698152489e+00,6.634572370301951239e+00,-2.433639341153917002e+00
8.173285821316694566e+00,6.357853928668136589e+00,-2.127595259641928749e+00
7.948700385861990014e+00,6.094797418161810754e+00,-1.671004426475254823e+00
7.805370719642390043e+00,5.880289591003054817e+00,-1.186823910460830023e+00
7.712602826355471564e+00,5.723272772702975075e+00,-7.982764841334677453e-01
7.612818533025752288e+00,5.605754127954520882e+00,-5.927588166519548452e-01
7.443752521639802389e+00,5.491904496664245627e+00,-5.970899857776117425e-01
7.163656890475893491e+00,5.343792771884941395e+00,-7.717450933504037547e-01
6.770475708179237273e+00,5.137970896309497881e+00,-1.025549999329020912e+00
6.307845303897659406e+00,4.876816104897863546e+00,-1.245717806407827810e+00
5.855180161597735022e+00,4.590358314741742163e+00,-1.333262797336248751e+00
5.504540391284315604e+00,4.327649444136690171e+00,-1.232316318978630365e+00
5.331601636753996232e+00,4.140427368193993374e+00,-9.441550111742602613e-01
5.370277346892661896e+00,4.064618437324525324e+00,-5.220291167257040676e-01
5.599588603429616285e+00,4.106138673972325570e+00,-4.934955593507295291e-02
5.947517977258963029e+00,4.236157576604806962e+00,3.907240917160509364e-01
6.311080866455835547e+00,4.397893580491847310e+00,7.435857908374066128e-01
6.586521653769309204e+00,4.523145459550018899e+00,9.996801205126228940e-01
6.700166791114193998e+00,4.553428649228483671e+00,1.193805208364121295e+00
6.630174628083589816e+00,4.458912058443918802e+00,1.387930296215619697e+00
6.412321859501094679e+00,4.248921983096509258e+00,1.644024625890835534e+00
6.128107100207046187e+00,3.970428751663585221e+00,1.996886325012190877e+00
5.879137236711581949e+00,3.694795351499371883e+00,2.436959972663315099e+00
5.756117593249713948e+00,3.496871755765156298e+00,2.909639533453945326e+00
5.812365476097914652e+00,3.433004861137367136e+00,3.331765427902502630e+00
6.050103161601937174e+00,3.524878205639355500e+00,3.619926735706872734e+00
6.423442800724858515e+00,3.754185233616248230e+00,3.720873214064492451e+00
6.856421671236635262e+00,4.069610493043711585e+00,3.633328223136071955e+00
7.269542866102714385e+00,4.403615873831832062e+00,3.413160416057263724e+00
7.605650853151168178e+00,4.693418405946073513e+00,3.159355510078647455e+00
7.846471731066463562e+00,4.899321175170566534e+00,2.984700402505855443e+00
8.014563790982846214e+00,5.014603932528089558e+00,2.980369233380197436e+00
8.160562911870371750e+00,5.064119523596905204e+00,3.185886900861708781e+00
8.340703596634522654e+00,5.092571183419783765e+00,3.574434327189075056e+00
8.592911099629247929e+00,5.146870138880800027e+00,4.058614843203494971e+00
8.920170270524101497e+00,5.258846835578623313e+00,4.515205676370171339e+00
9.287255085265222476e+00,5.434299374585028097e+00,4.821249757882160480e+00
9.632158737917754010e+00,5.652033058935860055e+00,4.890144970892164267e+00
9.888333322457306451e+00,5.872990065340886190e+00,4.696387986560853101e+00
1.000993563776322404e+01,6.056014915907962148e+00,4.281327977199381074e+00
9.991041181665782034e+00,6.174470527091729721e+00,3.738454313471965662e+00
9.871681697533571054e+00,6.227611164386540388e+00,3.183337782842417862e+00
9.727965782721160082e+00,6.242439908094295831e+00,2.718189841870711554e+00
9.648978197283859970e+00,6.265107122489470548e+00,2.402515666520183224e+00
9.707778425977725334e+00,6.344602354982361803e+00,2.239050901594766607e+00
9.936048144598771614e+00,6.514283322501093210e+00,2.178894710256216172e+00
1.031098254093199884e+01,6.777701845569803041e+00,2.143280812330752738e+00
1.075916175542955777e+01,7.103890420855725196e+00,2.053944772205696268e+00
1.117663572539881400e+01,7.434178262443831287e+00,1.861379059188850382e+00
1.145912964041021098e+01,7.698740897913829428e+00,1.561281016503679897e+00
1.130207466113933990e+01,8.211437896009515569e+00,1.256637061435917246e+00
1.114526431760124581e+01,8.188967965553409556e+00,8.867366559346575583e-01
1.079837726943758369e+01,8.011629867095416913e+00,5.846585729136913878e-01
1.034321808104261464e+01,7.728864201101700360e+00,3.908223155252343872e-01
9.881471604912150042e+00,7.415620206864726782e+00,3.008968381572515449e-01
9.504148433136110796e+00,7.150342663667952792e+00,2.650479605105713343e-01
9.265611720402969098e+00,6.992007609764595344e+00,2.044948599345184359e-01
9.170273400785630358e+00,6.963424299211371959e+00,3.995155805785310932e-02
9.175738165147716785e+00,7.045961453173747557e+00,-2.778054286118398775e-01
9.210697262909167904e+00,7.187129369019146452e+00,-7.460224055459159231e-01
9.201066717014917629e+00,7.318292902765963781e+00,-1.304801582928767800e+00
9.095321246208202481e+00,7.376577782181414022e+00,-1.851257115240878992e+00
8.880517387342790059e+00,7.323816121029917525e+00,-2.269055681485159237e+00
8.583902915424920010e+00,7.156536424474972513e+00,-2.464091070170212561e+00
8.260087007165617834e+00,6.904123366460349409e+00,-2.394741288048452432e+00
7.968751917740108048e+00,6.616286055946019040e+00,-2.086677934366263365e+00
7.751113545503174329e+00,6.344523619491012845e+00,-1.627074524847754056e+00
7.613691694341934380e+00,6.124175221078418829e+00,-1.139699396356227634e+00
7.525322356694295500e+00,5.963267262899413446e+00,-7.485883425902635224e-01
7.428644956451410764e+00,5.841876623217654441e+00,-5.417146740242677616e-01
7.262147123903395673e+00,5.721986832865469275e+00,-5.460744201092848638e-01
6.985025547561381387e+00,5.564115371052499093e+00,-7.218818982698782527e-01
6.595953133082142372e+00,5.344606112790939889e+00,-9.773614034786817228e-01
6.138757283768953243e+00,5.067230490965762613e+00,-1.198981872943285065e+00
5.692387527700125460e+00,4.764712571363072691e+00,-1.287104483811124744e+00
5.347914735774097039e+00,4.489314309069580844e+00,-1.185491962792526444e+00
5.179840421818319385e+00,4.295481959609546152e+00,-8.954293729685756098e-01
5.221149030678555292e+00,4.220433345869027519e+00,-4.705183010816258449e-01
5.450546592933577017e+00,4.269457274042313344e+00,5.279989134555629349e-03
5.796487843760568914e+00,4.411270292005247562e+00,4.482572331079819339e-01
6.157155162937872461e+00,4.585488226820009672e+00,8.034471060186991753e-01
6.430316277663012059e+00,4.720213191644015538e+00,1.061231140491683655e+00
6.543697302043242736e+00,4.754274380328354255e+00,1.256637061435917024e+00
6.476266523219112337e+00,4.656968104419388688e+00,1.452042982380150393e+00
6.263724040863134945e+00,4.438808749958781164e+00,1.709827016853134429e+00
5.986580607760631167e+00,4.149630048423171402e+00,2.065016889763851449e+00
5.744806687370635601e+00,3.864443000143009233e+00,2.507994133737277309e+00
5.627294415822058582e+00,3.661422180674710258e+00,2.983792423953459227e+00
5.685904826807096413e+00,3.598944061988991638e+00,3.408703495840409659e+00
5.922188165160107154e+00,3.698894743455698020e+00,3.698766085664360492e+00
6.290555423895620279e+00,3.941405093633314038e+00,3.800378606682959237e+00
6.716202903030077387e+00,4.272444780559465194e+00,3.712255995815120890e+00
7.121284082823796879e+00,4.621550091302575325e+00,3.490635526350516216e+00
7.450279781397146195e+00,4.923747855178285171e+00,3.235156021141713190e+00
7.686059740489069370e+00,5.138521171537318466e+00,3.059348542981119579e+00
7.851532366624706327e+00,5.259822037460254229e+00,3.054988796896101810e+00
7.996856685158319600e+00,5.314255938320015638e+00,3.261862465462096239e+00
8.177196874422989481e+00,5.348576879123003280e+00,3.652973519228064347e+00
8.429226341995773808e+00,5.411181426358450786e+00,4.140348647719585884e+00
8.754941733719867614e+00,5.534188607172918495e+00,4.599952057238096970e+00
9.118718777207622139e+00,5.722318121832375759e+00,4.908015410920286925e+00
9.458842479531497816e+00,5.952285426933751289e+00,4.977365193042047053e+00
9.709593837584128195e+00,6.182690284229326316e+00,4.782329804356993286e+00
9.826151202079543623e+00,6.370676643981355802e+00,4.364531238112714817e+00
9.803396135267457012e+00,6.489257581315249546e+00,3.818075705800604069e+00
9.681628204143677863e+00,6.538948535713494437e+00,3.259296528417750860e+00
9.536566582570802808e+00,6.549323743040386780e+00,2.791079551483675925e+00
9.456380379400290082e+00,6.569631826525522911e+00,2.473322564813983160e+00
9.513025884136128596e+00,6.651471227933781982e+00,2.308779262937316279e+00
9.737323366925734192e+00,6.829404900492849428e+00,2.248226162361262936e+00
1.010621657546004926e+01,7.106285292685770472e+00,2.212377284714583947e+00
1.054681682558650557e+01,7.448634570080862716e+00,2.122451807346600550e+00
1.095639487917431865e+01,7.794137285937702941e+00,1.928615549958144548e+00
1.123224742631131789e+01,8.069245987338488746e+00,1.626537466937176601e+00
1.105866851584622168e+01,8.577982587231359091e+00,1.319468914507713198e+00
1.090164171229235990e+01,8.550422766343080738e+00,9.471986330878221505e-01
1.055831050672826521e+01,8.361070771553375636e+00,6.431851978373077650e-01
1.010940002803150684e+01,8.062245412849435411e+00,4.481070713627111068e-01
9.654826810407341142e+00,7.732553355733038813e+00,3.576054599323797989e-01
9.283659539694705032e+00,7.453780030280558577e+00,3.215269058901581989e-01
9.048718316749233992e+00,7.286968562668631577e+00,2.605858540366279286e-01
8.953720104858071238e+00,7.255202484127106111e+00,9.498835702286556604e-02
8.956608002412206559e+00,7.338400200786566074e+00,-2.248044333915268922e-01
8.987311114861672223e+00,7.481507573389879262e+00,-6.960211803226830085e-01
8.973477308769631122e+00,7.613141868183748606e+00,-1.258380341118955581e+00
8.865264360071403615e+00,7.668428396553250259e+00,-1.808336901781858685e+00
8.650858870519352095e+00,7.608564523891487852e+00,-2.228812217622125669e+00
8.357779395644511666e+00,7.430919594855960320e+00,-2.425097157981228602e+00
8.040028954611626588e+00,7.166778257870586977e+00,-2.355303066050210781e+00
7.756071131858130130e+00,6.868030087884434920e+00,-2.045266013738751720e+00
7.545737429218437597e+00,6.587781498299265515e+00,-1.582718019580323876e+00
7.414469042182957104e+00,6.361786618448111774e+00,-1.092220378749870768e+00
7.330664047234749070e+00,6.197134131463541529e+00,-6.986035567986168537e-01
7.237252665906900972e+00,6.071969883492806197e+00,-4.904044911310172505e-01
7.073560755151113710e+00,5.946108191560780298e+00,-4.947921692136874050e-01
6.799791969509239919e+00,5.778543311197379850e+00,-6.717260097751098780e-01
6.415359188708842808e+00,5.545437353028249916e+00,-9.288423196970025941e-01
5.964229621949968418e+00,5.251969511769651433e+00,-1.151882665987500332e+00
5.524784931093925877e+00,4.933553011360629625e+00,-1.240569860322339846e+00
5.186982128521706592e+00,4.645637617654737817e+00,-1.138306328753301511e+00
5.024041891326890052e+00,4.445346516043272800e+00,-8.463853674966723695e-01
5.067967078942204218e+00,4.371160198266016650e+00,-4.187519776510275626e-01
5.297170680716143387e+00,4.427725583395457853e+00,6.009465447919248859e-02
5.640673517991118935e+00,4.581312639040232781e+00,5.059099626649886661e-01
5.997965073255659973e+00,4.767961651361547482e+00,8.633754641336474078e-01
6.268481697280066989e+00,4.912118036339732541e+00,1.122811067965354903e+00
6.381456083121304523e+00,4.949964734340109196e+00,1.319468914507712975e+00
6.316702821466442686e+00,4.849951737630713744e+00,1.516126761050071048e+00
6.109800625702551002e+00,4.623784125909625509e+00,1.775562364881778210e+00
5.840160738763142234e+00,4.324135263680550345e+00,2.133027866350436508e+00
5.605973221055567279e+00,4.029619747234381322e+00,2.578843174536232574e+00
5.494184323653495738e+00,3.821684237331388179e+00,3.057689806666452181e+00
5.555116191886935617e+00,3.760689653260576470e+00,3.485323196512098320e+00
5.789636369434298047e+00,3.868700451817901342e+00,3.777244157768727018e+00
6.152514512463200802e+00,4.124288911397670176e+00,3.879507689337766241e+00
6.570212823569066884e+00,4.470740675650062279e+00,3.790820495002927615e+00
6.966652193998911002e+00,4.834714693170851341e+00,3.567780148712429433e+00
7.288039244720006415e+00,5.149098716805435849e+00,3.310663838790537383e+00
7.518423294647065269e+00,5.372594861430422419e+00,3.133729998229114244e+00
7.681039332899240790e+00,5.499843559836495643e+00,3.129342320146443424e+00
7.825501781741358798e+00,5.559193168143499619e+00,3.337541385814041917e+00
8.005822862810086704e+00,5.599417866659199383e+00,3.731158207765299384e+00
8.257362818295368001e+00,5.670359574760264643e+00,4.221655848595747607e+00
8.581114747874041271e+00,5.804390267232862222e+00,4.684203842754177671e+00
8.941094633640767952e+00,6.005131384138087114e+00,4.994240895065637176e+00
9.275958806129853684e+00,6.247209831473268693e+00,5.064034986996654553e+00
9.520908594590515861e+00,6.486903178352210197e+00,4.867750046637551620e+00
9.632212210614870429e+00,6.679685185448361651e+00,4.447274730797285969e+00
9.605574076200447564e+00,6.798247625875489142e+00,3.897318170134384197e+00
9.481515642512153619e+00,6.844382935429871750e+00,3.334959009338108959e+00
9.335268697604558241e+00,6.850233774062257197e+00,2.863742262406955064e+00
9.253966599286972183e+00,6.868127035888671017e+00,2.543949471992562383e+00
9.308359782653457870e+00,6.952240801775618095e+00,2.378351974978798467e+00
9.528358067490204419e+00,7.138316589117355448e+00,2.317410923125267530e+00
9.890678762968121873e+00,7.428494850640339209e+00,2.281332369083047595e+00
1.032306070004804077e+01,7.786795734247744960e+00,2.190830757652715732e+00
1.072413740690111439e+01,8.147288020029538558e+00,1.995752631178119962e+00
1.099292355935244814e+01,8.432742918210223593e+00,1.691739195927603800e+00
1.080289754280758174e+01,8.936934072379699501e+00,1.382300767579509149e+00
1.064584419145228722e+01,8.904253738941548590e+00,1.007717670465469562e+00
1.030653506797195540e+01,8.702968071393897276e+00,7.018154810506485042e-01
9.864503161054075875e+00,8.388246336746991716e+00,5.055253863502383593e-01
9.417751715665925616e+00,8.042302486630656944e+00,4.144615126128986526e-01
9.053273651907961295e+00,7.750204551717397194e+00,3.781588121636827449e-01
8.822261679047612049e+00,7.575014021696466315e+00,3.168391498537732609e-01
8.727724431467242638e+00,7.540063856500465178e+00,1.502128398803934672e-01
8.727999297711090065e+00,7.623828424837490125e+00,-1.715667376117235854e-01
8.754354878003479001e+00,7.768724231389199986e+00,-6.457110281638511751e-01
8.736281573620091834e+00,7.900673747762179566e+00,-1.211563976022246525e+00
8.625702674306277018e+00,7.952856138240168349e+00,-1.764937269709740963e+00
8.411963646155969698e+00,7.885873590385514831e+00,-2.188024886230493404e+00
8.122823491263487128e+00,7.697950160303575373e+00,-2.385529292427309489e+00
7.811605142677629843e+00,7.422256140912335098e+00,-2.315301588469671046e+00
7.535466358959704181e+00,7.112825514304045527e+00,-2.003338358872132741e+00
7.332787851567250215e+00,6.824327172902653338e+00,-1.537916677735237769e+00
7.207911877459990180e+00,6.592891598683266352e+00,-1.044371706246724152e+00
7.128831825092076357e+00,6.424649187887179203e+00,-6.483094482541695847e-01
7.038842412496935985e+00,6.295817121312770048e+00,-4.388168974747668205e-01
6.878192774340579518e+00,6.164062344241563629e+00,-4.432318350278727781e-01
6.608155103902127792e+00,5.986886914504563784e+00,-6.212649182194498465e-01
6.228892342880421928e+00,5.740298123465287006e+00,-8.799786230086978911e-01
5.784459333897363109e+00,5.430894394763151389e+00,-1.104404659318182436e+00
5.352566519192868633e+00,5.096768705790095666e+00,-1.193642843471884873e+00
5.021932585806475835e+00,4.796530958717802662e+00,-1.090743975931761423e+00
4.864391326853402475e+00,4.589945073866912750e+00,-7.970093878175976698e-01
4.910912326591200916e+00,4.516722985572931393e+00,-3.667192260921112723e-01
5.139638308022526303e+00,4.580855898730534115e+00,1.151023520951963697e-01
5.480250427594427265e+00,4.746177611187206935e+00,5.636873915566963378e-01
5.833685131516426203e+00,4.945186074900774997e+00,9.233737305812300677e-01
6.101191896940643566e+00,5.098716413458577179e+00,1.184421138433055187e+00
6.213615890882114634e+00,5.140350109575548387e+00,1.382300767579508927e+00
6.151653486209969657e+00,5.037718830360303102e+00,1.580180396725962666e+00
5.950716822678817408e+00,4.803719061868178208e+00,1.841227804577787452e+00
5.689006286544755042e+00,4.493835125784864992e+00,2.200914143602320738e+00
5.462788529400716797e+00,4.190234383095404525e+00,2.649499183063820595e+00
5.356932611373402153e+00,3.977577077200691757e+00,3.131320761251128015e+00
5.420140569089598515e+00,3.918159641105860125e+00,3.561610922976615079e+00
5.652587538163249548e+00,4.034200076560995996e+00,3.855345511090778832e+00
6.009461870384458670e+00,4.302718630250064180e+00,3.958244378630903171e+00
6.418597918183087003e+00,4.664352524978982117e+00,3.869006194477201621e+00
6.805799697683649896e+00,5.042936926084099269e+00,3.644580158167716188e+00
7.119087478027791960e+00,5.369275769084836725e+00,3.385866453378468588e+00
7.343724657475247497e+00,5.601330965036592779e+00,3.207833370186891742e+00
7.503248435600354149e+00,5.734446673101207814e+00,3.203418432633784896e+00
7.646660866512300814e+00,5.798701403798469656e+00,3.412910983413185662e+00
7.826741365839364306e+00,5.844855246922385561e+00,3.808973241405744670e+00
8.077477003948532186e+00,5.924152622071141572e+00,4.302518212894253402e+00
8.398843411716960361e+00,6.069181937411873839e+00,4.767939894031150594e+00
8.754536419520444923e+00,6.282448026502773786e+00,5.079903123628689343e+00
9.083663643151822953e+00,6.536493934734543210e+00,5.150130827586327342e+00
9.322437894957792182e+00,6.785299283188936492e+00,4.952626421389511258e+00
9.428284697809822035e+00,6.982701127652815920e+00,4.529538804868760593e+00
9.397747020449612521e+00,7.101099375574377426e+00,3.976165511181267043e+00
9.271521292310886508e+00,7.143577425885639265e+00,3.410312563322869472e+00
9.124253445569234344e+00,7.144839442088488646e+00,2.936168272770743215e+00
9.041921073230875905e+00,7.160265359412198549e+00,2.614388695278626162e+00
9.093966688642693086e+00,7.246579084529961357e+00,2.447762385305245036e+00
9.309341439890268077e+00,7.440671768418071430e+00,2.386442722995335330e+00
9.664561896044370215e+00,7.743960228585973660e+00,2.350140022546120200e+00
1.008809100261154867e+01,8.117975064227723081e+00,2.259076148808780715e+00
1.048006666988952773e+01,8.493204398441607239e+00,2.062786054108371125e+00
1.074136720448467486e+01,8.788786251499921320e+00,1.756883864693548292e+00
1.053499362384785698e+01,9.287846249211906269e+00,1.445132620651304878e+00
1.037810609955979047e+01,9.250022692668116164e+00,1.068296050537460129e+00
1.004328471699991709e+01,9.036903945688907314e+00,7.605535689959025403e-01
9.608758116832003537e+00,8.706477004876704839e+00,5.630826029963211798e-01
9.170472538756841985e+00,8.344506480721134878e+00,4.714708935923277444e-01
8.813212937553036141e+00,8.039278892728104253e+00,4.349497979301066852e-01
8.586461857056349345e+00,7.855821476603309428e+00,3.732612396277268374e-01
8.492507222822672119e+00,7.817691051534910507e+00,2.056325141863906136e-01
8.490136668909856965e+00,7.901926647569700535e+00,-1.180828729974983116e-01
8.512059052332503484e+00,8.048455041599206439e+00,-5.950795916623807802e-01
8.489716423216931318e+00,8.180561747344896162e+00,-1.164336682285581626e+00
8.376878229924811237e+00,8.229537897918865141e+00,-1.721039041768477551e+00
8.164076090433036725e+00,8.155431542690511293e+00,-2.146671932028827889e+00
7.879278343134339835e+00,7.957334112191270847e+00,-2.345364514761467234e+00
7.575054067090643883e+00,7.670283974143305983e+00,-2.274714324482566496e+00
7.307169046521989841e+00,7.350419522868698152e+00,-1.960874339846569780e+00
7.112488314864747529e+00,7.053924217917434625e+00,-1.492652705374763356e+00
6.994236383064802887e+00,6.817265179078698445e+00,-9.961385922565078044e-01
6.920036258926784534e+00,6.645595239458613968e+00,-5.976936437167699179e-01
6.833621203871922845e+00,6.513208438306539172e+00,-3.869407963290083519e-01
6.676248268064591151e+00,6.375649950966931101e+00,-3.913822939235265252e-01
6.410318808322007733e+00,6.188963478093445936e+00,-5.704864151548212359e-01
6.036754828692236785e+00,5.929029031214549939e+00,-8.307565285298108559e-01
5.599645825953587952e+00,5.603873575136884000e+00,-1.056532700542622605e+00
5.175927440751192599e+00,5.254255971591740959e+00,-1.146307737106621927e+00
4.852955989819300875e+00,4.941913108609439220e+00,-1.042789835174667834e+00
4.701073232441613570e+00,4.729208704021941045e+00,-7.472881546088585569e-01
4.750164804588075107e+00,4.657052514163239287e+00,-3.144093889954742149e-01
4.978126666141181822e+00,4.728767089614501096e+00,1.703108034793809900e-01
5.315394687810535146e+00,4.905764551282502772e+00,6.215945078895432907e-01
5.664491576551736074e+00,5.117039889758898674e+00,9.834447017693423998e-01
5.928623340215008142e+00,5.279870785492773777e+00,1.246062557646706814e+00
6.040352249709692423e+00,5.325286847766886211e+00,1.445132620651304656e+00
5.981290961142147644e+00,5.220131096035948381e+00,1.644202683655902275e+00
5.786639547629405023e+00,4.978490212907994206e+00,1.906820539533266690e+00
5.533276736408605956e+00,4.658625878748345883e+00,2.268670733413065133e+00
5.315404060858778479e+00,4.346200980370456435e+00,2.719954437823227877e+00
5.215683779017265209e+00,4.129024885819601920e+00,3.204674630298082860e+00
5.281118190289047831e+00,4.071276846785783832e+00,3.637553395911467646e+00
5.511181314219457228e+00,4.195303032436045854e+00,3.933055076477276479e+00
5.861540316729102251e+00,4.476580816012136310e+00,4.036572978409232348e+00
6.261507076382637038e+00,4.853139350425344389e+00,3.946797941845233915e+00
6.638882869303210477e+00,5.246048833397978228e+00,3.721021769832421278e+00
6.943587636939961172e+00,5.584088724728134778e+00,3.460751656457431658e+00
7.162131830303839486e+00,5.824523231943417478e+00,3.281647535226136725e+00
7.318329686804287526e+00,5.963414585124404255e+00,3.277206037631617885e+00
7.460503256765920632e+00,6.032555765789607172e+00,3.487958885019377675e+00
7.640119269125867696e+00,6.084654851147919707e+00,3.886403833559120002e+00
7.889733077744443435e+00,6.172313088555601901e+00,4.382917946677370225e+00
8.208290394268578538e+00,6.328297989189231032e+00,4.851139581149179314e+00
8.559207514657318328e+00,6.553981010376806360e+00,5.164979565785176696e+00
8.882123588874369702e+00,6.819829465139877200e+00,5.235629756064077434e+00
9.114353584546067921e+00,7.077553305610909895e+00,5.036937173331437201e+00
9.214546769280856253e+00,7.279389447543437974e+00,4.611304283071087973e+00
9.180099185917486082e+00,7.397476217297281664e+00,4.054601923588194268e+00
9.051834454958346043e+00,7.436200028715495236e+00,3.485344832964990758e+00
8.903713877879875227e+00,7.432815387266738405e+00,3.008348114300109621e+00
8.820439613867003814e+00,7.445724768286156703e+00,2.684632727116221140e+00
8.870045007261591508e+00,7.534159532695009709e+00,2.517004001674883362e+00
9.080475252997016966e+00,7.736129302010439801e+00,2.455315443372502848e+00
9.428072531332428952e+00,8.052316643974281263e+00,2.418794347710282899e+00
9.842120558514441342e+00,8.441779273109379034e+00,2.327182638306289242e+00
1.022440260807334411e+01,8.831466024299405859e+00,2.129711672306708437e+00
1.047780509661984105e+01,9.136936378559418870e+00,1.821969190765149182e+00
1.025520642302819141e+01,9.630279841284497877e+00,1.507964473723100829e+00
1.009867918920176244e+01,9.587298432399993686e+00,1.128935997209579822e+00
9.768809619978251035e+00,9.362467665614975232e+00,8.194035017250033137e-01
9.342410544825854757e+00,9.016554558648097739e+00,6.207839267302972530e-01
8.913229063951632725e+00,8.638811288290959567e+00,5.286393489476661767e-01
8.563711935562050570e+00,8.320672733991351322e+00,4.919058247961374253e-01
8.341550529278171311e+00,8.129075419923406542e+00,4.298584490210026754e-01
8.248300701585909778e+00,8.087773777806475550e+00,2.612546948664147273e-01
8.243256241476045076e+00,8.172382637385787518e+00,-6.434361421284040539e-02
8.260665918905594651e+00,8.320383208538784103e+00,-5.441148304800929036e-01
8.234030712295915322e+00,8.452486878859474473e+00,-1.116683060092859447e+00
8.119044861233170707e+00,8.498158647351299777e+00,-1.676623532755950885e+00
7.907451829649944308e+00,8.416934868562568894e+00,-2.104732157937124981e+00
7.627397460383454231e+00,8.208785755832913367e+00,-2.304580455316908250e+00
7.330623531719394848e+00,7.910596930302578045e+00,-2.233519321365093901e+00
7.071418911585195310e+00,7.580567292895658227e+00,-1.917853856068900020e+00
6.885069735938241564e+00,7.276343909357328776e+00,-1.446908765121636131e+00
6.773665548455793939e+00,7.034689788488837081e+00,-9.475066295862764054e-01
6.704494306208884424e+00,6.859762276649094659e+00,-5.467440874213786994e-01
6.621802055732413095e+00,6.723940988885015457e+00,-3.347653756892945420e-01
6.467937799684039923e+00,6.580678694912403870e+00,-3.392327076846479716e-01
6.206491591014490439e+00,6.384597363919676916e+00,-5.193786053799851476e-01
5.839152373056538003e+00,6.111477811473399413e+00,-7.811626050717379588e-01
5.409990611753570988e+00,5.770782648013513594e+00,-1.008252026051283279e+00
4.995063553862048700e+00,5.405918247416575007e+00,-1.098549247808498164e+00
4.680241794722186377e+00,5.081709844222348949e+00,-9.944292239761745034e-01
4.534271046169833674e+00,4.863075288898853543e+00,-6.972087292715156703e-01
4.585903463472309483e+00,4.792086180155509467e+00,-2.618120824016885173e-01
4.812812435795361665e+00,4.871384402327158192e+00,2.257275320088272252e-01
5.146282857434504088e+00,5.059979005995911550e+00,6.796361717841197247e-01
5.490562122288078939e+00,5.283407569489206423e+00,1.043591102355078126e+00
5.750954750908063851e+00,5.455449609379805942e+00,1.307736500420805470e+00
5.861843239599931366e+00,5.504637201288037573e+00,1.507964473723100607e+00
5.805789962353711253e+00,5.397056040148850542e+00,1.708192447025395522e+00
5.617737219696919304e+00,5.147979845966023760e+00,1.972337845091122643e+00
5.373132067532951694e+00,4.818409133177952164e+00,2.336292775662080601e+00
5.163970831211818435e+00,4.497438692386626968e+00,2.790201415437373100e+00
5.070581353709643579e+00,4.275956649655940467e+00,3.277741029847888399e+00
5.138188355355824299e+00,4.219968674115788687e+00,3.713137676717716218e+00
5.365557064464386627e+00,4.351923205423895880e+00,4.010358171422375051e+00
5.708893538248797306e+00,4.645766521663951210e+00,4.114478195254699600e+00
6.099091447828278945e+00,5.036964790516560875e+00,4.024180973497485603e+00
6.466061617161813047e+00,5.443887272801506860e+00,3.797091552517939839e+00
6.761707650898637567e+00,5.793352312131767157e+00,3.535307552826187916e+00
6.973818403446498948e+00,6.041970567787180002e+00,3.355161655130849852e+00
7.126459218581382871e+00,6.186535694005687702e+00,3.350694323135495978e+00
7.267204783427947845e+00,6.260536480993244446e+00,3.562673034867578359e+00
7.446130414018635513e+00,6.318587440245860165e+00,3.963435577032480062e+00
7.694302812489989485e+00,6.414598209216445746e+00,4.462837712567835347e+00
8.009626842226857946e+00,6.581477323027341342e+00,4.933782803515101456e+00
8.355280834295081505e+00,6.819447729660519819e+00,5.249448268811296003e+00
8.671515841456560736e+00,7.096912611495030276e+00,5.320509402763110351e+00
8.896838978802083631e+00,7.363344566508248867e+00,5.120661105383326195e+00
8.991188517399075764e+00,7.569419984309196714e+00,4.692552480202153653e+00
8.952826893036395006e+00,7.687046691132312759e+00,4.132612007539063548e+00
8.822656337593661746e+00,7.721924197337147078e+00,3.560043777926294339e+00
8.673854649069681955e+00,7.713841906682474381e+00,3.080272561659043618e+00
8.589729490018738645e+00,7.724189046952377069e+00,2.754674252579788707e+00
8.636804837906229437e+00,7.814661515844649742e+00,2.586070498425199204e+00
8.841973708561029710e+00,8.024354042450424274e+00,2.524023122650064010e+00
9.181430851171544560e+00,8.353205393519948174e+00,2.487289598498536591e+00
9.585377259628328872e+00,8.757821286584423603e+00,2.395145020715904849e+00
9.957381605550576609e+00,9.161658896865159107e+00,2.196525445721199787e+00
1.020248140180350482e+01,9.476760303192740764e+00,1.886992950236621391e+00
9.963803198370069225e+00,9.963803198370076331e+00,1.570796326794896780e+00
9.807832421847436422e+00,9.915657539152316957e+00,1.189639673628813066e+00
9.483376136529916067e+00,9.679256320151438331e+00,8.783692089125862967e-01
9.065720891408536986e+00,9.318103898168425658e+00,6.786344207652069693e-01
8.646274421860820070e+00,8.924870498413802977e+00,5.859724677687102590e-01
8.305017333921732359e+00,8.594063275843918603e+00,5.490326914928431723e-01
8.087770778376475178e+00,8.394467809823524362e+00,4.866369308741949062e-01
7.995348241333022798e+00,8.350009266770671346e+00,3.170864969966824543e-01
7.987605409990815808e+00,8.434891866091815515e+00,-1.033998796495017025e-02
8.000429288248239956e+00,8.584199916064692459e+00,-4.928050332300226710e-01
7.969484971284911623e+00,8.716138443923281187e+00,-1.068588130362690736e+00
7.852467912671744266e+00,8.758411915942554415e+00,-1.631672567964004950e+00
7.642357444575520908e+00,8.670088768825472414e+00,-2.062184945995761964e+00
7.367444418293805697e+00,8.452028109696666291e+00,-2.263155355583181816e+00
7.078570347363215554e+00,8.142938736806042854e+00,-2.191695226158595133e+00
6.828463647290782035e+00,7.803032277787409932e+00,-1.874257356109483075e+00
6.650770164931159023e+00,7.491365458799790211e+00,-1.400667993268951195e+00
6.546428901771921716e+00,7.244955466816470846e+00,-8.984618046585757245e-01
6.482429056084008323e+00,7.066947648646343616e+00,-4.954490529756430117e-01
6.403603740220363605e+00,6.927819134276630209e+00,-2.822801189433818969e-01
6.253477157055623792e+00,6.778963407066750158e+00,-2.867725342035576386e-01
5.996886352754788874e+00,6.573620078231780184e+00,-4.679299186796692656e-01
5.636293930094531390e+00,6.287499343648750738e+00,-7.311837883961838092e-01
5.215697037877395914e+00,5.931504308476889697e+00,-9.595482755876878489e-01
4.810171147673898417e+00,5.551665956628912824e+00,-1.050352499987297294e+00
4.503978750114400853e+00,5.215853742936401360e+00,-9.456478609676854941e-01
4.364166871258444047e+00,4.991489286390944358e+00,-6.467585266990127923e-01
4.418305916595011595e+00,4.921767731714751903e+00,-2.089172060490105398e-01
4.643871544551807062e+00,5.008639252574001333e+00,2.813598555162202253e-01
4.973091709851111375e+00,5.208732570255776295e+00,7.378171105788176032e-01
5.312075739977571764e+00,5.444179569488199810e+00,1.103815582555822683e+00
5.568366903452719896e+00,5.625327279906825240e+00,1.369444109473018756e+00
5.678269292437336802e+00,5.678269292437334137e+00,1.570796326794896558e+00
5.625327279906827016e+00,5.568366903452718120e+00,1.772148544116774360e+00
5.444179569488202475e+00,5.312075739977569988e+00,2.037777071033969989e+00
5.208732570255779848e+00,4.973091709851109599e+00,2.403775543010974847e+00
5.008639252574005774e+00,4.643871544551805286e+00,2.860232798073572447e+00
4.921767731714757232e+00,4.418305916595009819e+00,3.350509859638802546e+00
4.991489286390948799e+00,4.364166871258440494e+00,3.788351180288805686e+00
5.215853742936404913e+00,4.503978750114397300e+00,4.087240514557477944e+00
5.551665956628915488e+00,4.810171147673894865e+00,4.191945153577091077e+00
5.931504308476890586e+00,5.215697037877391473e+00,4.101140929177482519e+00
6.287499343648751626e+00,5.636293930094529614e+00,3.872776441985977591e+00
6.573620078231781072e+00,5.996886352754787985e+00,3.609522572269463048e+00
6.778963407066750158e+00,6.253477157055623792e+00,3.428365187793351865e+00
6.927819134276630209e+00,6.403603740220363605e+00,3.423872772533175457e+00
7.066947648646342728e+00,6.482429056084008323e+00,3.637041706565434573e+00
7.244955466816471734e+00,6.546428901771922604e+00,4.040054458248371283e+00
7.491365458799789323e+00,6.650770164931160799e+00,4.542260646858742312e+00
7.803032277787407267e+00,6.828463647290782923e+00,5.015850009699276413e+00
8.142938736806041078e+00,7.078570347363218218e+00,5.333287879748388249e+00
8.452028109696662739e+00,7.367444418293809250e+00,5.404748009172974932e+00
8.670088768825470638e+00,7.642357444575525349e+00,5.203777599585555080e+00
8.758411915942550863e+00,7.852467912671748707e+00,4.773265221553799620e+00
8.716138443923279411e+00,7.969484971284915176e+00,4.210180783952486294e+00
8.584199916064690683e+00,8.000429288248245285e+00,3.634397686819816009e+00
8.434891866091813739e+00,7.987605409990819361e+00,3.151932641554745729e+00
8.350009266770669569e+00,7.995348241333026351e+00,2.824506156593113104e+00
8.394467809823522586e+00,8.087770778376478731e+00,2.654955722715598654e+00
8.594063275843913274e+00,8.305017333921735911e+00,2.592559962096949722e+00
8.924870498413797648e+00,8.646274421860821846e+00,2.555620185821084078e+00
9.318103898168420329e+00,9.065720891408542315e+00,2.462958232824587146e+00
9.679256320151431225e+00,9.483376136529921396e+00,2.263223444677208818e+00
9.915657539152309852e+00,9.807832421847443527e+00,1.951952979960980050e+00
9.661068573063024800e+00,1.028799309227309422e+01,1.633628179866692509e+00
9.505851729249011228e+00,1.023468514537429996e+01,1.250409180048577706e+00
9.187266574685224896e+00,9.986875535817642202e+00,9.374545059778732758e-01
8.778964152333585957e+00,9.610758325090783316e+00,7.366390011010118810e-01
8.369874842535645953e+00,9.202345901694924279e+00,6.434756766422947694e-01
8.037387724404291944e+00,8.859135734825901665e+00,6.063360281530043583e-01
7.825376845817093141e+00,8.651698525544501805e+00,5.436026591338627423e-01
7.733904117016106916e+00,8.604102714539809682e+00,3.731348287823461618e-01
7.723442579187382862e+00,8.689157957901960216e+00,4.393671814020172484e-02
7.731614227316339516e+00,8.839604791796698890e+00,-4.411388290341493601e-01
7.696351116832106598e+00,8.971214507566308782e+00,-1.020037349530948934e+00
7.577423933958433722e+00,9.010000256475970914e+00,-1.586168501114694873e+00
7.369070154782788151e+00,8.914607593246483219e+00,-2.019010277712937285e+00
7.099692538992730562e+00,8.686793292527706711e+00,-2.221068089679215429e+00
6.819160016794547197e+00,8.367062004085653371e+00,-2.149221306742355786e+00
6.578558619097130133e+00,8.017586475645254396e+00,-1.830065856997112661e+00
6.409834496642272228e+00,7.698776236356887459e+00,-1.353914016422612665e+00
6.312762236544254613e+00,7.447860054017582776e+00,-8.489905113411571058e-01
6.254069468264940923e+00,7.266956228987057287e+00,-4.437971549324370990e-01
6.179250531608836638e+00,7.124654586942988033e+00,-2.294748152498571336e-01
6.033087099278813703e+00,6.970326181210852567e+00,-2.339915378846897376e-01
5.781720130376694300e+00,6.755870340874645663e+00,-4.161291212429705233e-01
5.428391419891894998e+00,6.456955656703740942e+00,-6.808073941079921809e-01
5.016970019317582796e+00,6.085928280215674668e+00,-9.104075064202703516e-01
4.621446678434966593e+00,5.691416358537318310e+00,-1.001703050561054908e+00
4.324354642531603510e+00,5.344283970767907732e+00,-8.964318800118467045e-01
4.190941227332555030e+00,5.114401482528503351e+00,-5.959253276971638869e-01
4.247548203636014819e+00,5.046047020642503433e+00,-1.557149533411257281e-01
4.471478942755293673e+00,5.140469008381051808e+00,3.372148790680291608e-01
4.795998019587356609e+00,5.351942722759990723e+00,7.961419141645160735e-01
5.129212452670942390e+00,5.599252219462911739e+00,1.164120715533807582e+00
5.381042423050070411e+00,5.789384065536537172e+00,1.431186494296461831e+00
5.489812997098375114e+00,5.846057065519052465e+00,1.633628179866692287e+00
5.440081589189603939e+00,5.733942598240170163e+00,1.836069865436922743e+00
5.266137459555873868e+00,5.470671079388472080e+00,2.103135644199576770e+00
5.040238679020198731e+00,5.122585477090469297e+00,2.471114445568867612e+00
4.849558981141469438e+00,4.785428220134557264e+00,2.930041480665354747e+00
4.769384041074955505e+00,4.556010551511724849e+00,3.422971313074508970e+00
4.841158002495589585e+00,4.503807288319332969e+00,3.863181687430548461e+00
5.062209772503586613e+00,4.651391883486125423e+00,4.163688239745230391e+00
5.390002610518191517e+00,4.969694299094344458e+00,4.268959410294439927e+00
5.758900936976800722e+00,5.389208773535130170e+00,4.177663866153656258e+00
6.103362812202973942e+00,5.823115329684975805e+00,3.948063753841377643e+00
6.379501963229269990e+00,6.194515834983930880e+00,3.683385480976356430e+00
6.577751161382476397e+00,6.458852582223049588e+00,3.501247897618075200e+00
6.722597357406681517e+00,6.614417955181281172e+00,3.496731174983241708e+00
6.859920279762627970e+00,6.698024447790476898e+00,3.711053514665820341e+00
7.036781783005133128e+00,6.767960444457185254e+00,4.116246871074544345e+00
7.281107621931500518e+00,6.880596312071344478e+00,4.621170376155994575e+00
7.588694486731834665e+00,7.069005756568077281e+00,5.097322216730496791e+00
7.922372918286050059e+00,7.331076132360855091e+00,5.416477666475740804e+00
8.223858507252336025e+00,7.631131181419092080e+00,5.488324449412600003e+00
8.434308908042845943e+00,7.914281820316191762e+00,5.286266637446321859e+00
8.516430693601495960e+00,8.128214215785991570e+00,4.853424860848081224e+00
8.470253979908751063e+00,8.244471345706223531e+00,4.287293709264336172e+00
8.336689776822309383e+00,8.271401030068727067e+00,3.708395188767534822e+00
8.187052917419379128e+00,8.253798871958927919e+00,3.223319641593184848e+00
8.101508625755638349e+00,8.258899103413055443e+00,2.894121530951040633e+00
8.143266897135365667e+00,8.353179897379114038e+00,2.723653700599522942e+00
8.336982503256413324e+00,8.577797511067187131e+00,2.660920331580379994e+00
8.658638384375752395e+00,8.931178886505815484e+00,2.623780683091091248e+00
9.040557968850885473e+00,9.365105380245687172e+00,2.530617358632373914e+00
9.390295476953642861e+00,9.796218706100086493e+00,2.329801853755513186e+00
9.617611963483174264e+00,1.012973529976361675e+01,2.016847179684806868e+00
9.347304266244293558e+00,1.060243550579932936e+01,1.696460032938488460e+00
9.193039735598349083e+00,1.054397570278566043e+01,1.311246551756029888e+00
8.880778909832450552e+00,1.028494018846760127e+01,9.966630903193163249e-01
8.482429593705186122e+00,9.894160177229139208e+00,7.948024316731004957e-01
8.084309381767477376e+00,9.470908044668528092e+00,7.011542342969095953e-01
7.761093334378755593e+00,9.115583831849480845e+00,6.638212907548546315e-01
7.554633865999369036e+00,8.900475814383618456e+00,6.007614229569713249e-01
7.464233235707056657e+00,8.849767714930369067e+00,4.294063847399325340e-01
7.451036884830338991e+00,8.934893129174570348e+00,9.849494699979843837e-02
7.454496765368568312e+00,9.086306361478204252e+00,-3.891051987450766525e-01
7.414912140668911356e+00,9.217422360943903215e+00,-9.710166239035058489e-01
7.294200354005724307e+00,9.252635698921473306e+00,-1.540094231775024802e+00
7.087877483487138974e+00,9.150215263795484333e+00,-1.975188753820503962e+00
6.824424555493536104e+00,8.912822897548609902e+00,-2.178298185201993586e+00
6.552666406608670613e+00,8.582728541150704160e+00,-2.106077472293698793e+00
6.321966551206696927e+00,8.224010687650892493e+00,-1.785260962952902819e+00
6.162514174897178343e+00,7.898371982210673714e+00,-1.306630967659888398e+00
6.072907333459441226e+00,7.643209368507536183e+00,-7.990795643745802757e-01
6.019650108367846641e+00,7.459600571260541102e+00,-3.917773600259182309e-01
5.948971949692689165e+00,7.314266545424053412e+00,-1.763395696150014125e-01
5.806993102871038204e+00,7.154596479332543169e+00,-1.808797997458804208e-01
5.561213842400623442e+00,6.931194144754243780e+00,-3.639653267497715561e-01
5.215659473092755682e+00,6.619715924265228146e+00,-6.300211301731071245e-01
4.814015785274021297e+00,6.233951233590417473e+00,-8.608162071021592254e-01
4.429086520403430427e+00,5.825093388936804395e+00,-9.525869032096334621e-01
4.141556055518084811e+00,5.466946060030851484e+00,-8.467678438867407564e-01
4.014772822357658200e+00,5.231768734130208820e+00,-5.446972910430147863e-01
4.073804574878270301e+00,5.164879744700350273e+00,-1.021958210250688559e-01
4.295808398409175055e+00,5.266816764509920645e+00,3.932994879526692245e-01
4.615178364747273498e+00,5.489532653728767642e+00,8.546150304549161580e-01
4.942153142249688713e+00,5.748527608711646586e+00,1.224508994856711386e+00
5.189165595838261424e+00,5.947506037460421169e+00,1.492964730064763268e+00
5.296658913640182043e+00,6.007880232473798543e+00,1.696460032938488238e+00
5.250233272294053677e+00,5.893667638504575201e+00,1.899955335812212986e+00
5.083782717426848841e+00,5.623664342006963857e+00,2.168411071020264647e+00
4.867810821180399650e+00,5.266807183102941714e+00,2.538305035422059319e+00
4.686878783854533381e+00,4.922041841778655780e+00,2.999620577924306808e+00
4.613570024960042204e+00,4.689012488392978462e+00,3.495115886902043556e+00
4.687330215155848023e+00,4.638829632208011589e+00,3.937617356919991707e+00
4.904762945023969145e+00,4.794088676422788353e+00,4.239687909763716789e+00
5.224049052355746348e+00,5.124239640535526163e+00,4.345506969086610383e+00
5.581438501324582191e+00,5.557377098918383496e+00,4.253736272979137922e+00
5.913822020056080930e+00,6.004202842370721882e+00,4.022941196050084045e+00
6.179534695264876198e+00,6.386070984823254193e+00,3.756885392626748921e+00
6.370371126250181426e+00,6.657911939392667122e+00,3.573799865622858007e+00
6.510987478209534274e+00,6.818783206286779475e+00,3.569259635491977889e+00
6.646317179674002595e+00,6.907119229975245744e+00,3.784697425902893375e+00
6.821803266482025840e+00,6.982968790209650223e+00,4.191999630251559417e+00
7.063723131575858183e+00,7.103849410398518138e+00,4.699551033536862654e+00
7.366809396637728824e+00,7.302857809021236157e+00,5.178181028829879295e+00
7.693784293858518808e+00,7.576697795673038804e+00,5.498997538170675270e+00
7.987215430114630976e+00,7.887684843452400507e+00,5.571218251078970951e+00
8.189716479290563456e+00,8.178813519304402035e+00,5.368108819697480882e+00
8.265470186173718758e+00,8.396346156680696282e+00,4.933014297652002611e+00
8.215405317331994084e+00,8.511692693337860049e+00,4.363936689780484990e+00
8.080361937671497685e+00,8.534531989263355101e+00,3.782025264622053573e+00
7.930576281945119099e+00,8.512122280907547633e+00,3.294425118877180481e+00
7.844468165691334427e+00,8.514545531190314875e+00,2.963513681137046163e+00
7.883446213323832552e+00,8.610588735583789344e+00,2.792158642920005818e+00
8.070981807050365830e+00,8.842380392783152132e+00,2.729098775122121623e+00
8.382994469962035566e+00,9.207581717654562681e+00,2.691765831580068546e+00
8.753011439528663118e+00,9.655610191195211911e+00,2.598117634203877202e+00
9.090783625779817356e+00,1.009979612640445090e+01,2.396256975557661928e+00
9.308639908688620679e+00,1.044206044090887531e+01,2.081673514120947033e+00
9.022828783570123079e+00,1.090672641263520504e+01,1.759291886010284411e+00
8.869715440696879227e+00,1.084313374058107371e+01,1.372153757063478530e+00
8.564226467955572630e+00,1.057307510516654503e+01,1.055998537665708614e+00
8.176420441755478663e+00,1.016796145323773537e+01,8.531293196508525911e-01
7.789869620898200786e+00,9.730236774430320423e+00,7.590132264129643147e-01
7.476415736018783065e+00,9.363110270808983060e+00,7.214937557376841504e-01
7.275817580198016721e+00,9.140516729181593192e+00,6.581188209976869263e-01
7.186610847961653725e+00,9.086726682792280130e+00,4.859076390906564846e-01
7.170667894806532772e+00,9.171818617864619938e+00,1.533428636820468594e-01
7.169363579168064327e+00,9.324022492200763068e+00,-3.366934858206049874e-01
7.125461777283494058e+00,9.454478971932676501e+00,-9.215123235650146682e-01
7.003095134143216605e+00,9.486040191236742913e+00,-1.493433222233024438e+00
6.799076903461736876e+00,9.376645684311991857e+00,-1.930701613418710938e+00
6.541932259683892248e+00,9.129868352934721543e+00,-2.134825843430368408e+00
6.279371406465528160e+00,8.789709657777908802e+00,-2.062244293115211402e+00
6.058957203757076471e+00,8.422094763829347741e+00,-1.739824883544721423e+00
5.909066890456702303e+00,8.089957006497629166e+00,-1.258803502188159840e+00
5.827111677629423170e+00,7.830817374875877590e+00,-7.487162123844832706e-01
5.779410880107164417e+00,7.644701054875295831e+00,-3.393789980600359080e-01
5.713002501272745448e+00,7.496481819680973047e+00,-1.228648126579641175e-01
5.575425107763517296e+00,7.331611227650288498e+00,-1.274277272072181777e-01
5.335592037170379776e+00,7.099444805798370339e+00,-3.114280071142285777e-01
4.998315181766761484e+00,6.775656450053626934e+00,-5.788131090493360276e-01
4.607041635732566753e+00,6.375476693957786267e+00,-8.107613108053550732e-01
4.233286732087041315e+00,5.952627491071220689e+00,-9.029905221874088284e-01
3.955768148724374100e+00,5.583791677843915835e+00,-7.966427575468144617e-01
3.835838345670294469e+00,5.343553702933015792e+00,-4.930629651707105765e-01
3.897247296618141732e+00,5.278227182133419682e+00,-4.835061856979483430e-02
4.117032311332470940e+00,5.387631109749952962e+00,4.496203408855461436e-01
4.430808945615238414e+00,5.621431086070355576e+00,9.132407609969831475e-01
4.751079369268236263e+00,5.891913465187854193e+00,1.284982832036806855e+00
4.992922189315313730e+00,6.099584992695625374e+00,1.554779856570996710e+00
5.098993396780157283e+00,6.163624212816964487e+00,1.759291886010284189e+00
5.055964249602816096e+00,6.047432064803468066e+00,1.963803915449571669e+00
4.897287981336121199e+00,5.770959182164521195e+00,2.233600939983761080e+00
4.691609281789264507e+00,5.405678284453394156e+00,2.605343011023584232e+00
4.520746424047253242e+00,5.053649750107845229e+00,3.068963431135021125e+00
4.454463945753301957e+00,4.817257480475115372e+00,3.566934390590361659e+00
4.530140244225144386e+00,4.769177220223159708e+00,4.011646737191279399e+00
4.743650339966718477e+00,4.931998844297801554e+00,4.315226529567382840e+00
5.053951259939584162e+00,5.273714750124063322e+00,4.421574294207976763e+00
5.399275955737884658e+00,5.720083466380800452e+00,4.329345082825925672e+00
5.719050076732041354e+00,6.179412690965430777e+00,4.097396881069904850e+00
5.973903869969639402e+00,6.571387333741268044e+00,3.830011779134798289e+00
6.157017750153203295e+00,6.850475950617296306e+00,3.646011499227787667e+00
6.293188597871998802e+00,7.016510138521132589e+00,3.641448584678532718e+00
6.426338773590639875e+00,7.109515757529345947e+00,3.857962770080602954e+00
6.600220223733244573e+00,7.191246363492618698e+00,4.267299984405054758e+00
6.839412904517089942e+00,7.320307849018155011e+00,4.777387274208725998e+00
7.137580945079765371e+00,7.529779602373212199e+00,5.258408655565290246e+00
7.457382865526543725e+00,7.815173825662626861e+00,5.580828065135779781e+00
7.742317417168779414e+00,8.136823387785719675e+00,5.653409615450937231e+00
7.936539542159751548e+00,8.435654753725298605e+00,5.449285385439279317e+00
8.005767167347135782e+00,8.656557747155956051e+00,5.012016994253594149e+00
7.951835761554232107e+00,8.770842957863994371e+00,4.440096095585586156e+00
7.815463647388815716e+00,8.789522031470834662e+00,3.855277257841173810e+00
7.665711317737940789e+00,8.762283082035279946e+00,3.365240908338523518e+00
7.579139183255962919e+00,8.761999003004021347e+00,3.032676132929914115e+00
7.615260785283942901e+00,8.859704888363026498e+00,2.860464951022882119e+00
7.796323237177904097e+00,9.098459769793882046e+00,2.797090016282884228e+00
8.098211520079036774e+00,9.475154171470139275e+00,2.759570545607605396e+00
8.455750490434443378e+00,9.936879540298502178e+00,2.665454452369716787e+00
8.781020862826611761e+00,1.039372718424565178e+01,2.462585234354861541e+00
8.989053092039783976e+00,1.074440904952684406e+01,2.146430014957089849e+00
8.687977067929930186e+00,1.120047254590206798e+01,1.822123739082080141e+00
8.536213864522888883e+00,1.113177461184177908e+01,1.433132695365902043e+00
8.237937573561172400e+00,1.085091575418676868e+01,1.115464298547375721e+00
7.861253541832825320e+00,1.043182442566610035e+01,9.116241108909258761e-01
7.486859340535656493e+00,9.980021772101517641e+00,8.170575606038430472e-01
7.183647533288933573e+00,9.601427206463982955e+00,7.793585147946373581e-01
6.989214030694265389e+00,9.371547555292227827e+00,7.156802558821870885e-01
6.901322240196067881e+00,9.314711266647123011e+00,5.426448393711547080e-01
6.882625290853789046e+00,9.399665101694733238e+00,2.084883473682539456e-01
6.876511657991272841e+00,9.552480823441113600e+00,-2.838934068404472821e-01
6.828304150942151374e+00,9.682111422526656241e+00,-8.715112958299806589e-01
6.704416401236807488e+00,9.709946026108212891e+00,-1.446169513818455377e+00
6.502975464657051674e+00,9.593643135634223995e+00,-1.885530752490933493e+00
6.252516134896326072e+00,9.337691267792541439e+00,-2.090631958863985673e+00
5.999564576338010546e+00,8.987786452767132062e+00,-2.017703019809493625e+00
5.789807041345206073e+00,8.611637835834459409e+00,-1.693740451244175160e+00
5.649756272973201376e+00,8.273344377351564916e+00,-1.210416812488364302e+00
5.575628171820491197e+00,8.010506340838579931e+00,-6.978881504656360146e-01
5.533596754756763936e+00,7.822086020899481795e+00,-2.865917724387172516e-01
5.471581420114866923e+00,7.671134947022307138e+00,-6.904131005457281312e-02
5.338617263492671405e+00,7.501214903436137504e+00,-7.362606355774969913e-02
5.105082643880754389e+00,7.260483003766697863e+00,-2.585070028747129545e-01
4.776577856942438416e+00,6.924660644216448446e+00,-5.271718594179064521e-01
4.396255709225018293e+00,6.510414941106586362e+00,-7.602302082160996566e-01
4.034242838200690073e+00,6.073955438145909547e+00,-8.529008456814020089e-01
3.767174456393427295e+00,5.694778386837349160e+00,-7.460440809474093715e-01
3.654312282428910041e+00,5.449724582680052443e+00,-4.410112994727966029e-01
3.718046477993065757e+00,5.386055919875973430e+00,5.829522763884487091e-03
3.935321546833677964e+00,5.502865888457014520e+00,5.061838634377158197e-01
4.243065419635024149e+00,5.747572091141027073e+00,9.720232567258432210e-01
4.556173205790487124e+00,6.029323029325020400e+00,1.345544554151093308e+00
4.792499283184105785e+00,6.245518372048570299e+00,1.616632877201531038e+00
4.897004428818574340e+00,6.313180068649973720e+00,1.822123739082079918e+00
4.857457821713044410e+00,6.195131364643945204e+00,2.027614600962628799e+00
4.706826558757713386e+00,5.912464310157419689e+00,2.298702924013066085e+00
4.511794084409942229e+00,5.539124771843404460e+00,2.672224221438315617e+00
4.351308566069119976e+00,5.180193280773481845e+00,3.138063614726442907e+00
4.292202509803267674e+00,4.940694849855252535e+00,3.638417955400274018e+00
4.369720954390265533e+00,4.894796733812412981e+00,4.085258777636956218e+00
4.579008261359121867e+00,5.065055537948012443e+00,4.390291559111568986e+00
4.879855562606051578e+00,5.418030973541826611e+00,4.497148323845562068e+00
5.212573947641067740e+00,5.877213609071138656e+00,4.404477686380261048e+00
5.519223088241030695e+00,6.348605954319427980e+00,4.171419337582067399e+00
5.762799152435084338e+00,6.750305784002016196e+00,3.902754481038873458e+00
5.937890318601033890e+00,7.036371073064472625e+00,3.717873541721909980e+00
6.069405170449497788e+00,7.207415312668893570e+00,3.713288788218732872e+00
6.200191252186629143e+00,7.305022327064721210e+00,3.930839250602875978e+00
6.372239212927151897e+00,7.392591477976242054e+00,4.342135628629798738e+00
6.608384800086327893e+00,7.529755870162242459e+00,4.854664290652522141e+00
6.901220937709041436e+00,7.749536848129210398e+00,5.337987929408335219e+00
7.213387576442515048e+00,8.046248821545296082e+00,5.661950497973654350e+00
7.489392993717912894e+00,8.378271230713229656e+00,5.734879437028145510e+00
7.675016960511207742e+00,8.684514561200215255e+00,5.529778230655093552e+00
7.737569658026499653e+00,8.908550213042268240e+00,5.090416991982616324e+00
7.679799899205383085e+00,9.021623616853007732e+00,4.515758773994143382e+00
7.542253164275565247e+00,9.036078777361082004e+00,3.928140885004607341e+00
7.392718030769557025e+00,9.003996614606913695e+00,3.435759130795908334e+00
7.305783434446883717e+00,9.000979005252109033e+00,3.101602638793007571e+00
7.338976307107865082e+00,9.100244123740127478e+00,2.928567222281973415e+00
7.513280220497613016e+00,9.345737884823980934e+00,2.864888963369522479e+00
7.804574831537698820e+00,9.733576375388162560e+00,2.827189917560318122e+00
8.149075222257817330e+00,1.020856704532456405e+01,2.732623367273235182e+00
8.461322516690639617e+00,1.067764063072425706e+01,2.528783179616786114e+00
8.659179379725884473e+00,1.103639278113315569e+01,2.211114782798258016e+00
8.343100110786249246e+00,1.148329215316723939e+01,1.884955592153876092e+00
8.192885653707572047e+00,1.140952522601202546e+01,1.494185195266472865e+00
7.902255162811295364e+00,1.111810892117977900e+01,1.175063694890916111e+00
7.537258987102605445e+00,1.068542224072050217e+01,9.702910855497288711e-01
7.175594168648278703e+00,1.021996307373935586e+01,8.752919615726773017e-01
6.883092027157116988e+00,9.830256700444962803e+00,8.374204698478231457e-01
6.695119235531443280e+00,9.593304226030220150e+00,7.734509288769186863e-01
6.608662408521492893e+00,9.533462749680618131e+00,5.996240002679165126e-01
6.587208531408935919e+00,9.618173104067425427e+00,2.639389835770162840e-01
6.576247948980201485e+00,9.771419184883008313e+00,-2.306950616547231991e-01
6.523753402656028655e+00,9.900057331978079134e+00,-8.210008782228810365e-01
6.398482061354165751e+00,9.924096252609455604e+00,-1.398287742652105203e+00
6.199889404203188903e+00,9.800962655277215774e+00,-1.839658741770162420e+00
5.956484973737188326e+00,9.536063762902394103e+00,-2.045698138078116735e+00
5.713542782409189336e+00,9.176750087731358363e+00,-1.972435601782565717e+00
5.514798893469441410e+00,8.792448536427027506e+00,-1.646991138368903984e+00
5.384851577510885612e+00,8.448356096939482640e+00,-1.161456642928238692e+00
5.318714846092600368e+00,8.182106983378012899e+00,-6.465835323254058853e-01
5.282457498277697283e+00,7.991591898004676509e+00,-2.334057703273704210e-01
5.224952405753471751e+00,7.838068298716331483e+00,-1.486017165050679267e-02
5.096807675943681559e+00,7.663259612844795399e+00,-1.946589709074220131e-02
4.869916726849662147e+00,7.414176814280162731e+00,-2.051925332199762142e-01
4.550668793157428560e+00,7.066618991164126840e+00,-4.750863375042795322e-01
4.181866762108776392e+00,6.638682900677550514e+00,-7.092107599787522698e-01
3.832149627653854473e+00,6.189020148537289323e+00,-8.023052987017240678e-01
3.575956705508253730e+00,5.799869399428657424e+00,-6.949597414202737244e-01
3.470366749711955023e+00,5.550254820658556909e+00,-3.885316552058417638e-01
3.536369919409786178e+00,5.488337576930963024e+00,6.035314117092194230e-02
3.750845289050230846e+00,5.612479957715730272e+00,5.629962416946170389e-01
4.052122752892335811e+00,5.867894900285996584e+00,1.030966513868309509e+00
4.357617081338183596e+00,6.160674923604553932e+00,1.406196401544749452e+00
4.588085110730438565e+00,6.385209173771514202e+00,1.678524757945810686e+00
4.690881462102517219e+00,6.456444435511291324e+00,1.884955592153875870e+00
4.654898521768621400e+00,6.336666389211170980e+00,2.091386426361940831e+00
4.512572297758199902e+00,6.048093368939138514e+00,2.363714782763001843e+00
4.328524887914968033e+00,5.667076994360575881e+00,2.738944670439441342e+00
4.178710698773757670e+00,5.301617541289150637e+00,3.206914942613134034e+00
4.126920812673755989e+00,5.059277238023135226e+00,3.709558043136828687e+00
4.206203711911162380e+00,5.015637973942558503e+00,4.158442839513592837e+00
4.410972192836380756e+00,5.193195136341651086e+00,4.464870925728025242e+00
4.701908581815716914e+00,5.557103279225229286e+00,4.572216483009476029e+00
5.021494734603243693e+00,6.028657470957399234e+00,4.479121944286506007e+00
5.314520046864346980e+00,6.511648570275836434e+00,4.244997521812031493e+00
5.546414142398224278e+00,6.922672671798416388e+00,3.975103717527728620e+00
5.713192801930238041e+00,7.215429605185618378e+00,3.789377081398495051e+00
5.839846842482544709e+00,7.391321340198758527e+00,3.784771355958258532e+00
5.968086411137721647e+00,7.493453334381786846e+00,4.003316954635121050e+00
6.138072887888793794e+00,7.586808520349884510e+00,4.416494716633160955e+00
6.370853468338574466e+00,7.731983790559466385e+00,4.931367827235988877e+00
6.657948896116494097e+00,7.961901443614499030e+00,5.416902322676655501e+00
6.962026151496266024e+00,8.269673824582183030e+00,5.742346786090317678e+00
7.228680497890598744e+00,8.611759610666869236e+00,5.815609322385868474e+00
7.405398210122893232e+00,8.925109239891590107e+00,5.609569926077914381e+00
7.461136714222853072e+00,9.152032454717579313e+00,5.168198926959858497e+00
7.399563368741261193e+00,9.263744145166224797e+00,4.590912062530635218e+00
7.260999513776187797e+00,9.273918051940507112e+00,4.000606245962475604e+00
7.111866823781107350e+00,9.236986541988372323e+00,3.505972200730737676e+00
7.024672876620851270e+00,9.231213452511017437e+00,3.170287184039837669e+00
7.054868873822051967e+00,9.331930814377546568e+00,2.996460255430833719e+00
7.222137281574019241e+00,9.583925904192684087e+00,2.932490714459928594e+00
7.502381934725568691e+00,9.982537864052334342e+00,2.894619222735076214e+00
7.833299333382385043e+00,1.047033633914280770e+01,2.799620098758023978e+00
8.132018799171449430e+00,1.095117586797496578e+01,2.594847489416837405e+00
8.319362414066329592e+00,1.131763448080704393e+01,2.275725989041278652e+00
7.988564524753176244e+00,1.175481573571888205e+01,1.947787445225671821e+00
7.840096650556187541e+00,1.167602476532500511e+01,1.555313012771947001e+00
7.557536362491958926e+00,1.137431336960879591e+01,1.234799916740860981e+00
7.204779717558129626e+00,1.092843950308841272e+01,1.029134353859422646e+00
6.856401203591811822e+00,1.044977157733292117e+01,9.337209664496350925e-01
6.575062859545155014e+00,1.004933116425305606e+01,8.956843282107078696e-01
6.393838844385435038e+00,9.805532725613678835e+00,8.314358347555721451e-01
6.308935714534842809e+00,9.742732438156362917e+00,6.568508976815137235e-01
6.284726496110116578e+00,9.827093386765040961e+00,3.197020566782320383e-01
6.268888983430934481e+00,9.980586000023404125e+00,-1.770889431542195247e-01
6.212133297748928307e+00,1.010806526465833599e+01,-7.699689109744962678e-01
6.085619394682275640e+00,1.012824507178879330e+01,-1.349773154808080022e+00
5.890143739523062472e+00,9.998370400782903289e+00,-1.793068843939585211e+00
5.654155481889101331e+00,9.724768785522165615e+00,-2.000006717875754347e+00
5.421609822286938218e+00,9.356402045922777688e+00,-1.926424705057619313e+00
5.234221607487906880e+00,8.964345205345161105e+00,-1.599561073393402477e+00
5.114627366149899323e+00,8.614823265349983217e+00,-1.111909303830907358e+00
5.056634564296398793e+00,8.345458604041898099e+00,-5.947909819746159954e-01
5.026247396504634146e+00,8.153063318560182182e+00,-1.798114724356563165e-01
4.973363361496367041e+00,7.997132177407856091e+00,3.968713976519699926e-02
4.850238154983694372e+00,7.817605159970549167e+00,3.506133010153678065e-02
4.630328243359408624e+00,7.560401732454257839e+00,-1.514752056416353021e-01
4.320811040333098596e+00,7.201429009520866842e+00,-4.225459379770231116e-01
3.964083959644502553e+00,6.760204028451932246e+00,-6.576913086758731097e-01
3.627200967803176468e+00,6.297770494857175549e+00,-7.511918054915707188e-01
3.382294653783444183e+00,5.899033327044485020e+00,-6.433781455878349043e-01
3.284171354392400932e+00,5.645122835185336641e+00,-3.356138159895940554e-01
3.352382982658562494e+00,5.585048524418224858e+00,1.152284358758652871e-01
3.563770914011817226e+00,5.716436941502866631e+00,6.200634161511509035e-01
3.858155088149496592e+00,5.982343713347705538e+00,1.090074369999087356e+00
4.155593642002083143e+00,6.285893018847948710e+00,1.466940525620183955e+00
4.379868910788185410e+00,6.518565863737416421e+00,1.740456426443037996e+00
4.480815271076330930e+00,6.593319449832566015e+00,1.947787445225671599e+00
4.448471978215456701e+00,6.471943267257792343e+00,2.155118464008304979e+00
4.314699471132625419e+00,6.177764809027401327e+00,2.428634364831158798e+00
4.141960899158950937e+00,5.789469483353639312e+00,2.805500520452254953e+00
4.003097077681047722e+00,5.417871188981584041e+00,3.275511474300191850e+00
3.958752304630026142e+00,5.172960358741537590e+00,3.780346454575476578e+00
4.039718361330602470e+00,5.131653619494491281e+00,4.231188706440937253e+00
4.239676770485287349e+00,5.316357042223652130e+00,4.538953036039178102e+00
4.520257185869038352e+00,5.690850115784565233e+00,4.646766695942913472e+00
4.826202111012992901e+00,6.174309137795274793e+00,4.553266199127217639e+00
5.105122726388378496e+00,6.668411338088400697e+00,4.318120828428367197e+00
5.324946241334851393e+00,7.088339828496018846e+00,4.047050096092979388e+00
5.483133702481744365e+00,7.387489790041444238e+00,3.860513560349807527e+00
5.604728290304917593e+00,7.568057014865985366e+00,3.855887750686146198e+00
5.730241487034493097e+00,7.674629428681875254e+00,4.075386362886998626e+00
5.897939836920453871e+00,7.773708131173996172e+00,4.490365872425961413e+00
6.127040190892710569e+00,7.926788220141255614e+00,5.007484194282248779e+00
6.407991895406054184e+00,8.166651741399183706e+00,5.495135963844745675e+00
6.703534924155489350e+00,8.485206646316504120e+00,5.821999595508962955e+00
6.960427889898510578e+00,8.837026973748905334e+00,5.895581608327097989e+00
7.127943166488652338e+00,9.157162778874367248e+00,5.688643734390928408e+00
7.176738193586171377e+00,9.386721501774115239e+00,5.245348045259424552e+00
7.111402609451708656e+00,9.496922471510272246e+00,4.665543801425842574e+00
6.971982225351822215e+00,9.502764326227561398e+00,4.072663833605563610e+00
6.823438225515995548e+00,9.460985273515484906e+00,3.575872833773113157e+00
6.736089391468970788e+00,9.452439099077903251e+00,3.238723992769831916e+00
6.763224695356027993e+00,9.554498360519994904e+00,3.064139055695771496e+00
6.923189741382795859e+00,9.812744379663099537e+00,2.999890562240635106e+00
7.191942269408611033e+00,1.022173810447831244e+01,2.961853924001709437e+00
7.508749766706167783e+00,1.072186167100613119e+01,2.866440536591921440e+00
7.793454421346082128e+00,1.121398362237303914e+01,2.660774973710484215e+00
7.969961202957442481e+00,1.158776890664887027e+01,2.340261877679396196e+00
7.624752078155003332e+00,1.201468676994426943e+01,2.010619298297467772e+00
7.478227425374964099e+00,1.193092538309690198e+01,1.616517829559697583e+00
7.204152035558806233e+00,1.161920048355904100e+01,1.294676019111486553e+00
6.864171090034329126e+00,1.116057284421377815e+01,1.088157852071620191e+00
6.529618612698574687e+00,1.066916953455131889e+01,9.923489203143220916e-01
6.259883636592732614e+00,1.025839378815080849e+01,9.541545979425689605e-01
6.085687776094821366e+00,1.000798947864191213e+01,8.896397568698493075e-01
6.002455523614687039e+00,9.942282036342197316e+00,7.143310630264863015e-01
5.975497112540901767e+00,1.002618732851057359e+01,3.757845427043082775e-01
5.954760484666595133e+00,1.017974067459288179e+01,-1.230659466527512791e-01
5.893776814738755476e+00,1.030589512164877242e+01,-7.184037490221375499e-01
5.766164632457334349e+00,1.032215821523528021e+01,-1.300611620874144947e+00
5.574071845332095876e+00,1.018564399590362690e+01,-1.745745030150293253e+00
5.345851868638837878e+00,9.903600407586578669e+00,-1.953540782719047186e+00
5.124076040228698226e+00,9.526554375631445026e+00,-1.879653729381559391e+00
4.948369694703621313e+00,9.127156081296504908e+00,-1.551435056612300745e+00
4.839363185196228656e+00,8.772586232218939628e+00,-1.061761684984936061e+00
4.789654727870966688e+00,8.500409213393048447e+00,-5.424996049542722965e-01
4.765224978773954234e+00,8.306353224942188973e+00,-1.257997624118756264e-01
4.717066131974211984e+00,8.148184905472898976e+00,9.460880003494787083e-02
4.599153963302286208e+00,7.964119107367367612e+00,8.996381368220052188e-02
4.386553805361760539e+00,7.699040688533468568e+00,-9.734602520343837995e-02
4.087229183236995134e+00,7.328995204814630071e+00,-3.695405044139929984e-01
3.743116679089364407e+00,6.874908188403344056e+00,-6.056606903326779978e-01
3.419589635127761706e+00,6.400161108036165558e+00,-6.995488014445325753e-01
3.186365947591973224e+00,5.992243925669271221e+00,-5.912881908044593793e-01
3.095893072819379199e+00,5.734311730537021035e+00,-2.822479978893124297e-01
3.166248482700485756e+00,5.676169603783065121e+00,1.704632590412151760e-01
3.374263882394761715e+00,5.814704983224945778e+00,6.773910758491330508e-01
3.661335629401806457e+00,6.090867505322920650e+00,1.149350500253555118e+00
3.950285622700396182e+00,6.404906298209871451e+00,1.527778986713862253e+00
4.168040790288644715e+00,6.645502282954084627e+00,1.802428771066707958e+00
4.266997813910503368e+00,6.723712673760390501e+00,2.010619298297467328e+00
4.238364787938120770e+00,6.600873316965277127e+00,2.218809825528226920e+00
4.113382673217213181e+00,6.301401762579367016e+00,2.493459609881072403e+00
3.952260801333733475e+00,5.906240777073572090e+00,2.871888096341379537e+00
3.824610685531246723e+00,5.528906211367218049e+00,3.343847520745801383e+00
3.787828776005042641e+00,5.281702754678843093e+00,3.850775337553718369e+00
3.870393221756877278e+00,5.242798990070467013e+00,4.303486594484247085e+00
4.065255773087950608e+00,5.434483481994313969e+00,4.612526787399394479e+00
4.335048458404049398e+00,5.819193272677972928e+00,4.720787398039468563e+00
4.626861344219419081e+00,6.314066769810116497e+00,4.626899286927613986e+00
4.891215582607271628e+00,6.818769920811214469e+00,4.390779101008928542e+00
5.098596521362686040e+00,7.247164640283533465e+00,4.118584621798374812e+00
5.247925901113974945e+00,7.552395915926955361e+00,3.931274782912735688e+00
5.364269055029574851e+00,7.737457441074983677e+00,3.926629796559987451e+00
5.486878989655491701e+00,7.848377663486630240e+00,4.147038359006809394e+00
5.652064416435225169e+00,7.953107382641130485e+00,4.563738201549210061e+00
5.877172714383701368e+00,8.113972277821360990e+00,5.083000281579868940e+00
6.151584391423837062e+00,8.363572815669122917e+00,5.572673653207235844e+00
6.438158649525723476e+00,8.692612193204386273e+00,5.900892325976494490e+00
6.684892544156967986e+00,9.053819354706218903e+00,5.974779379313982730e+00
6.842921872843369613e+00,9.380407282755548692e+00,5.766983626745227909e+00
6.884654500723984327e+00,9.612342960725650087e+00,5.321850217469081379e+00
6.815604589123270607e+00,9.720885427012184721e+00,4.739642345617074426e+00
6.675491048859295340e+00,9.722351150226314687e+00,4.144304543247686823e+00
6.527722600601575387e+00,9.675734377191535174e+00,3.645454053890628821e+00
6.440324489233846705e+00,9.664401940964584270e+00,3.306907533568451463e+00
6.464339791078620223e+00,9.767689602879217503e+00,3.131598839725086236e+00
6.616743394299974490e+00,1.003192369939286088e+01,3.067083998652365917e+00
6.873576835103410332e+00,1.045088700906422474e+01,3.028889676280614562e+00
7.175766326565985231e+00,1.096282849408795634e+01,2.933080744523315797e+00
7.445988175523170938e+00,1.146572660229406537e+01,2.726562577483450767e+00
7.611349672240935504e+00,1.184644343630331953e+01,2.404720767035237738e+00
7.252059192433420343e+00,1.226256240869174086e+01,2.073451151369263723e+00
7.107672772986097343e+00,1.217389288184931218e+01,1.677801251318102427e+00
6.842486294111064460e+00,1.185245489108361028e+01,1.354694918971882434e+00
6.515800420009897564e+00,1.138153147244794816e+01,1.147365338572779336e+00
6.195595207135690785e+00,1.087789102594416768e+01,1.051179971907713284e+00
5.937887531871799851e+00,1.045719895487029127e+01,1.012835583399582573e+00
5.770989838448541853e+00,1.020044172517635062e+01,9.480672624288672967e-01
5.689543826321509457e+00,1.013188400706817305e+01,7.720697777725038513e-01
5.659846965854651302e+00,1.021522728849253525e+01,4.321931024656582299e-01
5.634196958196517890e+00,1.036865396885393942e+01,-6.861737887238694711e-02
5.569025716299869089e+00,1.049331851510876312e+01,-6.662942735019132812e-01
5.440462516719556163e+00,1.050561330571273899e+01,-1.250789649895748035e+00
5.252015015345467219e+00,1.036257285882200030e+01,-1.697671995839824532e+00
5.031905424917266778e+00,1.007236410667626458e+01,-1.906284181422892132e+00
4.821257933091458447e+00,9.687029917728917638e+00,-1.832106824607448115e+00
4.657542970197493304e+00,9.280719479832711727e+00,-1.502598575140636772e+00
4.559343238520579433e+00,8.921494736002264503e+00,-1.011001268582529811e+00
4.518046977379787776e+00,8.646815644621852925e+00,-4.896989990870785903e-01
4.499652740366596682e+00,8.451322966138466342e+00,-7.136193583970928955e-02
4.456316240563937825e+00,8.291092904458373880e+00,1.499126155640322366e-01
4.343803566756530010e+00,8.102676828279671284e+00,1.452493789816122760e-01
4.138832445311280139e+00,7.829984055934638754e+00,-4.279640341818158333e-02
3.850149128752477168e+00,7.449229015538838539e+00,-3.160603393254892701e-01
3.519174324962685230e+00,6.982731525412587459e+00,-5.531082454345384036e-01
3.209507162407550851e+00,6.496152177591755894e+00,-6.473652445174695735e-01
2.988345999828130317e+00,6.079479839098215876e+00,-5.386792761134202578e-01
2.905696152239998664e+00,5.817809010815510717e+00,-2.284248590713273686e-01
2.978126601017755615e+00,5.761685844647423949e+00,2.260651080182896067e-01
3.182487651844711163e+00,5.907256497992619870e+00,7.349846527628942638e-01
3.461836542846878473e+00,6.193419832339788655e+00,1.208798413700844732e+00
3.741875732503391561e+00,6.517648719839629123e+00,1.588713752063001250e+00
3.952791597335212792e+00,6.765937553230363832e+00,1.864442640047888844e+00
4.049622103648667704e+00,6.847537018095735561e+00,2.073451151369263279e+00
4.024764399680773153e+00,6.723372956577597925e+00,2.282459662690638158e+00
3.908796729209247367e+00,6.418931917573830859e+00,2.558188550675525530e+00
3.759582697739439539e+00,6.017333247200799207e+00,2.938103889037681604e+00
3.643393210863923315e+00,5.634677710237808057e+00,3.411917649975632294e+00
3.614280361998352120e+00,5.385465559166927818e+00,3.920837194720236063e+00
3.698355102232178115e+00,5.349031814568100174e+00,4.375327161809854815e+00
3.887842129289394322e+00,5.547519311044619705e+00,4.685581578851946816e+00
4.146429680259537065e+00,5.942057745145048919e+00,4.794267547255996575e+00
4.423639119816727749e+00,6.447832536837040607e+00,4.700010548173066738e+00
4.672985658877232495e+00,6.962604848151795700e+00,4.462962642064017160e+00
4.867569595832371476e+00,7.399010106512916352e+00,4.189698706156709918e+00
5.007786502997005229e+00,7.709998414429671598e+00,4.001652923756916280e+00
5.118693375190328965e+00,7.899364159035618727e+00,3.996989687174495209e+00
5.238226530581795437e+00,8.014531644218338968e+00,4.218264238578234959e+00
5.400676579373052455e+00,8.124829953106665670e+00,4.636601301825608701e+00
5.621485076486845145e+00,8.293345804076610150e+00,5.157903571321054592e+00
5.888968037611355122e+00,8.552456725092168810e+00,5.649500877879164662e+00
6.166150303631754426e+00,8.891662786981660460e+00,5.979009127345975116e+00
6.402341024328203289e+00,9.261890752485488321e+00,6.053186484161419578e+00
6.550614288546897868e+00,9.594583389522124861e+00,5.844574298578351090e+00
6.585176311511455438e+00,9.828631454648578014e+00,5.397691952634276369e+00
6.512466510623363014e+00,9.935369184702841139e+00,4.813196576240443392e+00
6.371825650746142600e+00,9.932421576135144647e+00,4.215519681610914837e+00
6.225019840418445582e+00,9.880984982219807478e+00,3.714709200272871215e+00
6.137678994530306298e+00,9.866857607385364659e+00,3.374832524966025815e+00
6.158519665293936463e+00,9.971257224461862023e+00,3.198835040309660371e+00
6.303114163818534621e+00,1.024120452684980798e+01,3.134066719338944651e+00
6.547617816539470503e+00,1.066970543508743141e+01,3.095722330830815494e+00
6.834701266382336549e+00,1.119293403764339345e+01,2.999536964165748554e+00
7.089992483796491385e+00,1.170608013854248242e+01,2.792207383766646345e+00
7.243916181804209486e+00,1.209331875448523519e+01,2.469101051420424575e+00
6.870896403395834184e+00,1.249811416054479452e+01,2.136283004441059674e+00
6.728841174432494299e+00,1.240460736926945273e+01,1.739164806161923815e+00
6.472935980752004603e+00,1.207377506628955999e+01,1.414859392367256552e+00
6.160046496074276234e+00,1.159103770354367668e+01,1.206760390175130926e+00
5.854689993812540294e+00,1.107568241833184608e+01,1.110218069537845187e+00
5.609416870248544740e+00,1.064551263709773821e+01,1.071731380986944648e+00
5.450077330880229276e+00,1.038266788052285428e+01,1.006722697991879745e+00
5.370530843549529365e+00,1.031132191706539558e+01,8.300720682321922617e-01
5.338110891966731941e+00,1.039399695398978452e+01,4.889340749772859152e-01
5.307541264914876322e+00,1.054710835287745674e+01,-1.373496652267158780e-02
5.238230103126046089e+00,1.067011912450927014e+01,-6.136299027217080315e-01
5.108865843755198810e+00,1.067840019899514736e+01,-1.200294402689963569e+00
4.924322009556713731e+00,1.052895851165395413e+01,-1.648835175835912104e+00
4.712654089670321511e+00,1.023087702917247555e+01,-1.858221543094207284e+00
4.513477747742212109e+00,9.837662516966291903e+00,-1.783768906336689053e+00
4.362046187038924216e+00,9.424883956897565085e+00,-1.453037817236321860e+00
4.274856057548992005e+00,9.061408030830408578e+00,-9.596161415730968258e-01
4.242086892215919391e+00,8.784543656352932217e+00,-4.363792647431306015e-01
4.229796864128045897e+00,8.587842384744730495e+00,-1.648970882842348828e-02
4.191372627000592210e+00,8.425730765766648034e+00,2.056060156166357178e-01
4.084438386497028617e+00,8.233161550841847642e+00,2.009254732747303152e-01
3.887405386360567316e+00,7.953129652115515924e+00,1.218183327648869607e-02
3.609797901130276543e+00,7.562048753223757913e+00,-2.620962137245155255e-01
3.292466156579870962e+00,7.083616333546559396e+00,-5.000238294466341493e-01
2.997143702407859323e+00,6.585709249243237196e+00,-5.946306261276683713e-01
2.788407887617212921e+00,6.160724341263390968e+00,-4.855413127087646608e-01
2.713742033797311493e+00,5.895606294226028332e+00,-1.741355090223044577e-01
2.788174820320268754e+00,5.841586183770182572e+00,2.820411179482413822e-01
2.988603608655727939e+00,5.994067925977979883e+00,7.928493164385779224e-01
3.259828874080935801e+00,6.289958638110768163e+00,1.268421449880818841e+00
3.530546552878154110e+00,6.624059079165163233e+00,1.649746693864145186e+00
3.734312804689100318e+00,6.879795981795314042e+00,1.926498840638122045e+00
3.828882088760748204e+00,6.964710664091227521e+00,2.136283004441059230e+00
3.807859007600746359e+00,6.839363614593523266e+00,2.346067168243996637e+00
3.701116616761462641e+00,6.530287393020497433e+00,2.622819315017973274e+00
3.564084070630763712e+00,6.122692928353674624e+00,3.004144559001299619e+00
3.459585044170490065e+00,5.735143690707310782e+00,3.479716692443540538e+00
3.438235566370560825e+00,5.484212264421133298e+00,3.990524890933876190e+00
3.523729335611085922e+00,5.450312006836835366e+00,4.446701517904423362e+00
3.707567941132600353e+00,5.655411825733551723e+00,4.758107321590882677e+00
3.954548324220286126e+00,6.059371604370994646e+00,4.867196635009787720e+00
4.216703495698546078e+00,6.575512556635796813e+00,4.772589838328754830e+00
4.450622496469967437e+00,7.099801520257657650e+00,4.534662222606635318e+00
4.632073491461582648e+00,7.543744896996656735e+00,4.260384175605631540e+00
4.762936682619359985e+00,7.860153956043726353e+00,4.071640535607389921e+00
4.868230017009830490e+00,8.053625266738013266e+00,4.066959993265482964e+00
4.984516648131852357e+00,8.172931672386715363e+00,4.289055717710541060e+00
5.144011698371888208e+00,8.288706298240628101e+00,4.708945273625252170e+00
5.360217424485309579e+00,8.464725570046864433e+00,5.232182150455213510e+00
5.620391491473120560e+00,8.733102771719934765e+00,5.725603826118440765e+00
5.887770868957348469e+00,9.082138480101749067e+00,6.056334915218808845e+00
6.113048841394702393e+00,9.461003499505656222e+00,6.130787551976326633e+00
6.251310018016257963e+00,9.799440680599301956e+00,5.921401184718030564e+00
6.278604276660857408e+00,1.003533105365658074e+01,5.472860411572083805e+00
6.202295497735757834e+00,1.014011968880452130e+01,4.886195911603829600e+00
6.061295290431887750e+00,1.013272857074045419e+01,4.286300975404790492e+00
5.915639035351448527e+00,1.007649817039178330e+01,3.783631933904834987e+00
5.828462714184292182e+00,1.005957174079659744e+01,3.442493940649928863e+00
5.846078964145024592e+00,1.016496414035959894e+01,3.265843310890240048e+00
5.982627737499822018e+00,1.044033822657744714e+01,3.200834627895174478e+00
6.214408184809089519e+00,1.087792566935312344e+01,3.162347939344274828e+00
6.485918847735590909e+00,1.141188786219687046e+01,3.065805618706988867e+00
6.725852914027639962e+00,1.193473280560295002e+01,2.857706616514864351e+00
6.868063006343410493e+00,1.232806951948962748e+01,2.533401202720194867e+00
6.481687787418765723e+00,1.272102854499248004e+01,2.199114857512855181e+00
6.342154224990279587e+00,1.262276389007357480e+01,1.800609943124242385e+00
6.095910119398604721e+00,1.228287390842221427e+01,1.475172071679312413e+00
5.797299068024251767e+00,1.178882747000764120e+01,1.266346398586793542e+00
5.507271705189569211e+00,1.126230280316464416e+01,1.169466957183312728e+00
5.274822693148296437e+00,1.082311277773042590e+01,1.130845875116211152e+00
5.123290630768200238e+00,1.055445787884699449e+01,1.065610185178740288e+00
5.045754616124021652e+00,1.048039076626830379e+01,8.883427006007678095e-01
5.010631555049581465e+00,1.056229167126798352e+01,5.460134712029416360e-01
4.975144178141597706e+00,1.071489834393748808e+01,4.158913553463783330e-02
4.901747951563992345e+00,1.083609303386395872e+01,-5.604006026040364574e-01
4.771734992135565179e+00,1.084032130608301614e+01,-1.149113704516221635e+00
4.591348587991956443e+00,1.068461487052822889e+01,-1.599220758730562686e+00
4.388442005409995517e+00,1.037896823505686150e+01,-1.809338292301155171e+00
4.201063070682391043e+00,9.978297216674269166e+00,-1.734625670805511444e+00
4.062188665510963581e+00,9.559508457871654485e+00,-1.402739685930667779e+00
3.986194168426386852e+00,9.192195000904085589e+00,-9.075950074199967688e-01
3.962053688899886073e+00,8.913468024696411973e+00,-3.825310146096572161e-01
3.955926941616484616e+00,8.715789894463519261e+00,3.882477381192295240e-02
3.922497385476927612e+00,8.551981312756547382e+00,2.616960449840493030e-01
3.821312553130109535e+00,8.355464394513910875e+00,2.569991584315416411e-01
3.632515817120207657e+00,8.068382732691205206e+00,6.759643545175686441e-02
3.366403445352275092e+00,7.667379537158207192e+00,-2.076393762346748773e-01
3.063201127889905173e+00,7.177510920799814897e+00,-4.463978228253888680e-01
2.782687907996614030e+00,6.668803021026878497e+00,-5.413349815235561913e-01
2.586722269693456866e+00,6.235965078987412369e+00,-4.318647338917518397e-01
2.520189296844633997e+00,5.967699029226047003e+00,-1.193715173231124638e-01
2.596547880306776523e+00,5.915863186561438170e+00,3.383980547205336364e-01
2.792771018506239322e+00,6.075119488179049121e+00,8.509899688924205119e-01
3.055482481260018091e+00,6.380446061997194995e+00,1.328222775508342668e+00
3.316480448643936541e+00,6.724080871736196841e+00,1.710879587425532478e+00
3.512796403497622233e+00,6.987006965655971236e+00,1.988598138312760444e+00
3.604972542939806956e+00,7.075156984831293627e+00,2.199114857512854737e+00
3.587837454749863930e+00,6.948771640286137696e+00,2.409631576712949474e+00
3.490517399556852585e+00,6.635404616093653729e+00,2.687350127600176997e+00
3.365921754725775372e+00,6.222269351643831214e+00,3.070006939517366362e+00
3.273325291087471278e+00,5.830264856435627863e+00,3.547239746133288740e+00
3.259821303409712101e+00,5.577908497517205078e+00,4.059831660305174950e+00
3.346639830288117512e+00,5.546601449688342456e+00,4.517601232348821938e+00
3.524564523327184951e+00,5.758110583149815831e+00,4.830094448917461314e+00
3.759552062096716440e+00,6.171065873814024272e+00,4.939564696549266998e+00
4.006223864459458994e+00,6.697016837065739026e+00,4.844627537851100563e+00
4.224318049439061973e+00,7.230250212883047922e+00,4.605869091260385240e+00
4.392319521846157926e+00,7.681243408513180881e+00,4.330633279573953942e+00
4.513601527926552670e+00,8.002725543450711854e+00,4.141230556594169165e+00
4.613112102257893810e+00,8.200095538761255298e+00,4.136533670041661281e+00
4.725986628593776828e+00,8.323424886318871785e+00,4.359404941213785634e+00
4.882310383670745324e+00,8.444573818643029028e+00,4.780760729635369799e+00
5.093615826364549015e+00,8.627935482863271943e+00,5.305824722445704467e+00
5.346110210672227581e+00,8.905317755457772932e+00,5.800969400956377697e+00
5.603289106316081458e+00,9.263827365575217243e+00,6.132855385831222250e+00
5.817300194917958578e+00,9.650928623784015059e+00,6.207568007326865533e+00
5.945308020453079934e+00,9.994738082106248811e+00,5.997450473756272160e+00
5.965248704880766972e+00,1.023219569511874738e+01,5.547343419541933329e+00
5.885408260639778177e+00,1.033489307273228519e+01,4.958630317629749484e+00
5.744218477305028436e+00,1.032303541596162688e+01,4.356640579491072529e+00
5.599898128871327430e+00,1.026204535536941442e+01,3.852216243822770281e+00
5.512994087556974954e+00,1.024232036456488792e+01,3.509887014424944329e+00
5.527341114428035773e+00,1.034858387454177375e+01,3.332619529846970075e+00
5.655619181730331846e+00,1.062908727571976009e+01,3.267383839909498544e+00
5.874301274878765966e+00,1.107529189669100589e+01,3.228762757842398745e+00
6.129794871676857326e+00,1.161941239619653388e+01,3.131883316438917486e+00
6.353967664195270260e+00,1.215138702191426034e+01,2.923057643346399281e+00
6.484205781838277005e+00,1.255038500671921575e+01,2.597619771901467534e+00
6.084870353838086388e+00,1.293100772154329015e+01,2.261946710584651132e+00
5.948046029719916916e+00,1.282807303190228865e+01,1.862138030726438354e+00
5.711829336704107085e+00,1.247947929626513641e+01,1.535635443028407821e+00
5.427958309640256829e+00,1.197465080788011349e+01,1.326126567064572548e+00
5.153718307909806562e+00,1.143752441467609593e+01,1.228930170798415267e+00
4.934464306034774594e+00,1.098978965194126012e+01,1.190182734371858064e+00
4.790977764087741342e+00,1.071561349979011091e+01,1.124733616602370256e+00
4.715560579582614764e+00,1.063889730029870329e+01,9.468861762523836934e-01
4.677759010110881910e+00,1.071991875895768942e+01,6.034369681230324911e-01
4.637363925355416860e+00,1.087183082520706101e+01,9.736233654337445032e-02
4.559944635934831680e+00,1.099104904913666303e+01,-5.065968965884617425e-01
4.429437436307237519e+00,1.099119189502963856e+01,-1.097236057091296235e+00
4.253457031881510808e+00,1.082936851558427627e+01,-1.548815700510235871e+00
4.059619063821775953e+00,1.051647892386073124e+01,-1.759620663457319711e+00
3.884346410655699078e+00,1.010879043655178222e+01,-1.684663609001046947e+00
3.758283917992194301e+00,9.684462451968123275e+00,-1.351691811953501965e+00
3.693653756871258409e+00,9.313734262414941512e+00,-8.549271972488479143e-01
3.678229918385372610e+00,9.033472624612471691e+00,-3.281453829551614909e-01
3.678315694118053703e+00,8.835052548230155622e+00,9.458893081836627914e-02
3.649955503514237698e+00,8.669735654442842332e+00,3.181893570323208742e-01
3.554682663149733024e+00,8.469484399028294419e+00,3.134771039478572163e-01
3.374408671155083361e+00,8.175655979225490810e+00,1.234547230387637029e-01
3.120194438693362216e+00,7.765153224401736942e+00,-1.526815617267125447e-01
2.831587739591534536e+00,7.264369471190759597e+00,-3.922211405117885796e-01
2.566326828545139715e+00,6.745409139051433911e+00,-4.874688996186922196e-01
2.383457323179716258e+00,6.305193816498894321e+00,-3.776405045120196924e-01
2.325193624222166910e+00,6.034086213978090640e+00,-6.412492196861752092e-02
2.403397754085518034e+00,5.984512772567681438e+00,3.951423082958298583e-01
2.595146995866321582e+00,6.150394945888126408e+00,9.094112397730580444e-01
2.848965983889685027e+00,6.464848249796165902e+00,1.388205381348125655e+00
3.099859491366256492e+00,6.817662157541565904e+00,1.772114109415082517e+00
3.288434807043591146e+00,7.087504896460275816e+00,2.050741256015539360e+00
3.378088963930887534e+00,7.178804466901670622e+00,2.261946710584650688e+00
3.364889146226707428e+00,7.051528215297015123e+00,2.473152165153762461e+00
3.277174172510118666e+00,6.734224202060726583e+00,2.751779311754218860e+00
3.165251924894572078e+00,6.316015383309662390e+00,3.135688039821175721e+00
3.084751802018656619e+00,5.920004412202992228e+00,3.614482181396242666e+00
3.079162957462030725e+00,5.666521805372563669e+00,4.128751112873470852e+00
3.167209139031041509e+00,5.637863788482488481e+00,4.588018343137919786e+00
3.338962457543478646e+00,5.855567229752396408e+00,4.901533925681320625e+00
3.561588783529626490e+00,6.277074412586259200e+00,5.011362320787994484e+00
3.792370923674731387e+00,6.812259222771828604e+00,4.916114561681092177e+00
3.994266603681065231e+00,7.353846084356661983e+00,4.676574982896014809e+00
4.148522162162058713e+00,7.811385820753087295e+00,4.400438698130539450e+00
4.260009883498847572e+00,8.137582602565275991e+00,4.210416317221445937e+00
4.353576933658401593e+00,8.338636541921516709e+00,4.205704064136980946e+00
4.462878323731367836e+00,8.465865398360174154e+00,4.429304490350934209e+00
4.615818295726275444e+00,8.592277023756089704e+00,4.852038804124465976e+00
4.821932074430194781e+00,8.782806786905451801e+00,5.378820618418147959e+00
5.066386238791406704e+00,9.068916223629162943e+00,5.875585233122803785e+00
5.312981313162239871e+00,9.436525880539058164e+00,6.208557030170348767e+00
5.515387697686055191e+00,9.831446203055046240e+00,6.283514084626622420e+00
5.632916300670340881e+00,1.018024425630508567e+01,6.072709121679537247e+00
5.645429226017088631e+00,1.041898959254482548e+01,5.621129478260599832e+00
5.562130741487324670e+00,1.051945606473645078e+01,5.030490317757767116e+00
5.420922608823378397e+00,1.050311609653334344e+01,4.426531084625928258e+00
5.278123553949741975e+00,1.043740864892083842e+01,3.920456453046271328e+00
5.191599819872546817e+00,1.041489023736284558e+01,3.577007244916920570e+00
5.202637944873233167e+00,1.052190092271507993e+01,3.399159804566932230e+00
5.322432536915880696e+00,1.080722566024349973e+01,3.333710686797443756e+00
5.527660340210597489e+00,1.126156065103142367e+01,3.294963250370887664e+00
5.766716183166977316e+00,1.181524345261902198e+01,3.197766854104730161e+00
5.974747016153021839e+00,1.235575962741726386e+01,2.988257978140895776e+00
6.092772918902751300e+00,1.275996972732188439e+01,2.661755390442863689e+00
5.680893404872270125e+00,1.312777009089964864e+01,2.324778563656447083e+00
5.546962567896190244e+00,1.302026150344627808e+01,1.923750355627624753e+00
5.321125255355026340e+00,1.266333461623886159e+01,1.596251843820053029e+00
5.052434257274923901e+00,1.214827231956873277e+01,1.386103907252728140e+00
4.794416491241247691e+00,1.160113302670577085e+01,1.288611034823596180e+00
4.588708808969092168e+00,1.114534621012969495e+01,1.249745407890825222e+00
4.453493961208323526e+00,1.086594867729296787e+01,1.184096652027212482e+00
4.380301124921912148e+00,1.078666030538835763e+01,1.005706727297811298e+00
4.339850251478349463e+00,1.086669780316512046e+01,6.612099031321201359e-01
4.294565715513885884e+00,1.101772534498302569e+01,1.535916025409211905e-01
4.213192436506074223e+00,1.113480899505350941e+01,-4.522098749838212584e-01
4.082347246729774781e+00,1.113084037165769402e+01,-1.044650649936731845e+00
3.911015653225719646e+00,1.096305894028125394e+01,-1.497607737428716668e+00
3.726540442329995262e+00,1.064326264131490163e+01,-1.709055714406686022e+00
3.563664775022761688e+00,1.022901013326964481e+01,-1.633870019993101330e+00
3.450649270141332714e+00,9.799626051865841347e+00,-1.299882565940156720e+00
3.397534331235676497e+00,9.425914252999108456e+00,-8.016026803764275677e-01
3.390901162778598987e+00,9.144450500675565863e+00,-2.732140343788280745e-01
3.397238693855614056e+00,8.945526097103295271e+00,1.508097371536281095e-01
3.374014601871957009e+00,8.778893230985698182e+00,3.750922071361795229e-01
3.284807537850990666e+00,8.575128546129091589e+00,3.703655803633165711e-01
3.113330411357734029e+00,8.274869481126303938e+00,1.797635781047142167e-01
2.871400110523195437e+00,7.855308335724272339e+00,-9.721499947521117235e-02
2.597833903443842019e+00,7.344151905094252086e+00,-3.374852408972461859e-01
2.348245822388734361e+00,6.815507994015785442e+00,-4.330235322793858366e-01
2.178778699416010323e+00,6.368406183018302968e+00,-3.228601298841953238e-01
2.128907788049474448e+00,6.094770120508242073e+00,-8.388237225233741157e-03
2.208873644767851641e+00,6.047533946311227204e+00,4.522798863998676033e-01
2.395886491606832536e+00,6.219881365127719164e+00,9.681174817926172516e-01
2.640446726834188240e+00,6.543135168330701745e+00,1.448372079263191115e+00
2.880865394857353934e+00,6.904755427690227876e+00,1.833451836205725716e+00
3.061420764242849923e+00,7.181229066609590816e+00,2.112928873445115485e+00
3.148427481132322736e+00,7.275586633033221950e+00,2.324778563656446639e+00
3.139203971692708706e+00,7.147569267028088369e+00,2.536628253867777794e+00
3.061262018184187195e+00,6.826690837845755588e+00,2.816105291107168007e+00
2.962230097477588586e+00,6.403887069420678202e+00,3.201185048049701720e+00
2.894001217498086476e+00,6.004327874962090306e+00,3.681439645520275583e+00
2.896384459238916520e+00,5.750021449926599360e+00,4.197277240913024343e+00
2.985558544097625777e+00,5.724064235455735172e+00,4.657945364538127464e+00
3.150891660952595430e+00,5.947735339931839782e+00,4.972417257197088603e+00
3.360806625852015284e+00,6.377333806732123911e+00,5.082580659592279559e+00
3.575316653545000278e+00,6.921157346995196136e+00,4.987042368210142129e+00
3.760664699842931835e+00,7.470489184743335898e+00,4.746772126788105339e+00
3.900898924853263949e+00,7.934058151919425761e+00,4.469793549208180394e+00
4.002394192665254202e+00,8.264601071429895640e+00,4.279191546949578040e+00
4.089865817798182590e+00,8.469116747754615204e+00,4.274464920176714422e+00
4.195437964539987519e+00,8.600114428464454619e+00,4.498747390159264725e+00
4.344785952530193285e+00,8.731667691897992967e+00,4.922771161691724018e+00
4.545423481459933690e+00,8.929178260680513901e+00,5.451159807689319514e+00
4.781487980821555794e+00,9.223720715155767635e+00,5.949439693253051331e+00
5.017131068487437062e+00,9.600039102883346942e+00,6.283427147305995497e+00
5.207612084001691954e+00,1.000234571002672901e+01,6.358612841719580189e+00
5.314451581379387335e+00,1.035573798225078512e+01,6.147164864741609946e+00
5.319474434629317017e+00,1.059548763207867239e+01,5.694207777249626901e+00
5.232797740592861402e+00,1.069358638013472174e+01,5.101767002296718090e+00
5.091743590262766794e+00,1.067275567383450863e+01,4.495965524771973421e+00
4.950649852363142145e+00,1.060238121319296667e+01,3.988347224180775807e+00
4.864614499118492752e+00,1.057707919341626024e+01,3.643850400015084645e+00
4.872309290501699586e+00,1.068471110034214533e+01,3.465460475285682129e+00
4.983420393805392479e+00,1.097453925482830428e+01,3.399811719422068279e+00
5.174858085314923528e+00,1.143650124783188105e+01,3.360946092489299097e+00
5.397080149625018919e+00,1.199913072405700021e+01,3.263453220060166693e+00
5.588612759940334129e+00,1.254758243668646145e+01,3.053305283492842470e+00
5.694204984286953319e+00,1.295654402009610884e+01,2.725806771685268970e+00
5.270217864533970342e+00,1.331105086638745050e+01,2.387610416728243035e+00
5.139361027761422562e+00,1.319907268307767545e+01,1.985448121354870477e+00
4.924239860597117158e+00,1.283419926265300859e+01,1.657023460438173501e+00
4.671146225464690716e+00,1.230947161142670687e+01,1.446281236210846144e+00
4.429761136381495490e+00,1.175292832712104918e+01,1.348512658904620132e+00
4.237930611164816064e+00,1.128959840088401201e+01,1.309537121958638251e+00
4.111201198671486701e+00,1.100528978987552442e+01,1.243702714757489058e+00
4.040335146130865418e+00,1.092351088503792766e+01,1.064808312407859336e+00
3.997268748055085030e+00,1.100246093361018929e+01,7.193372687715617886e-01
3.947121252896832022e+00,1.115241439571595805e+01,2.102834494835796875e-01
3.861870034118183082e+00,1.126720799060008460e+01,-3.972312037610143953e-01
3.730844577595455291e+00,1.125910853850084337e+01,-9.913473710474764999e-01
3.564398293763281433e+00,1.108553877946367550e+01,-1.445585398109958231e+00
3.389566132544493904e+00,1.075918546629913308e+01,-1.657631339195988485e+00
3.239359240697317066e+00,1.033883594365610215e+01,-1.582233023468444966e+00
3.139605479032238300e+00,9.904890118498190787e+00,-1.247301069908242077e+00
3.098138384279226720e+00,9.528633308755015463e+00,-7.476120742097434047e-01
3.100355731867077580e+00,9.246303927341394058e+00,-2.177291720365603922e-01
3.112974085704197869e+00,9.047115040069378722e+00,2.074937171226753918e-01
3.094944675747067997e+00,8.879361851169758069e+00,4.324104465057365676e-01
3.011947984915197107e+00,8.672311774389671157e+00,4.276704530731270104e-01
2.849528819308615013e+00,8.365950712074704754e+00,2.365294380611078218e-01
2.620250070346307414e+00,7.937789978103902300e+00,-4.123242082735423253e-02
2.362146818628686251e+00,7.416823738677947198e+00,-2.821821342531372068e-01
2.128628485050584107e+00,6.879084519587303603e+00,-3.779906030567334874e-01
1.972849498400064183e+00,6.425601424691388175e+00,-2.675156641711220473e-01
1.931481655497815364e+00,6.149756024934990073e+00,4.784553898156751472e-02
2.013122001660049509e+00,6.104928534827516629e+00,5.098164085945613433e-01
2.195142298259835645e+00,6.283568887279314730e+00,1.027112766431114377e+00
2.430090759066154682e+00,6.615280424889673938e+00,1.508725499439910411e+00
2.659679462392230409e+00,6.985317474315861475e+00,1.894894242319712596e+00
2.831947282567425006e+00,7.268123577339431485e+00,2.175161626384288560e+00
2.916184771664056541e+00,7.365441966380137373e+00,2.387610416728242591e+00
2.910972236896796073e+00,7.236835384526472126e+00,2.600059207072196621e+00
2.842955973955031190e+00,6.912753170033409944e+00,2.880326591136772585e+00
2.757011144619012644e+00,6.485843487602346968e+00,3.266495334016574326e+00
2.701209028533440915e+00,6.083202894443314079e+00,3.748108067025370360e+00
2.711608378035665012e+00,5.828378214656783740e+00,4.265404424861923616e+00
2.801808157738875149e+00,5.805169385898799383e+00,4.727375294474917666e+00
2.960481468166023866e+00,6.034570265476978612e+00,5.042736497627607228e+00
3.157354014284880606e+00,6.471783269198184030e+00,5.153211436513219112e+00
3.355234301351569304e+00,7.023632589081527655e+00,5.057402967709624164e+00
3.523711059699564885e+00,7.580084467562845596e+00,4.816453254283841190e+00
3.649670236083630392e+00,8.049152314174383704e+00,4.538691395395378692e+00
3.740990338441418039e+00,8.383663487028826466e+00,4.347550380383359503e+00
3.822223885487311623e+00,8.591411641817320088e+00,4.342810386950748835e+00
3.923915971229188226e+00,8.726040434082797503e+00,4.567727116333808013e+00
4.069468531621367902e+00,8.862605026234293248e+00,4.992950005493049126e+00
4.264352669414329888e+00,9.066896409010013258e+00,5.522832907666226809e+00
4.491689968464727123e+00,9.369561998870898023e+00,6.022521903364728146e+00
4.716028964485298403e+00,9.754181040264843006e+00,6.357453856924930591e+00
4.894281901910018995e+00,1.016342634792770738e+01,6.432852172652474110e+00
4.990238957354268479e+00,1.052100852466527314e+01,6.220806231566443856e+00
4.987721514515367716e+00,1.076147575556236191e+01,5.766568204503963457e+00
4.897752523810874337e+00,1.085707309910763030e+01,5.172452037217501797e+00
4.757025436714720890e+00,1.083175064489999784e+01,4.564937383972906382e+00
4.617819277492095864e+00,1.075676759813182137e+01,4.055883564684926057e+00
4.532380197135739586e+00,1.072869646775479424e+01,3.710412521048628509e+00
4.536702580717022926e+00,1.083682187494155613e+01,3.531518118698997011e+00
4.638943451694303555e+00,1.113082618543085012e+01,3.465683711497847597e+00
4.816276177125291547e+00,1.159989619666898619e+01,3.426708174551866826e+00
5.021294114651807305e+00,1.217083825487612714e+01,3.328939597245640591e+00
5.195997589887949353e+00,1.272660276601949647e+01,3.118197373018314345e+00
5.288954051912902798e+00,1.313984461489535072e+01,2.789772712101615149e+00
4.853315578091039306e+00,1.348060261391801262e+01,2.450442269800038986e+00
4.725709113147193108e+00,1.336426713634465280e+01,2.047232447115464371e+00
4.521624841434674913e+00,1.299184910864312670e+01,1.717952326087413439e+00
4.284522200850698681e+00,1.245804370483335433e+01,1.506661173633742301e+00
4.060154767736899650e+00,1.189272426882492972e+01,1.408637934823731008e+00
3.882510930504373459e+00,1.142237547312892865e+01,1.369560876825453910e+00
3.764467727826598331e+00,1.113347593166533045e+01,1.303554988258812886e+00
3.696027575370764318e+00,1.104929271775304755e+01,1.124194612906645796e+00
3.650383966247976897e+00,1.112705308013211614e+01,7.778237078024738960e-01
3.595408238449419702e+00,1.127574367217126472e+01,2.674439368161087849e-01
3.506361992509163805e+00,1.138809470253839784e+01,-3.416531327776808347e-01
3.375315143201585322e+00,1.137585183136111944e+01,-9.373168168712111559e-01
3.213983814379558268e+00,1.119667401568361953e+01,-1.392738014868930563e+00
3.049060461531758470e+00,1.086412617773920886e+01,-1.605336280021817608e+00
2.911774520448235926e+00,1.043815931027210908e+01,-1.529741571455235150e+00
2.825476348887381306e+00,1.000015635094739253e+01,-1.193937207992897598e+00
2.795771054159013502e+00,9.621799728880018776e+00,-6.929466535055146537e-01
2.806884359842651833e+00,9.338944458835914730e+00,-1.616835453355216501e-01
2.825802309712756255e+00,9.139732664921318417e+00,2.646469379340206096e-01
2.813017837497779006e+00,8.971057722079589070e+00,4.901495164120497350e-01
2.736366562834708027e+00,8.760956987397829465e+00,4.853971765396256632e-01
2.583252789702486840e+00,8.448834501414893339e+00,2.937582893107939519e-01
2.366974144036035010e+00,8.012549764404667485e+00,1.527293362379200659e-02
2.124732859965093201e+00,7.482355943292026801e+00,-2.263043906156934071e-01
1.907656592861039169e+00,6.936127993712092987e+00,-3.223624153544695226e-01
1.765830261320588068e+00,6.476782162111149432e+00,-2.115997182254396591e-01
1.733062213918643568e+00,6.199051945090538140e+00,1.045829181570598898e-01
1.816286555392065072e+00,6.156700933199114267e+00,5.677571007321744467e-01
1.993065072300683083e+00,6.341450507087069255e+00,1.086400879918399509e+00
2.218062826609675575e+00,6.681261092525293321e+00,1.569268087792326405e+00
2.436482545192827587e+00,7.059309264531991701e+00,1.956442698973441363e+00
2.600207560023729769e+00,7.348137249458369880e+00,2.237440106072559498e+00
2.681557984553073481e+00,7.448313837065039245e+00,2.450442269800038542e+00
2.680384603806713617e+00,7.319271737526767296e+00,2.663444433527518029e+00
2.622431009404741165e+00,6.992363698081570433e+00,2.944441840626635720e+00
2.549749320938713648e+00,6.561846606684172301e+00,3.331616451807750234e+00
2.506509651099735336e+00,6.156599084332492922e+00,3.814483659681676908e+00
2.524956028924060014e+00,5.901564223504892404e+00,4.333127438867901304e+00
2.616077037120351001e+00,5.881147047225991464e+00,4.796301621443017638e+00
2.767860725664294197e+00,6.116028996870588763e+00,5.112484257825516742e+00
2.951379711691568541e+00,6.560364549234906306e+00,5.223246954954547938e+00
3.132298372129045827e+00,7.119610038217729198e+00,5.127188930215773155e+00
3.283606515599095665e+00,7.682541804397265750e+00,4.885611605976285965e+00
3.395059312714995947e+00,8.156566169102749342e+00,4.607126250289285352e+00
3.476037483170772546e+00,8.494659070076117757e+00,4.415487363060453418e+00
3.550899909517211128e+00,8.705403829780395952e+00,4.410735023188028237e+00
3.648566759410477367e+00,8.843519236250498849e+00,4.636237601666055141e+00
3.790125666793598747e+00,8.984955806494751229e+00,5.062568084935602286e+00
3.978987350746810758e+00,9.195815650204492542e+00,5.593831193105589961e+00
4.197272615364068038e+00,9.506279305481735165e+00,6.094821747592975569e+00
4.409972325203585619e+00,9.898774910840755226e+00,6.430626111055312677e+00
4.575713189713423112e+00,1.031449737550973644e+01,6.506220819621895579e+00
4.660611531946035058e+00,1.067585599007733954e+01,6.293622554469008534e+00
4.650515844757654449e+00,1.091675132915768565e+01,5.838201356471290460e+00
4.557346411733922409e+00,1.100971702905900962e+01,5.242537672377761027e+00
4.417119857988490494e+00,1.097990928568100877e+01,4.633440602783968743e+00
4.279981381272778052e+00,1.090038406319136755e+01,4.123060831797605630e+00
4.195246055563617738e+00,1.086956300564882660e+01,3.776689926693434174e+00
4.196172411840638716e+00,1.097805268182507454e+01,3.597329551341265308e+00
4.289370059314038031e+00,1.127589717356820742e+01,3.531323662774623617e+00
4.452304736154903964e+00,1.175154159285864353e+01,3.492246604776347851e+00
4.639774828076079771e+00,1.233014488908674977e+01,3.394223365966336114e+00
4.797344473854850300e+00,1.289258393292844218e+01,3.182932213512666308e+00
4.877483024929947675e+00,1.330962516584086153e+01,2.853652092484613156e+00
4.430668583737981336e+00,1.363619575884999691e+01,2.513274122871834493e+00
4.306484323604742315e+00,1.351562310077576079e+01,2.109104366692393207e+00
4.113740908032016641e+00,1.313607694640610468e+01,1.779040318786608399e+00
3.892998215766009906e+00,1.259379941960738769e+01,1.567246139266139426e+00
3.686006987345410213e+00,1.202034939639841937e+01,1.468989533645809198e+00
3.522837279027744906e+00,1.154352025668489112e+01,1.429819443745175001e+00
3.413667591240172161e+00,1.125035916351375676e+01,1.363656413016490987e+00
3.347748906697237903e+00,1.116386229524389329e+01,1.183869029138574058e+00
3.299570881507210895e+00,1.124033220895099561e+01,8.366735086238867858e-01
3.239809859637271305e+00,1.138757230810033327e+01,3.250786614917817730e-01
3.147058229416283659e+00,1.149733157633514047e+01,-2.854685034266597476e-01
3.016149684078124338e+00,1.148093953293124692e+01,-8.825503015885187708e-01
2.860155576017850976e+00,1.129634416333563962e+01,-1.339055734239351203e+00
2.705391606870271470e+00,1.095797640114994387e+01,-1.552160138340719087e+00
2.581258525378614888e+00,1.052688358922571155e+01,-1.476385459226036811e+00
2.508588345056284474e+00,1.008533736142603665e+01,-1.139781636429936906e+00
2.490739785130094308e+00,9.705331828002986327e+00,-6.375983589809397500e-01
2.510779902592112034e+00,9.422292968800906721e+00,-1.050704570895932832e-01
2.536005824717816992e+00,9.223301080381755668e+00,3.222750037121140387e-01
2.528508061109141281e+00,9.053905471184235054e+00,5.483144428172448404e-01
2.458327348323868566e+00,8.840995055599481844e+00,5.435507889093833533e-01
2.314752129890035537e+00,8.523463000928924060e+00,3.514556613401125240e-01
2.111802218175901302e+00,8.079545730844436946e+00,7.230730736856028074e-02
1.885797477720051241e+00,7.540724805640375727e+00,-1.698451471184823092e-01
1.685510061535290927e+00,6.986631843896042859e+00,-2.661318600245841104e-01
1.557878980584836759e+00,6.521954154627570333e+00,-1.551054668817806181e-01
1.533793614620532653e+00,6.242668386808519543e+00,1.618299148111823627e-01
1.618508371239497867e+00,6.202857859334727664e+00,6.261067897980323593e-01
1.789803372746660237e+00,6.393521859170013144e+00,1.145985319497601740e+00
2.004526379064843766e+00,6.741057542172905315e+00,1.630002103548331416e+00
2.211455011678956417e+00,7.126695819227771622e+00,2.018098472724229708e+00
2.366394925769632174e+00,7.421223537403230708e+00,2.299764858622646901e+00
2.444744672643897054e+00,7.524150431593016108e+00,2.513274122871834049e+00
2.447632038901129459e+00,7.394827999281706532e+00,2.726783387121021640e+00
2.399862013372592529e+00,7.065478673469323567e+00,3.008449773019438389e+00
2.340598301807851556e+00,6.631861155122839691e+00,3.396546142195336238e+00
2.310036513888050536e+00,6.224487864980062568e+00,3.880562926246065913e+00
2.336547593912552401e+00,5.969552773220488717e+00,4.400441455945633962e+00
2.428483312626711577e+00,5.951966081909640494e+00,4.864718330932486623e+00
2.573157897745066869e+00,6.192070037272194405e+00,5.181653712625449160e+00
2.743032877067056674e+00,6.643021851914093112e+00,5.292680105768253540e+00
2.906684624926511695e+00,7.209018463881971428e+00,5.196393392862152183e+00
3.040553942549962141e+00,7.777776002685029333e+00,4.954240938375109593e+00
3.137292039559927304e+00,8.256203583339541296e+00,4.675092584403557794e+00
3.207777906741341667e+00,8.597483807816894696e+00,4.482997456834286965e+00
3.276146119760887654e+00,8.810983140274949221e+00,4.478233802926423479e+00
3.369648542471063823e+00,8.952434141762596553e+00,4.704273242031552726e+00
3.507021239508145261e+00,9.098594536235484753e+00,5.131618702833264933e+00
3.689600102368853829e+00,9.315798497900082964e+00,5.664146604724606071e+00
3.898521962399049023e+00,9.633720552695120176e+00,6.166329882173606336e+00
4.099264912440014008e+00,1.003365341506211195e+01,6.502933704969706241e+00
4.252229137167487849e+00,1.045537842068411472e+01,6.578708384084388072e+00
4.325910036474134301e+00,1.082009166929215915e+01,6.365603979983019300e+00
4.308210587920786594e+00,1.106112349654027582e+01,5.909098547332188645e+00
4.211938351401059322e+00,1.115133105057538820e+01,5.312016749170330954e+00
4.072385827125467372e+00,1.111705197765325259e+01,4.701469584251887213e+00
3.937492586005411077e+00,1.103305888250506506e+01,4.189874737119783532e+00
3.853567857350141956e+00,1.099951175544890525e+01,3.842679216605096926e+00
3.851080104846577257e+00,1.110823522246429285e+01,3.662891832727177999e+00
3.935075739267754003e+00,1.140957586140818414e+01,3.596728801998493541e+00
4.083341808458477828e+00,1.189124748701960321e+01,3.557558712097860898e+00
4.252947853548673329e+00,1.247684469263990081e+01,3.459302106477530003e+00
4.393105997023315723e+00,1.304530572655297149e+01,3.247507926957061919e+00
4.460264930373911696e+00,1.346565675273781082e+01,2.917443879051275779e+00
4.002768358232811075e+00,1.377761905821450839e+01,2.576105975943630444e+00
3.882173209773454925e+00,1.365293693653490692e+01,2.171064827424122434e+00
3.701057086925022332e+00,1.326669289543526276e+01,1.840289159515407835e+00
3.497017702912223580e+00,1.271656572865981616e+01,1.628038350514668942e+00
3.307733893665303793e+00,1.213564714749070994e+01,1.529569903082353965e+00
3.159302935446737237e+00,1.165288942051993537e+01,1.490315362240556718e+00
3.059180127830033236e+00,1.135580474358785352e+01,1.424009683633620682e+00
2.995874709252424939e+00,1.126708914052197130e+01,1.243834677112602760e+00
2.945209479447445489e+00,1.134216953812373774e+01,8.958906010406122444e-01
2.880714269859113497e+00,1.148777309085513920e+01,3.831927524488665249e-01
2.784353477566169133e+00,1.159479504395138960e+01,-2.286707557006688596e-01
2.653743424001913986e+00,1.157425496299105561e+01,-8.270398656847421925e-01
2.503300913178722276e+00,1.138444243021790747e+01,-1.284529526697863133e+00
2.358931106463353355e+00,1.104064073457325001e+01,-1.498093385131301414e+00
2.248161924397690470e+00,1.060492414011634921e+01,-1.422155335368662232e+00
2.189270206882096836e+00,1.016035673535867545e+01,-1.084825792777012854e+00
2.183353988441755877e+00,9.779157976311735112e+00,-5.815598052672350526e-01
2.212337035916426942e+00,9.496279679844924715e+00,-4.788377012869471372e-02
2.243868833320338485e+00,9.297751239650054345e+00,3.803830499667535392e-01
2.241690928601485222e+00,9.127838161048174470e+00,6.069098314144960593e-01
2.178095706840982082e+00,8.912364812091976063e+00,6.021359070411615999e-01
2.044277364554369036e+00,8.589785647413796354e+00,4.096266212619585900e-01
1.854964092381377272e+00,8.138742252848404135e+00,1.298764218191061914e-01
1.645545108706379711e+00,7.591911789535936705e+00,-1.127981147652290517e-01
1.462366919206057991e+00,7.030593457458955697e+00,-2.092924223831906794e-01
1.349151126665979028e+00,6.561126072597494030e+00,-9.802665569238966370e-02
1.333817234506392335e+00,6.280618100098376289e+00,2.195920405229507821e-01
1.419925919816235727e+00,6.243408119185725802e+00,6.848698991468695763e-01
1.585503715295308869e+00,6.439781014123182601e+00,1.205869289973772407e+00
1.789643589040155636e+00,6.794653282510440206e+00,1.690929617020080267e+00
1.984776726933543678e+00,7.187446097454303739e+00,2.079862724220378212e+00
2.130702788911085221e+00,7.487340447233816754e+00,2.362136384481543949e+00
2.205942731802414070e+00,7.592904685703281586e+00,2.576105975943630000e+00
2.212905769135247613e+00,7.463458273775295027e+00,2.790075567405716495e+00
2.175423790046756345e+00,7.132058005462851291e+00,3.072349227666881788e+00
2.129711232438830315e+00,6.695854498997593218e+00,3.461282334867179511e+00
2.111922158353189083e+00,6.286842318535867058e+00,3.946342661913487149e+00
2.146502256004147124e+00,6.032318180057261614e+00,4.467342052740389313e+00
2.239144328453168242e+00,6.017596265179777859e+00,4.932619911364309218e+00
2.376501182966451520e+00,6.262653289977158977e+00,5.250238607579650107e+00
2.532463131894508557e+00,6.719701768385850649e+00,5.361504374270451123e+00
2.678570073996251910e+00,7.291790293444668336e+00,5.265010066652490828e+00
2.794758192502801109e+00,7.865706826964924403e+00,5.022335530068154696e+00
2.876596846645402827e+00,8.347974484485149560e+00,4.742585330625303186e+00
2.936456843244939385e+00,8.692040534864887036e+00,4.550076044846099954e+00
2.998218015558643756e+00,8.908046724441955888e+00,4.545302120472764607e+00
3.087423130117692871e+00,9.052676061318814860e+00,4.771828901920504684e+00
3.220423165028885037e+00,9.203403585438836743e+00,5.200095722015957378e+00
3.396468132342829627e+00,9.426715737227125302e+00,5.733771757154492832e+00
3.595729413210372094e+00,9.751742563022451904e+00,6.237037744664273298e+00
3.784216619174616714e+00,1.015865899787450388e+01,6.574367287255922676e+00
3.924159731798565254e+00,1.058589978198778958e+01,6.650305337018561858e+00
3.986482433075073217e+00,1.095353836527955416e+01,6.436741478585123133e+00
3.961166261087095020e+00,1.119441351571317256e+01,5.979251817572004413e+00
3.861894471261066109e+00,1.128174044605342452e+01,5.380882707587931080e+00
3.723189133284676267e+00,1.124301151690846012e+01,4.769019199438394807e+00
3.590715741770520886e+00,1.115463263273024808e+01,4.256321350846650198e+00
3.507707584581496452e+00,1.111838794408055797e+01,3.908377274774660126e+00
3.501793249096247784e+00,1.122721374471807820e+01,3.728202268253640206e+00
3.576442696923686437e+00,1.153169911680013371e+01,3.661896589646703948e+00
3.709792819484824200e+00,1.201883823155135111e+01,3.622642048804907589e+00
3.861246954983843072e+00,1.261074734892563143e+01,3.524173601372592390e+00
3.983743681763771249e+00,1.318456484759651204e+01,3.311922792371854385e+00
4.037782188106344705e+00,1.360772834918058649e+01,2.981147124463138454e+00
3.570115038343928848e+00,1.390468003686764575e+01,2.638937829015426395e+00
3.453270605801681548e+00,1.377602354156726250e+01,2.233114689269686703e+00
3.284049995725843551e+00,1.338352477754802550e+01,1.901700410515874573e+00
3.097030832611272100e+00,1.282618608287348749e+01,1.689039820259562674e+00
2.925757486002168228e+00,1.223847612813791308e+01,1.590381265075889283e+00
2.792306405778126610e+00,1.175035370803214008e+01,1.551050937597004964e+00
2.701389467709129466e+00,1.144969133687638418e+01,1.484617246171842098e+00
2.640785130886163845e+00,1.135885600537700313e+01,1.304094385427121860e+00
2.587684247551622629e+00,1.143244973168457790e+01,9.554785523850015672e-01
2.518514058493039443e+00,1.157623265343606178e+01,4.417908655489881653e-01
2.418646736694048283e+00,1.168037570800435176e+01,-1.712539346662365070e-01
2.288495519054704275e+00,1.165569564474873054e+01,-7.707782838050620811e-01
2.143810601111951986e+00,1.146087585619177851e+01,-1.229151195575078681e+00
2.010053364094021688e+00,1.111203685371203065e+01,-1.443127370298221912e+00
1.912837701504007004e+00,1.067220839804176968e+01,-1.367042711014873291e+00
1.867852560094791725e+00,1.022514907660746708e+01,-1.029061904363710145e+00
1.873924703905203160e+00,9.843216627595529289e+00,-5.248242881980984542e-01
1.911851955026821592e+00,9.560844183162066301e+00,9.882086644577903201e-03
1.949677008482458174e+00,9.363022955560266425e+00,4.389757385249564159e-01
1.952843378565659815e+00,9.192797296889729353e+00,6.659398630827653154e-01
1.895938066324874605e+00,8.975013042657046469e+00,6.611567219496317094e-01
1.772079545512990073e+00,8.647759121470862453e+00,4.682757688151548692e-01
1.596689339435126254e+00,8.190109959866841649e+00,1.879854706630710304e-01
1.404179098305919693e+00,7.635903400014749209e+00,-5.515758463629349961e-02
1.238403293343375289e+00,7.068013997723543440e+00,-1.518381886397324187e-01
1.139799691022233219e+00,6.594309278675959618e+00,-4.035760709950197977e-02
1.133271754705158507e+00,6.312915846368550632e+00,2.778742985011954936e-01
1.220675164239282573e+00,6.278362383532452462e+00,7.440504441375161981e-01
1.380310641156448082e+00,6.480228285230681173e+00,1.266055700551132146e+00
1.573575383760077884e+00,6.842034808424166670e+00,1.752052507560845074e+00
1.756627041780787213e+00,7.241532887108187211e+00,2.141736507055748806e+00
1.893324594977770392e+00,7.546450459153084545e+00,2.424555137936633908e+00
1.965350346943363302e+00,7.654534221191593879e+00,2.638937829015425951e+00
1.976397245053207241e+00,7.525121027873613144e+00,2.853320520094218438e+00
1.949291063434571036e+00,7.192065174134553374e+00,3.136139150975103096e+00
1.917240786948619435e+00,6.753796530317169200e+00,3.525823150470006606e+00
1.912298350046708562e+00,6.343637057335652862e+00,4.011819957479719534e+00
1.954938345022230628e+00,6.089835641682594058e+00,4.533825213893334372e+00
2.048176794329819916e+00,6.078008158312428577e+00,5.000001359529656852e+00
2.178018640010454199e+00,6.327739960068936576e+00,5.318233265130354326e+00
2.319820633460543124e+00,6.790353217436508437e+00,5.429713846670585653e+00
2.448132994219432756e+00,7.367861597308281496e+00,5.333033242667147178e+00
2.546426030361073511e+00,7.946259023797004772e+00,5.089890187367782204e+00
2.613204586213079494e+00,8.431794917406550738e+00,4.809599889215698809e+00
2.662322315940910844e+00,8.778239012082478254e+00,4.616718936081221969e+00
2.717374175332425867e+00,8.996499152122854781e+00,4.611935794948087697e+00
2.802155723078742611e+00,9.144143623509565444e+00,4.838899919505895042e+00
2.930603173307413378e+00,9.299273328236154157e+00,5.267993571386277551e+00
3.099873039391890739e+00,9.528446594977092232e+00,5.802699946228948136e+00
3.289191460145308721e+00,9.860211273781423813e+00,6.306937562394562491e+00
3.465143150868092103e+00,1.027364410068405753e+01,6.644918369045726081e+00
3.591841390829203284e+00,1.070590271709425423e+01,6.721003028329074702e+00
3.642683501640778587e+00,1.107603070559817837e+01,6.507026853605930583e+00
3.609750290470977063e+00,1.131645507852139332e+01,6.048653941835915759e+00
3.507587620188235888e+00,1.140078321010276596e+01,5.449129592697092406e+00
3.369901919807240631e+00,1.135763340490376372e+01,4.836084792481864625e+00
3.240019670248450279e+00,1.126495846281399693e+01,4.322397105645853443e+00
3.158032963426651740e+00,1.122604933448581122e+01,3.973781272603732706e+00
3.148685232917133092e+00,1.133484530419367964e+01,3.793258411859010693e+00
3.213859314726554839e+00,1.164211731742811118e+01,3.726824720433847382e+00
3.332070010964536255e+00,1.213415280305675203e+01,3.687494392954964617e+00
3.465113463217528000e+00,1.273167852632444763e+01,3.588835837771290560e+00
3.569727285162528574e+00,1.331017531647254160e+01,3.376175247514979993e+00
3.610525855798624839e+00,1.373564725592932945e+01,3.044760968761165643e+00
3.133216620033573818e+00,1.401720538624167034e+01,2.701769682087222346e+00
3.020278840711527746e+00,1.388471672998123019e+01,2.295254723960016285e+00
2.863203099072010538e+00,1.348641845759564362e+01,1.963275473750741629e+00
2.693493834174781831e+00,1.292252070528051533e+01,1.750252354868178983e+00
2.540505055891607800e+00,1.232871036126196351e+01,1.651425613607172327e+00
2.422250873224763179e+00,1.183579814876022951e+01,1.612028238587538853e+00
2.340684017753595469e+00,1.153191120310130735e+01,1.545481295737370031e+00
2.282864393192194363e+00,1.143905904676792495e+01,1.364650692478469152e+00
2.227383658484995976e+00,1.151107107201399238e+01,1.015440563996418799e+00
2.153605712679001805e+00,1.165285164352104275e+01,5.008771789823547316e-01
2.050340717758077247e+00,1.175397850187388471e+01,-1.132126963405069020e-01
1.920808499903601696e+00,1.172517344696076691e+01,-7.137590718850490568e-01
1.782078317821018443e+00,1.152556542867168154e+01,-1.172913385144708887e+00
1.659135151714048906e+00,1.117209559611285030e+01,-1.387254331208791047e+00
1.575640711698111485e+00,1.072867592764202627e+01,-1.311039968217880602e+00
1.544667529362817149e+00,1.027966003791638272e+01,-9.724829959622356412e-01
1.562764262597192477e+00,9.897456335343296274e+00,-4.673857914259142987e-01
1.609622075652505480e+00,9.615935448393537754e+00,6.823211275694518463e-02
1.653717221986036545e+00,9.419064907544239418e+00,4.980572529302960127e-01
1.662243456992340551e+00,9.248732827210339735e+00,7.254082897607792013e-01
1.612121694228767055e+00,9.028894470320864230e+00,7.206169946693492534e-01
1.498410066607865243e+00,8.697347302907839861e+00,5.274072318250646596e-01
1.337207173030760199e+00,8.233625649716104888e+00,2.466391147380382343e-01
1.161901633006566126e+00,7.672691050551220471e+00,3.081566477312502883e-03
1.013793410932718242e+00,7.098898227056272603e+00,-9.376385173317913768e-02
9.299752442705933042e-01,6.621517619194154491e+00,1.790677396159212620e-02
9.322932552595148969e-01,6.339578177797134728e+00,3.366811786469927625e-01
1.020889662796560904e+00,6.307732977407171759e+00,8.036520281702206336e-01
1.174366799667776462e+00,6.514866046751758510e+00,1.326547161962034593e+00
1.356481488060294005e+00,6.883191458892502723e+00,1.813372461710318406e+00
1.527184790830646621e+00,7.288932702572481048e+00,2.203720766729995617e+00
1.654453789539262587e+00,7.598520455098560333e+00,2.487021526667363425e+00
1.723165944377056391e+00,7.709001287198417707e+00,2.701769682087221902e+00
1.738298110484529202e+00,7.579779028926765250e+00,2.916517837507080380e+00
1.721638489508570791e+00,7.245467151220664093e+00,3.199818597444448631e+00
1.703339236507690480e+00,6.805659566316432318e+00,3.590166902464125176e+00
1.711296200169960091e+00,6.394848106293431478e+00,4.076992202212409211e+00
1.761973494020828923e+00,6.142081115081667875e+00,4.599887336004222504e+00
1.855696947173438582e+00,6.133172998249371233e+00,5.066858185527451042e+00
1.977838321846403735e+00,6.387292470905849839e+00,5.385632590212851234e+00
2.105256154184843798e+00,6.854927398843848607e+00,5.497303215907623830e+00
2.215552930052582692e+00,7.437172081922500233e+00,5.400457797697133522e+00
2.295766071238290351e+00,8.019362350550007790e+00,5.156900249436406902e+00
2.347348409173287020e+00,8.507587100997655583e+00,4.876132132349381365e+00
2.385624970383476207e+00,8.855996003492577984e+00,4.682922369505095439e+00
2.433876063372941712e+00,9.076252504617324135e+00,4.678131074413665047e+00
2.514114703957701202e+00,9.226743284505550591e+00,4.905482111244146459e+00
2.637836584655575578e+00,9.386102275532262951e+00,5.335307251417502172e+00
2.800100565333655922e+00,9.620878903431652418e+00,5.870925155600356327e+00
2.979209400840496347e+00,9.959001938816280486e+00,6.376022360136680334e+00
3.142365694991405167e+00,1.037847140245938071e+01,6.714579332392325739e+00
3.255616579242010644e+00,1.081523971760690372e+01,6.790793695383236184e+00
3.294874411529125524e+00,1.118741543850456210e+01,6.576452749319153135e+00
3.254336550405102280e+00,1.142709461198747434e+01,6.117298436059495081e+00
3.149396891398851928e+00,1.150831034087356386e+01,5.516752060514954259e+00
3.012902208313958052e+00,1.146077612008591551e+01,4.902662185192090405e+00
2.885778695779359637e+00,1.136390234497064711e+01,4.388098800178028114e+00
2.804916997032160353e+00,1.132236646434427918e+01,4.038888671695977095e+00
2.792134761909491836e+00,1.143100000605883970e+01,3.858058068437074883e+00
2.847719632933122469e+00,1.174069461332000586e+01,3.791511125586905173e+00
2.950591862031664014e+00,1.223704509980295008e+01,3.752113750567273698e+00
3.064995624317553791e+00,1.283948021673990780e+01,3.653287009306266153e+00
3.151534075880291219e+00,1.342196884843938598e+01,3.440263890423704396e+00
3.178994851806620670e+00,1.384923949824167977e+01,3.108284640214427963e+00
2.692588137380689695e+00,1.411504132447713644e+01,2.764601535159018297e+00
2.583706930670981450e+00,1.397886957252066509e+01,2.357485614236328519e+00
2.439005947634359295e+00,1.357523814884466873e+01,2.025015589519844283e+00
2.286868302985660684e+00,1.300544685369594688e+01,1.811677552412338077e+00
2.152408566796647715e+00,1.240623950767439432e+01,1.712704712727375567e+00
2.049543638466506668e+00,1.190912224598126201e+01,1.673249095431159184e+00
1.977455938936885760e+00,1.160237036258017085e+01,1.606603774314688815e+00
1.922500278969987431e+00,1.150760798171441479e+01,1.425505843955835017e+00
1.864699646070921313e+00,1.157794561003485967e+01,1.075779468061904609e+00
1.786389071963741193e+00,1.171754486908363724e+01,5.604553891443835312e-01
1.679841280536636949e+00,1.181552282539001908e+01,-5.454231296510458904e-02
1.551087708500761497e+00,1.178261470152857981e+01,-6.559764935496574800e-01
1.418500102012271391e+00,1.157844617473760174e+01,-1.115809587882776732e+00
1.306555109464399678e+00,1.122076102430267319e+01,-1.330467400353759544e+00
1.236927236340846115e+00,1.077427845919647531e+01,-1.254140367470331086e+00
1.220048351626916716e+00,1.032384633667844298e+01,-9.150828966711284096e-01
1.250185951152189112e+00,9.941835757057821965e+00,-4.092389923591639445e-01
1.305945737081001923e+00,9.661511823918607078e+00,1.271707312305174753e-01
1.356277274980001613e+00,9.465834640599876337e+00,5.576312943142531786e-01
1.370170070546049779e+00,9.295603137719398390e+00,7.853184307443159540e-01
1.326914477913772927e+00,9.073971734724540994e+00,7.805200525430653347e-01
1.223520483619020105e+00,8.738521223142107885e+00,5.870246621299237688e-01
1.076746322883454177e+00,8.269272202979818687e+00,3.058414774318447549e-01
9.189136829939839046e-01,7.702270934082239506e+00,6.192387101793750404e-02
7.887096112246176904e-01,7.123254337628512012e+00,-3.506471656945908677e-02
7.198260087323065104e-01,6.642767226608922826e+00,7.677099503432760486e-02
7.310153248623965094e-01,6.360623229880970619e+00,3.960166531226811948e-01
8.207006860816528082e-01,6.331533683150944114e+00,8.636778391305282021e-01
9.678130437235377137e-01,6.543698564675091589e+00,1.387345983890489576e+00
1.138520477931770358e+00,6.918115285041577245e+00,1.874890971530202455e+00
1.296628298800805323e+00,7.329625689926010601e+00,2.265816339715470473e+00
1.414283788387793672e+00,7.643521651908323555e+00,2.549535911342915018e+00
1.479588149938549702e+00,7.756272706417506768e+00,2.764601535159017853e+00
1.498800178228468116e+00,7.627399288291533352e+00,2.979667158975121133e+00
1.492640675287853602e+00,7.292234329350000266e+00,3.263386730602565233e+00
1.488158525643739960e+00,6.851418260356737733e+00,3.654312098787833030e+00
1.509046296234292539e+00,6.440452799978727327e+00,4.141857086427545909e+00
1.567724805046824876e+00,6.189031211155001877e+00,4.665525231187506172e+00
1.661820721414674296e+00,6.183062604208522828e+00,5.133186417195354956e+00
1.776088417033747424e+00,6.441274396005468361e+00,5.452432075283708102e+00
1.888921165987963890e+00,6.913377758958649366e+00,5.564267786887495681e+00
1.981010707256435133e+00,7.499665090958190561e+00,5.467279199300100423e+00
2.042988718466105968e+00,8.084951608206317530e+00,5.223361592886192284e+00
2.079263640723161721e+00,8.575279485445765459e+00,4.942178408188113714e+00
2.106617905569966531e+00,8.925235351194332978e+00,4.748683017774971482e+00
2.147987833745674813e+00,9.147226463922242701e+00,4.743884639573719753e+00
2.223571424236955529e+00,9.300389433304639297e+00,4.971571776003781196e+00
2.342402080253845664e+00,9.463797202304238709e+00,5.402032339087520896e+00
2.497440340562300243e+00,9.703909257515951126e+00,5.938442062677197875e+00
2.666089045685672954e+00,1.004799932146351438e+01,6.444285966989165004e+00
2.816210579187404583e+00,1.047301404935464930e+01,6.783343437788367680e+00
2.915833414555941694e+00,1.091377476939745428e+01,6.859670470671796139e+00
2.943422278777806156e+00,1.128755171193023088e+01,6.645012658200812439e+00
2.895304887541822580e+00,1.152619156062903194e+01,6.185179563867695407e+00
2.787707132164931600e+00,1.160418611150235968e+01,5.583745383283144292e+00
2.652573409734437782e+00,1.155231136965194239e+01,4.968747681173653064e+00
2.528372164540729106e+00,1.145134330620465413e+01,4.453423602256133762e+00
2.448737487239353250e+00,1.140722286545001651e+01,4.103697226362203132e+00
2.432525365903202452e+00,1.151556122666858784e+01,3.922599296003348002e+00
2.478422817820992385e+00,1.182730916700026391e+01,3.855953974886876967e+00
2.565782495829664889e+00,1.232738421338016899e+01,3.816498357590662138e+00
2.661347931041942783e+00,1.293401104412119729e+01,3.717525517905698962e+00
2.729648092079408173e+00,1.351979519459709245e+01,3.504187480798194088e+00
2.743695157857249711e+00,1.394835018595002296e+01,3.171717456081707631e+00
2.248750823315411207e+00,1.419805391683438955e+01,2.827433388230814248e+00
2.144069754201815670e+00,1.405835469809492366e+01,2.419807953176347670e+00
2.011953402055088880e+00,1.364986668212392651e+01,2.086921835236092537e+00
1.877620494933476269e+00,1.307485905105644264e+01,1.873316801091218231e+00
1.761904023515857842e+00,1.247096905898533770e+01,1.774220094817184012e+00
1.674595551551995021e+00,1.197024013971768319e+01,1.734715097986645027e+00
1.612100616495767635e+00,1.166098873964081584e+01,1.667986368850049361e+00
1.560083613144328751e+00,1.156442622032924383e+01,1.486661790625044555e+00
1.500027075000636367e+00,1.163299929289103218e+01,1.136497724821151412e+00
1.417266776954407836e+00,1.177024142026857412e+01,6.205287069878093753e-01
1.307556865814737179e+00,1.186494265580230589e+01,4.761322328140416005e-03
1.179740730413588734e+00,1.182796029633487933e+01,-5.974255657743272607e-01
1.053473808129697264e+00,1.161946722972348667e+01,-1.057834150889752856e+00
9.526932444262430355e-01,1.125799046783755131e+01,-1.272760612124712143e+00
8.970545387687769434e-01,1.080897990683114429e+01,-1.196338054355391645e+00
8.943289908301834679e-01,1.035767575615991554e+01,-8.568562460051896146e-01
9.365036780828026597e-01,9.976323646965017389e+00,-3.503792674151773312e-01
1.001121907437753089e+00,9.697541027772313527e+00,1.867017842178095854e-01
1.057645630828527583e+00,9.503298556469554015e+00,6.177010777436424682e-01
1.076902742418192727e+00,9.333375038779564647e+00,8.456731694104637764e-01
1.040584708444503903e+00,9.110215366583251040e+00,8.408687859380430396e-01
9.476623391110071681e-01,8.771259014980818947e+00,6.471312319769224608e-01
8.155349169308363511e-01,8.297038497982960337e+00,3.655961406132997027e-01
6.754149542937784023e-01,7.724643898509899742e+00,1.213732661883173414e-01
5.633223703143079852e-01,7.141093790714377221e+00,2.426329534505455854e-02
5.094979444057774476e-01,6.658076333944547898e+00,1.362389716924705674e-01
5.295691845709082912e-01,6.376070528122142811e+00,4.558841724318107858e-01
6.202373474974427481e-01,6.349779558028054716e+00,9.241306462432261615e-01
7.607885369898916839e-01,6.566731840767040751e+00,1.448454172692785313e+00
9.198498437274064132e-01,6.946800929065046759e+00,1.936609333131725119e+00
1.065135394388403656e+00,7.363595540280167384e+00,2.328023952631726345e+00
1.173007953681312721e+00,7.681429540520277932e+00,2.612098605266266471e+00
1.234815752333034755e+00,7.796319826637336803e+00,2.827433388230813804e+00
1.258095411099841909e+00,7.667953011198406443e+00,3.042768171195361582e+00
1.262472204080431926e+00,7.332340460121666403e+00,3.326842823829901263e+00
1.271850355730730353e+00,6.891049524977451490e+00,3.718257443329902046e+00
1.305678840673187846e+00,6.480429694979894961e+00,4.206412603768841407e+00
1.372309022978230431e+00,6.230663106623094194e+00,4.730736130218400781e+00
1.466663926707698185e+00,6.227649301857738351e+00,5.198982604029817267e+00
1.572897396968396144e+00,6.489650406808997296e+00,5.518627804769156597e+00
1.670967928693888549e+00,6.965659968872466301e+00,5.630603481116573938e+00
1.744688446650001890e+00,7.555287614869190094e+00,5.533493510273312488e+00
1.788306101846613982e+00,8.142966678296234662e+00,5.289270635848328794e+00
1.809187654834495840e+00,8.634806810024532098e+00,5.007735544484706480e+00
1.825556502966771077e+00,8.985888048237290704e+00,4.813997990523586346e+00
1.859976131264869714e+00,9.209348398354043397e+00,4.809193607051164499e+00
1.930799987437422871e+00,9.365004492381121537e+00,5.037165698717984696e+00
2.044581467555425913e+00,9.532273269341787980e+00,5.468164992243821132e+00
2.192185622721810834e+00,9.777443164937739795e+00,6.005246043876803164e+00
2.350140416438080138e+00,1.012709787829693830e+01,6.511723022466817667e+00
2.487008918499969301e+00,1.055715587225587093e+01,6.851204830817019698e+00
2.572845258931018453e+00,1.100138359777953667e+01,6.927627388586341084e+00
2.588699709599331378e+00,1.137631133454748422e+01,6.712700927351381353e+00
2.533040631160971667e+00,1.161361864896375096e+01,6.252292342235956646e+00
2.422908440267565133e+00,1.168828832091750236e+01,5.650105454133490746e+00
2.289303823207790245e+00,1.163212432075546943e+01,5.034338069473818678e+00
2.168183952756564281e+00,1.152717363975867038e+01,4.518369051640478418e+00
2.089876546030777771e+00,1.148051526316612758e+01,4.168204985836585941e+00
2.070244895522179718e+00,1.158842581441932928e+01,3.986880407611579358e+00
2.106372618459510626e+00,1.190185337063056359e+01,3.920151678474983470e+00
2.178071072899214755e+00,1.240505467378723736e+01,3.880646681644445373e+00
2.254630438997732966e+00,1.301514654206903998e+01,3.781549975370410710e+00
2.304559382221985864e+00,1.360352244771957686e+01,3.567944941225537292e+00
2.305139003537241216e+00,1.403284383518543876e+01,3.235058823285280383e+00
1.802231254299774044e+00,1.426612935540251215e+01,2.890265241302609756e+00
1.701887212409894712e+00,1.412306455545133943e+01,2.482222243609007339e+00
1.582544843737982987e+00,1.371020573793797226e+01,2.148995124362196751e+00
1.466220609886734083e+00,1.313066928280557732e+01,1.935171277861370553e+00
1.369430832730835323e+00,1.252282050189578300e+01,1.835973059074516911e+00
1.297820436607648675e+00,1.201908074474098598e+01,1.796427594183555021e+00
1.245016124014721504e+00,1.170770028324684553e+01,1.729630509586656428e+00
1.196007738193206160e+00,1.160945097668677484e+01,1.548120186403382004e+00
1.133763205366726146e+00,1.167617206882095715e+01,1.197597420138541979e+00
1.046643713143656562e+00,1.181088476725532388e+01,6.810998548538611530e-01
9.338979233800920321e-01,1.190218663379744690e+01,6.470169146421023143e-02
8.071768240073269318e-01,1.186116574314870853e+01,-5.381020638026323688e-01
6.873985596213815219e-01,1.164859188219621089e+01,-9.989822814692899122e-01
5.979304291007304650e-01,1.128375454427370705e+01,-1.214128908701399556e+00
5.563804209714970916e-01,1.083275636893458227e+01,-1.137628065324344906e+00
5.678437546471789554e-01,1.038112713234394491e+01,-7.977984991856374997e-01
6.220316425545099337e-01,1.000089883731525120e+01,-2.908026965830523558e-01
6.954498914970183021e-01,9.724000129396900505e+00,2.468285292099934303e-01
7.581111504570985371e-01,9.531431897237551354e+00,6.782693290477332937e-01
7.827213708772930989e-01,9.362023746596575435e+00,9.064749503720770374e-01
7.534008678100364564e-01,9.137603757505448954e+00,9.016656453936122695e-01
6.710869920965731872e-01,8.795545860138389571e+00,7.077296308915768108e-01
5.538003703144247503e-01,8.316919326824935510e+00,4.259061410973132844e-01
4.316038499174450482e-01,7.739815327311841742e+00,1.814330900660334756e-01
3.378003367588688910e-01,7.152431165286175840e+00,8.422364187856024031e-02
2.991348473654016349e-01,6.667465102079381367e+00,1.963140236759164381e-01
3.280838243669623733e-01,6.385940809734972134e+00,5.162866620139179297e-01
4.196267459734858152e-01,6.362486767244089236e+00,9.850127973394500192e-01
5.534308718293874385e-01,6.583973470666612648e+00,1.509873429417454727e+00
7.006260621017563750e-01,6.969245514636433825e+00,1.998528645396534076e+00
8.328834309285220172e-01,7.390829411748057964e+00,2.390344221528431845e+00
9.308195754111721065e-01,7.712223831616772607e+00,2.674709874065001713e+00
9.890476711046163327e-01,7.829118477983648461e+00,2.890265241302609311e+00
1.016375907682718793e+00,7.701415553338778253e+00,3.105820608540217354e+00
1.031307666081910490e+00,7.365762601452487068e+00,3.390186261076786778e+00
1.054566274659485492e+00,6.924532467576933747e+00,3.782001837208684325e+00
1.101323796213799611e+00,6.514758498074110449e+00,4.270657053187763452e+00
1.175842716124699372e+00,6.266954473763867384e+00,4.795517685265767938e+00
1.270342431693913809e+00,6.266905865535862930e+00,5.264243820591301137e+00
1.368394167846821663e+00,6.532386236725255202e+00,5.584216458929302185e+00
1.451549581441192505e+00,7.011731915460635456e+00,5.696306840726659715e+00
1.506769579117672508e+00,7.603990309015417282e+00,5.599097392539187368e+00
1.531932015633943767e+00,8.193352564033251184e+00,5.354624341507906671e+00
1.537359747313920222e+00,8.686110161406984886e+00,5.072800851713642700e+00
1.542698253270685438e+00,9.037892309391066803e+00,4.878864837211607686e+00
1.570109889488529920e+00,9.262553444444815653e+00,4.874055532233142252e+00
1.636077028446904835e+00,9.420519013574207179e+00,5.102261153557484441e+00
1.744659440658004268e+00,9.591454139191673889e+00,5.533701953395228301e+00
1.884633028731574456e+00,9.841395188974306762e+00,6.071333179188268758e+00
2.031677436283312321e+00,1.019620193319437185e+01,6.578328981790857455e+00
2.155096252140051405e+00,1.063079159167110710e+01,6.918158547929564861e+00
2.227010299257959680e+00,1.107795389683767695e+01,6.994659391306619511e+00
2.231084330979471453e+00,1.145357901818444368e+01,6.779512764074508979e+00
2.167934090520505563e+00,1.168926212345407478e+01,6.318632546407853212e+00
2.055395648175174284e+00,1.176050852329536056e+01,5.715828791141012388e+00
1.923486123833735295e+00,1.170011381051766008e+01,5.099430627751358358e+00
1.805601964887077804e+00,1.159129909591474750e+01,4.582933062466679530e+00
1.728720097644665499e+00,1.154215375542671218e+01,4.232410296201839728e+00
1.705685009346299408e+00,1.164950426929344651e+01,4.050899973018562861e+00
1.731976813168134566e+00,1.196423403954168307e+01,3.984102888421663824e+00
1.787891172688742536e+00,1.246995666724455099e+01,3.944557423530703488e+00
1.845308069103897219e+00,1.308277939970595938e+01,3.845359204743849624e+00
1.876763230599182375e+00,1.367303731199837813e+01,3.631535358243024092e+00
1.863844034636778169e+00,1.410260465076431124e+01,3.298308238996211728e+00
1.353560481144149508e+00,1.431917419724759455e+01,2.953097094374405707e+00
1.257683376375423601e+00,1.417291163419540467e+01,2.544728897618219854e+00
1.151283374456881559e+00,1.375617604085838153e+01,2.211236205509189201e+00
1.053142065920972703e+00,1.317280716076288627e+01,1.997241947275204765e+00
9.754311561495477845e-01,1.256173145343068498e+01,1.897964670232378470e+00
9.196345106018737336e-01,1.205558786322554532e+01,1.858387688691983675e+00
8.766026825326879157e-01,1.174245306455070548e+01,1.791537368653190354e+00
8.306679851497340561e-01,1.164263335727897264e+01,1.609882386727376158e+00
7.663071531240139844e-01,1.170741796899742937e+01,1.259080263444654069e+00
6.749264510818321350e-01,1.183943283390309098e+01,7.421710637856393511e-01
5.592763370599933559e-01,1.192721812439805262e+01,1.252816479886544876e-01
4.338063477086258057e-01,1.188220122049442473e+01,-4.780025253156066078e-01
3.206742015853454308e-01,1.166579759530138105e+01,-9.392500518580333413e-01
2.426479006116677439e-01,1.129803715912375495e+01,-1.154568145043215921e+00
2.152627821264035957e-01,1.084559611092077347e+01,-1.078006332595022876e+00
2.409269138022139822e-01,1.039419032658410202e+01,-7.379059316252543077e-01
3.070840060261166293e-01,1.001555020849070132e+01,-2.305060672922345510e-01
3.892290413011318950e-01,9.740875522442806300e+00,3.075536358221517830e-01
4.579628303785956422e-01,9.550218721558300317e+00,7.393382821281813122e-01
4.879059906189194828e-01,9.381532858375635442e+00,9.677257770652341051e-01
4.656314195750280716e-01,9.156123125435911447e+00,9.629126392027851367e-01
3.940454523781641294e-01,8.811373934835479815e+00,7.688220630234909869e-01
2.917692808008033323e-01,8.328915312929281001e+00,4.867739676479199140e-01
1.876774394259791423e-01,7.747795025844933292e+00,2.421060783092285895e-01
1.123103773921967363e-01,7.157284016609776423e+00,1.448191568613301783e-01
8.887845953242368147e-02,6.670955460658401392e+00,2.569988716145048535e-01
1.266861513798673844e-01,6.390255861177049468e+00,5.772265193574663833e-01
2.189941196901794562e-01,6.369672433132826939e+00,1.046326216539660292e+00
3.458761968107855189e-01,6.595432516703858994e+00,1.571605148126548723e+00
4.810046757155549968e-01,6.985448549375523619e+00,2.060649808892233814e+00
6.000493130449104928e-01,7.411317860494497367e+00,2.452777651277403770e+00
6.879118575327847207e-01,7.735888408078197997e+00,2.737369935429167178e+00
7.424829286122877070e-01,7.854648936185677499e+00,2.953097094374405263e+00
7.738338921146181715e-01,7.727766384498664820e+00,3.168824253319643791e+00
7.993216934995973633e-01,7.392481074556184417e+00,3.453416537471406755e+00
8.364577716566539145e-01,6.951848339130251020e+00,3.845544379856576267e+00
8.961110367836443436e-01,6.543420010641945339e+00,4.334589040622261358e+00
9.784424622446672437e-01,6.297883428418453278e+00,4.859867972209150011e+00
1.072972352462161494e+00,6.300805478913856561e+00,5.328967669391344586e+00
1.162708226097886266e+00,6.569448661769213160e+00,5.649195317134305228e+00
1.230820236058854933e+00,7.051553705517370929e+00,5.761375031887481235e+00
1.267438861086018331e+00,7.645727520464348004e+00,5.664088110439584156e+00
1.274081855724953805e+00,8.236059435681564622e+00,5.419420221100891055e+00
1.264021007137172692e+00,8.729137032465118295e+00,5.137372125725320871e+00
1.258302580765683798e+00,9.081193639730194889e+00,4.943281549546027165e+00
1.278660125692481220e+00,9.306784584991083520e+00,4.938468411683576420e+00
1.339681489038272222e+00,9.466871769044894691e+00,5.166855906620627437e+00
1.442923335727788192e+00,9.641272086064672564e+00,5.598640552926662295e+00
1.575082260344168317e+00,9.895689083570900380e+00,6.136700256041043744e+00
1.711017611664225502e+00,1.025522584127836723e+01,6.644100120374066165e+00
1.820812170291001841e+00,1.069382700940635189e+01,6.984200521343834289e+00
1.878691115928049271e+00,1.114338554226431732e+01,7.060762333792027334e+00
1.870958309243669238e+00,1.151925260089273273e+01,6.845444240606844311e+00
1.800380040228984679e+00,1.175302197319381214e+01,6.384196714064419353e+00
1.685567795972113370e+00,1.182075223551134080e+01,5.780912540760159146e+00
1.555516840288905689e+00,1.175619253425402633e+01,5.164023124963171618e+00
1.441017622779354301e+00,1.164363905162695545e+01,4.647113925304158677e+00
1.365657372325468799e+00,1.159206197080531808e+01,4.296311802021437032e+00
1.339240652690251832e+00,1.169872090061052639e+01,4.114656820095620837e+00
1.355646646820568568e+00,1.201437258162094324e+01,4.047806500056827517e+00
1.395680164567437709e+00,1.252200622610969560e+01,4.008229518516433387e+00
1.433849898007748758e+00,1.313681967508275683e+01,3.908952241473607092e+00
1.446759369503789916e+00,1.372824533588105567e+01,3.694957983239623989e+00
1.420332467455851067e+00,1.415753676837229058e+01,3.361465291130591115e+00
9.032731481964955123e-01,1.435711556026858737e+01,3.015928947446201658e+00
8.119856238844735952e-01,1.420782864448702654e+01,2.607328236136198463e+00
7.186750067860349089e-01,1.378771751561667003e+01,2.273645661697634601e+00
6.388607660518622611e-01,1.320122005301093182e+01,2.059529560529092418e+00
5.803492577253412943e-01,1.258765576675150832e+01,1.960195757508094605e+00
5.404557974201752435e-01,1.207972027177371466e+01,1.920596241832383866e+00
5.072621157901970879e-01,1.176520935115027733e+01,1.853707858907058803e+00
4.644611412559027652e-01,1.166393842686703231e+01,1.671949447215149265e+00
3.980593475924075753e-01,1.172670516616355485e+01,1.320947586049258771e+00
3.025226840811686690e-01,1.185585804703402779e+01,8.037440713263444003e-01
1.841048480368901452e-01,1.194001525264202002e+01,1.865034142514918614e-01
6.004018658166576650e-02,1.189105159144630264e+01,-4.171242538486303886e-01
-4.629924605941271309e-02,1.167107600451355154e+01,-8.786344031018500367e-01
-1.127732383816676398e-01,1.130083548491263734e+01,-1.094075092979828856e+00
-1.259408202246522501e-01,1.084749953051711557e+01,-1.017469688166212638e+00
-8.608767544716333653e-02,1.039686618428505227e+01,-6.771756426041055654e-01
-8.025432847801883263e-03,1.002027664814860763e+01,-1.694868775829321272e-01
8.275846985007784262e-02,9.748162888842619722e+00,3.688791831586897274e-01
1.574895435668378640e-01,9.559651873729105631e+00,8.009096767544421347e-01
1.927365370025768687e-01,9.391894321663430745e+00,1.029427209772091123e+00
1.775446029481737020e-01,9.165767475977157019e+00,1.024611331430311134e+00
1.167882194056165668e-01,8.818742353805516743e+00,8.304102449711296963e-01
2.966733027282697499e-02,8.333032830536939883e+00,5.482015585221793330e-01
-5.616856371133494008e-02,7.748597113882186527e+00,3.033943614568448410e-01
-1.129823675449571629e-01,7.155672745480678998e+00,2.060520472890621235e-01
-1.211314112836514578e-01,6.668570963337982604e+00,3.182956343430927149e-01
-7.449885146263168778e-02,6.389038372225018136e+00,6.387056116338163392e-01
1.846300955645652220e-02,6.371354501192971753e+00,1.108072402354764563e+00
1.382593526393969263e-01,6.601119396039519138e+00,1.633650414519861149e+00
2.611403797024988149e-01,6.995411839861167991e+00,2.122973524983633009e+00
3.668095284708386417e-01,7.425054781256990033e+00,2.515324635074358550e+00
4.444779080749466926e-01,7.752411284559109106e+00,2.800078958896436987e+00
4.953206253766992417e-01,7.872895892141370311e+00,3.015928947446201214e+00
5.306617072035327842e-01,7.746989059514278964e+00,3.231778935995965440e+00
5.666889993488832822e-01,7.412479430855863249e+00,3.516533259818043877e+00
6.176763761941224118e-01,6.972980496277950024e+00,3.908884369908768974e+00
6.901705027019089389e-01,6.566396089679757964e+00,4.398207480372541056e+00
7.802250386075266775e-01,6.323428496608759275e+00,4.923785492537636976e+00
8.746702443244981362e-01,6.329321714396122012e+00,5.393152283258586976e+00
9.559698160136549383e-01,6.600805498024074680e+00,5.713562260549309713e+00
1.008935071349721380e+00,7.085087683126551461e+00,5.825805847603341192e+00
1.026882389679621976e+00,7.680457323530841762e+00,5.728463533435560251e+00
1.014972555536275856e+00,8.271042680146205583e+00,5.483656336370223983e+00
9.894141857602740675e-01,8.763841381495417693e+00,5.201447649921274063e+00
9.726306651388217928e-01,9.115744900936416428e+00,5.007246563462092404e+00
9.858997327876055650e-01,9.341992723122773512e+00,5.002430685120311971e+00
1.041894389607560090e+00,9.504009837122938009e+00,5.230948218137958960e+00
1.139662881573640707e+00,9.681668099460118526e+00,5.662978711733716253e+00
1.263835823434067418e+00,9.940257920416824433e+00,6.201344772475332334e+00
1.388481706224933721e+00,1.030409414229472986e+01,6.709033537496508437e+00
1.484499931487462288e+00,1.074617918649143000e+01,7.049327583058616398e+00
1.528254241015626347e+00,1.119759078709225975e+01,7.125932987872232616e+00
1.508707857495762639e+00,1.157324325001631671e+01,6.910492297994252908e+00
1.430777194658595874e+00,1.180481212869087848e+01,6.448982148741034592e+00
1.313827594100070328e+00,1.186893912198457457e+01,5.845354480640914119e+00
1.185795823356108336e+00,1.180028721138245906e+01,5.228113823566059359e+00
1.074825346788432334e+00,1.168412665851555410e+01,4.710910308843146765e+00
1.001080392704907229e+00,1.163017720522021570e+01,4.359908447677256049e+00
9.713095290453118702e-01,1.173601396255541474e+01,4.178150035985344957e+00
9.777962601824795597e-01,1.205220514208246385e+01,4.111261653060019228e+00
1.001878569755071613e+00,1.256113539034749493e+01,4.071662137384310043e+00
1.020728438144713701e+00,1.317719497548628382e+01,3.972328334363311342e+00
1.015051180003725406e+00,1.376907110729676731e+01,3.758212233194770491e+00
9.751302312293099739e-01,1.419756445580169846e+01,3.424529658756204853e+00
4.519066031816765805e-01,1.437990127615847413e+01,3.078760800517997609e+00
3.653237677196632394e-01,1.422776865486724240e+01,2.670020488626734689e+00
2.852278473869649389e-01,1.380478940443760472e+01,2.336223909782259689e+00
2.238543592470722265e-01,1.321587317943379603e+01,2.122034654722026570e+00
1.846308464500232560e-01,1.260056360726921021e+01,2.022666913784973985e+00
1.607035385207850053e-01,1.209145178260173736e+01,1.983053868726535995e+00
1.373973027456558693e-01,1.177594565788497150e+01,1.916142633033514953e+00
9.778491535475422602e-02,1.167334525159420799e+01,1.734322122624646800e+00
2.942098712364982216e-02,1.173401600995472549e+01,1.383200339827477698e+00
-7.015933535740703775e-02,1.186014736127546598e+01,8.658201198045318847e-01
-1.912035223164306186e-01,1.194057091400928350e+01,2.483685792140146731e-01
-3.137108205524237747e-01,1.188771639637723787e+01,-3.554653214525194116e-01
-4.131221337361944967e-01,1.166443289188982924e+01,-8.171331480746455433e-01
-4.679525160841744857e-01,1.129215991949939557e+01,-1.032647444397012393e+00
-4.668736055858711542e-01,1.083847910579455665e+01,-9.560158669440843582e-01
-4.128669451009549518e-01,1.038916647985381303e+01,-6.156055581321973058e-01
-3.229835596722598345e-01,1.001508699964533378e+01,-1.077433385752533113e-01
-2.236632318920871998e-01,9.745867154388308862e+00,4.308066577615101700e-01
-1.430202166696790123e-01,9.559732945822059236e+00,8.629847568468225205e-01
-1.025073867520578386e-01,9.393108398090950217e+00,1.091580364081070398e+00
-1.105917697617337381e-01,9.166538559833835365e+00,1.086762840369135397e+00
-1.604348745327077164e-01,8.817657113015513914e+00,8.924954040877426387e-01
-2.322808081058327923e-01,8.329283926537936367e+00,6.101902995573396105e-01
-2.997398176189462471e-01,7.742239924874941615e+00,3.652994628260408660e-01
-3.379144208819465089e-01,7.147620478677579214e+00,2.679238911448398319e-01
-3.307567622175687228e-01,6.660336657991656750e+00,3.802058268105144023e-01
-2.753479576320436162e-01,6.382311807230246714e+00,7.007252738545517445e-01
-1.818445688534912619e-01,6.367551623568971308e+00,1.170252426207271101e+00
-6.928598469313013153e-02,6.601045784642526115e+00,1.696010004863479192e+00
4.118711386571699551e-02,6.999139419611710267e+00,2.185500295140583304e+00
1.333401841939108323e-01,7.432037357667949706e+00,2.577985454050878644e+00
2.007107325239876339e-01,7.761784574449123397e+00,2.862837065684801896e+00
2.477599181440545695e-01,7.883848428008612075e+00,3.078760800517997165e+00
2.870518101629143115e-01,7.759071196772772794e+00,3.294684535351192434e+00
3.335844190501650597e-01,7.425744429069711217e+00,3.579536146985115685e+00
3.983737599107134431e-01,6.987914377045967740e+00,3.972021305895410581e+00
4.836323588837063703e-01,6.583669625677032400e+00,4.461511596172514693e+00
5.813076147089203394e-01,6.343568600016777026e+00,4.987269174828721674e+00
6.755532955089753600e-01,6.352428531468080841e+00,5.456796327181442585e+00
7.483100882969568879e-01,6.626425616068826407e+00,5.777315774225479927e+00
7.860504272160693251e-01,7.112298460337876271e+00,5.889597709891154942e+00
7.852876167614144531e-01,7.708141564057765294e+00,5.792222138209956128e+00
7.548225200450158212e-01,8.298262954735189822e+00,5.547331301478656052e+00
7.137835641132673770e-01,8.790183691782621267e+00,5.265026196948253023e+00
6.859452606238451988e-01,9.141506375203556800e+00,5.070758760666860709e+00
6.921032681511736229e-01,9.368136752249080601e+00,5.065941236954924598e+00
7.429985971716006610e-01,9.531888682858870254e+00,5.294536844189170921e+00
8.351699454826648772e-01,9.712591981260604967e+00,5.726714943274487268e+00
9.511987412348228421e-01,9.975044207669299112e+00,6.265264939611245865e+00
1.064393407241826406e+00,1.034274170300579243e+01,6.773127159168192080e+00
1.146506071132822768e+00,1.078777660684506046e+01,7.113537467980079576e+00
1.176069706640719081e+00,1.124049443974686113e+01,7.190169045433007611e+00
1.144722732870609994e+00,1.161547564465757709e+01,6.974654749110640317e+00
1.059527672454142921e+00,1.184456063815504301e+01,6.512986922488515518e+00
9.405808770086758752e-01,1.190500315637237883e+01,5.909153021821983209e+00
8.147257064441515428e-01,1.183233872853402957e+01,5.291701481231463333e+00
7.074220299041871218e-01,1.171270896880663592e+01,4.774321261208519296e+00
6.353834538314985236e-01,1.165645053689952171e+01,4.423199478411349972e+00
6.022915652534388542e-01,1.176133576710937589e+01,4.241378968002480931e+00
5.988421124964542486e-01,1.207768272321212244e+01,4.174467732309458334e+00
6.069294156131275209e-01,1.258729234008496078e+01,4.134854687251022121e+00
6.064189091663974018e-01,1.320385060410927736e+01,4.035486946313969092e+00
5.821448833131394052e-01,1.379545841067378475e+01,3.821297691253736861e+00
5.287661008676405316e-01,1.422263227262298813e+01,3.487501112409260084e+00
-1.608122649676636354e-15,1.438749999999999929e+01,3.141592653589793560e+00
-8.177082224357584694e-02,1.423270518779750660e+01,2.732805792858749250e+00
-1.485487247898410190e-01,1.380737034526799256e+01,2.398971200040569851e+00
-1.913985024909288513e-01,1.321674967264065081e+01,2.184757552325571339e+00
-2.112775837670396450e-01,1.260044149886183362e+01,2.085378495027205847e+00
-2.192023985498348648e-01,1.209077127874517288e+01,2.045760938690496467e+00
-2.325883715032622534e-01,1.177465277406762922e+01,1.978842082901538957e+00
-2.689625978869685796e-01,1.167084691928320161e+01,1.797000866108783734e+00
-3.392065059421944806e-01,1.172934703885627883e+01,1.445839096280397529e+00
-4.427113592024043975e-01,1.185230225944595261e+01,9.283999551080883705e-01
-5.662360488422165661e-01,1.192889275962965279e+01,3.108780968806765799e-01
-6.870364522269033491e-01,1.187220982075618458e+01,-2.930245705961747049e-01
-7.793957245766734987e-01,1.164588813698639136e+01,-7.547449736367957129e-01
-8.225105843123911020e-01,1.127203402388131970e+01,-9.702838135144671305e-01
-8.071800017497023916e-01,1.081855932619462202e+01,-8.936435089775751628e-01
-7.390789849379761911e-01,1.037111384818979509e+01,-5.531944329962557028e-01
-6.374782617612868574e-01,1.000000000000000000e+01,-4.527437623460928151e-02
-5.297382744427705514e-01,9.734002436047649809e+00,4.933369521429740168e-01
-4.432785896753129729e-01,9.550472233089786656e+00,9.255642692488885714e-01
-3.975467393512706060e-01,9.385183621727314573e+00,1.154185909785911512e+00
-3.985105123475775057e-01,9.158445826613307972e+00,1.149367837436778395e+00
-4.373748169873083458e-01,8.808131031387199883e+00,9.550782772701142953e-01
-4.938515574736990765e-01,8.317686245002239076e+00,6.727410228031911466e-01
-5.428433610635599038e-01,7.728745912382258609e+00,4.278222970088578769e-01
-5.623238975586442034e-01,7.133152961143721882e+00,3.304356358418569783e-01
-5.398612582363822021e-01,6.646278972425410991e+00,4.427303585845128175e-01
-4.757395213600373318e-01,6.370100294101084692e+00,7.632863075539866315e-01
-3.818079462337266583e-01,6.358283060480864002e+00,1.232866931373923780e+00
-2.766271547708433753e-01,6.595224537538468823e+00,1.758684385223697522e+00
-1.787018404532950688e-01,6.996637490381294455e+00,2.248230420443088295e+00
-1.001829539407440989e-01,7.432266022646993875e+00,2.640760276996966027e+00
-4.319677023662801124e-02,7.764004464428226449e+00,2.925644328572940100e+00
-1.658867221008114915e-15,7.887499999999999289e+00,3.141592653589793116e+00
4.319677023662468751e-02,7.764004464428226449e+00,3.357540978606646576e+00
1.001829539407407127e-01,7.432266022646995651e+00,3.642425030182620205e+00
1.787018404532915716e-01,6.996637490381295343e+00,4.034954886736497492e+00
2.766271547708398781e-01,6.595224537538468823e+00,4.524500921955888266e+00
3.818079462337230501e-01,6.358283060480864890e+00,5.050318375805662008e+00
4.757395213600340567e-01,6.370100294101083804e+00,5.519898999625599600e+00
5.398612582363789825e-01,6.646278972425410103e+00,5.840454948595073859e+00
5.623238975586410948e-01,7.133152961143720105e+00,5.952749671337730142e+00
5.428433610635570172e-01,7.728745912382253280e+00,5.855363010170730576e+00
4.938515574736959679e-01,8.317686245002239076e+00,5.610444284376396418e+00
4.373748169873052927e-01,8.808131031387198107e+00,5.328107029909473269e+00
3.985105123475743416e-01,9.158445826613306195e+00,5.133817469742808726e+00
3.975467393512673864e-01,9.385183621727314573e+00,5.128999397393675608e+00
4.432785896753093646e-01,9.550472233089786656e+00,5.357621037930696772e+00
5.297382744427678869e-01,9.734002436047649809e+00,5.789848355036615324e+00
6.374782617612831936e-01,1.000000000000000000e+01,6.328459683414193293e+00
7.390789849379730825e-01,1.037111384818979154e+01,6.836379740175843267e+00
8.071800017496992830e-01,1.081855932619462024e+01,7.176828816157161839e+00
8.225105843123879934e-01,1.127203402388131970e+01,7.253469120694054695e+00
7.793957245766702790e-01,1.164588813698639136e+01,7.037930280816382833e+00
6.870364522269004626e-01,1.187220982075618458e+01,6.576209877775762713e+00
5.662360488422139015e-01,1.192889275962965279e+01,5.972307210298913205e+00
4.427113592024011779e-01,1.185230225944595261e+01,5.354785352071498750e+00
3.392065059421915940e-01,1.172934703885628061e+01,4.837346210899191590e+00
2.689625978869657486e-01,1.167084691928320161e+01,4.486184441070805384e+00
2.325883715032590615e-01,1.177465277406762922e+01,4.304343224278047941e+00
2.192023985498315064e-01,1.209077127874516933e+01,4.237424368489089765e+00
2.112775837670366474e-01,1.260044149886183007e+01,4.197806812152382605e+00
1.913985024909257426e-01,1.321674967264065081e+01,4.098427754854016669e+00
1.485487247898381047e-01,1.380737034526799079e+01,3.884214107139018601e+00
8.177082224357254403e-02,1.423270518779750660e+01,3.550379514320837426e+00
-4.519066031816780793e-01,1.437990127615847413e+01,3.204424506661589067e+00
-5.287661008676420860e-01,1.422263227262298813e+01,2.795684194770326148e+00
-5.821448833131405154e-01,1.379545841067378475e+01,2.461887615925851591e+00
-6.064189091663986231e-01,1.320385060410927736e+01,2.247698360865618028e+00
-6.069294156131286311e-01,1.258729234008496434e+01,2.148330619928565444e+00
-5.988421124964555808e-01,1.207768272321212422e+01,2.108717574870127898e+00
-6.022915652534399644e-01,1.176133576710937589e+01,2.041806339177106633e+00
-6.353834538314993008e-01,1.165645053689952171e+01,1.859985828768238258e+00
-7.074220299041877880e-01,1.171270896880663415e+01,1.508864045971069379e+00
-8.147257064441526531e-01,1.183233872853402957e+01,9.914838259481237870e-01
-9.405808770086765414e-01,1.190500315637238060e+01,3.740322853576065754e-01
-1.059527672454144032e+00,1.184456063815504478e+01,-2.298016153089275093e-01
-1.144722732870611104e+00,1.161547564465757532e+01,-6.914694419310536411e-01
-1.176069706640720192e+00,1.124049443974686113e+01,-9.069837382534209347e-01
-1.146506071132823656e+00,1.078777660684506046e+01,-8.303521608004929000e-01
-1.064393407241827516e+00,1.034274170300579421e+01,-4.899418519886054035e-01
-9.511987412348241744e-01,9.975044207669299112e+00,1.792036756833859101e-02
-8.351699454826653213e-01,9.712591981260603191e+00,5.564703639051020723e-01
-7.429985971716019932e-01,9.531888682858870254e+00,9.886484629904144228e-01
-6.921032681511745110e-01,9.368136752249080601e+00,1.217244070224662078e+00
-6.859452606238459760e-01,9.141506375203558576e+00,1.212426546512727077e+00
-7.137835641132681541e-01,8.790183691782623043e+00,1.018159110231334541e+00
-7.548225200450164873e-01,8.298262954735191599e+00,7.358540057009310686e-01
-7.852876167614148972e-01,7.708141564057770623e+00,4.909631689696327683e-01
-7.860504272160699912e-01,7.112298460337877160e+00,3.935875972884317342e-01
-7.483100882969575540e-01,6.626425616068827296e+00,5.058695329541063046e-01
-6.755532955089761371e-01,6.352428531468081729e+00,8.263889799981436468e-01
-5.813076147089213386e-01,6.343568600016775250e+00,1.295916132350862782e+00
-4.836323588837072029e-01,6.583669625677032400e+00,1.821673711007070873e+00
-3.983737599107143312e-01,6.987914377045967740e+00,2.311164001284175207e+00
-3.335844190501659479e-01,7.425744429069709440e+00,2.703649160194470102e+00
-2.870518101629152552e-01,7.759071196772772794e+00,2.988500771828393354e+00
-2.477599181440555132e-01,7.883848428008612075e+00,3.204424506661588623e+00
-2.007107325239885498e-01,7.761784574449123397e+00,3.420348241494783892e+00
-1.333401841939118315e-01,7.432037357667949706e+00,3.705199853128707144e+00
-4.118711386571810573e-02,6.999139419611710267e+00,4.097685012039002039e+00
6.928598469312907682e-02,6.601045784642527003e+00,4.587175302316106595e+00
1.818445688534899851e-01,6.367551623568973085e+00,5.112932880972312688e+00
2.753479576320426725e-01,6.382311807230245826e+00,5.582460033325033599e+00
3.307567622175676680e-01,6.660336657991655862e+00,5.902979480369070941e+00
3.379144208819455653e-01,7.147620478677578326e+00,6.015261416034746844e+00
2.997398176189458585e-01,7.742239924874937174e+00,5.917885844353547142e+00
2.322808081058319596e-01,8.329283926537936367e+00,5.672995007622247954e+00
1.604348745327067727e-01,8.817657113015512138e+00,5.390689903091844037e+00
1.105917697617327944e-01,9.166538559833833588e+00,5.196422466810451724e+00
1.025073867520567839e-01,9.393108398090950217e+00,5.191604943098516500e+00
1.430202166696775135e-01,9.559732945822059236e+00,5.420200550332761935e+00
2.236632318920864781e-01,9.745867154388308862e+00,5.852378649418078282e+00
3.229835596722581137e-01,1.001508699964533378e+01,6.390928645754836879e+00
4.128669451009535640e-01,1.038916647985380948e+01,6.898790865311783094e+00
4.668736055858697664e-01,1.083847910579455665e+01,7.239201174123671478e+00
4.679525160841732090e-01,1.129215991949939379e+01,7.315832751576598625e+00
4.131221337361928869e-01,1.166443289188983101e+01,7.100318455254231331e+00
3.137108205524224980e-01,1.188771639637723787e+01,6.638650628632106532e+00
1.912035223164297859e-01,1.194057091400928350e+01,6.034816727965574223e+00
7.015933535740553895e-02,1.186014736127546598e+01,5.417365187375054347e+00
-2.942098712365076585e-02,1.173401600995472549e+01,4.899984967352111198e+00
-9.778491535475514196e-02,1.167334525159420799e+01,4.548863184554941874e+00
-1.373973027456571461e-01,1.177594565788497150e+01,4.367042674146071946e+00
-1.607035385207863654e-01,1.209145178260173559e+01,4.300131438453050237e+00
-1.846308464500243662e-01,1.260056360726920666e+01,4.260518393394614023e+00
-2.238543592470735588e-01,1.321587317943379603e+01,4.161150652457560106e+00
-2.852278473869660491e-01,1.380478940443760294e+01,3.946961397397328319e+00
-3.653237677196648492e-01,1.422776865486724240e+01,3.613164818552851543e+00
-9.032731481964964004e-01,1.435711556026858737e+01,3.267256359733385018e+00
-9.751302312293110841e-01,1.419756445580169846e+01,2.858655648423381823e+00
-1.015051180003726294e+00,1.376907110729676909e+01,2.524973073984817962e+00
-1.020728438144714589e+00,1.317719497548628382e+01,2.310856972816275778e+00
-1.001878569755072501e+00,1.256113539034749849e+01,2.211523169795277965e+00
-9.777962601824808919e-01,1.205220514208246740e+01,2.171923654119567004e+00
-9.713095290453127584e-01,1.173601396255541474e+01,2.105035271194242164e+00
-1.001080392704907895e+00,1.163017720522021570e+01,1.923276859502332625e+00
-1.074825346788432778e+00,1.168412665851555410e+01,1.572274998336442131e+00
-1.185795823356109224e+00,1.180028721138245729e+01,1.055071483613527761e+00
-1.313827594100070995e+00,1.186893912198457457e+01,4.378308265386752218e-01
-1.430777194658596319e+00,1.180481212869087848e+01,-1.657968415614470281e-01
-1.508707857495763527e+00,1.157324325001631671e+01,-6.273069908146666762e-01
-1.528254241015627457e+00,1.119759078709225975e+01,-8.427476806926454955e-01
-1.484499931487463398e+00,1.074617918649143178e+01,-7.661422758790292775e-01
-1.388481706224935053e+00,1.030409414229473164e+01,-4.258482303169222050e-01
-1.263835823434068972e+00,9.940257920416824433e+00,8.184053470425123322e-02
-1.139662881573641151e+00,9.681668099460116750e+00,6.202065954458730879e-01
-1.041894389607561422e+00,9.504009837122938009e+00,1.052237089041625495e+00
-9.858997327876065642e-01,9.341992723122775288e+00,1.280754622059274483e+00
-9.726306651388227920e-01,9.115744900936418205e+00,1.275938743717494495e+00
-9.894141857602751777e-01,8.763841381495417693e+00,1.081737657258313057e+00
-1.014972555536276744e+00,8.271042680146207360e+00,7.995289708093626935e-01
-1.026882389679622865e+00,7.680457323530846203e+00,5.547217737440282015e-01
-1.008935071349722490e+00,7.085087683126552349e+00,4.573794595762454840e-01
-9.559698160136561595e-01,6.600805498024074680e+00,5.696230466302760753e-01
-8.746702443244992464e-01,6.329321714396122900e+00,8.900330239209996996e-01
-7.802250386075280097e-01,6.323428496608757499e+00,1.359399814641947923e+00
-6.901705027019100491e-01,6.566396089679757075e+00,1.884977826807044510e+00
-6.176763761941236330e-01,6.972980496277948248e+00,2.374300937270816370e+00
-5.666889993488843924e-01,7.412479430855862361e+00,2.766652047361541911e+00
-5.306617072035338945e-01,7.746989059514278964e+00,3.051406371183620347e+00
-4.953206253767003520e-01,7.872895892141370311e+00,3.267256359733384574e+00
-4.444779080749477473e-01,7.752411284559109106e+00,3.483106348283149245e+00
-3.668095284708398629e-01,7.425054781256990921e+00,3.767860672105227238e+00
-2.611403797025000917e-01,6.995411839861167991e+00,4.160211782195952779e+00
-1.382593526393983141e-01,6.601119396039520026e+00,4.649534892659723972e+00
-1.846300955645785447e-02,6.371354501192971753e+00,5.175112904824819893e+00
7.449885146263068858e-02,6.389038372225017248e+00,5.644479695545769893e+00
1.211314112836502366e-01,6.668570963337982604e+00,5.964889672836492629e+00
1.129823675449562748e-01,7.155672745480677222e+00,6.077133259890524997e+00
5.616856371133449599e-02,7.748597113882182086e+00,5.979790945722743167e+00
-2.966733027282797419e-02,8.333032830536938107e+00,5.734983748657407787e+00
-1.167882194056173439e-01,8.818742353805514966e+00,5.452775062208457868e+00
-1.775446029481745347e-01,9.165767475977155243e+00,5.258573975749276208e+00
-1.927365370025778679e-01,9.391894321663430745e+00,5.253758097407495775e+00
-1.574895435668391408e-01,9.559651873729105631e+00,5.482275630425142765e+00
-8.275846985007839773e-02,9.748162888842619722e+00,5.914306124020900057e+00
8.025432847800328950e-03,1.002027664814860763e+01,6.452672184762516139e+00
8.608767544716244835e-02,1.039686618428504872e+01,6.960360949783691353e+00
1.259408202246512509e-01,1.084749953051711557e+01,7.300654995345799314e+00
1.127732383816667516e-01,1.130083548491263556e+01,7.377260400159415532e+00
4.629924605941160287e-02,1.167107600451355331e+01,7.161819710281436713e+00
-6.004018658166643263e-02,1.189105159144630264e+01,6.700309561028218397e+00
-1.841048480368905893e-01,1.194001525264202002e+01,6.096681892928097923e+00
-3.025226840811696127e-01,1.185585804703402779e+01,5.479441235853242276e+00
-3.980593475924082414e-01,1.172670516616355663e+01,4.962237721130329682e+00
-4.644611412559034314e-01,1.166393842686703408e+01,4.611235859964438966e+00
-5.072621157901979760e-01,1.176520935115027733e+01,4.429477448272528761e+00
-5.404557974201761317e-01,1.207972027177371110e+01,4.362589065347202144e+00
-5.803492577253418494e-01,1.258765576675150655e+01,4.322989549671492959e+00
-6.388607660518631493e-01,1.320122005301093182e+01,4.223655746650495146e+00
-7.186750067860354640e-01,1.378771751561666825e+01,4.009539645481953407e+00
-8.119856238844747054e-01,1.420782864448702654e+01,3.675857071043387769e+00
-1.353560481144162608e+00,1.431917419724759455e+01,3.330088212805180969e+00
-1.420332467455863501e+00,1.415753676837228880e+01,2.921720016048995561e+00
-1.446759369503801018e+00,1.372824533588105567e+01,2.588227323939964464e+00
-1.433849898007758306e+00,1.313681967508275505e+01,2.374233065705980028e+00
-1.395680164567445924e+00,1.252200622610969560e+01,2.274955788663153733e+00
-1.355646646820575452e+00,1.201437258162094501e+01,2.235378807122758715e+00
-1.339240652690257383e+00,1.169872090061052461e+01,2.168528487083965395e+00
-1.365657372325473906e+00,1.159206197080531631e+01,1.986873505158151643e+00
-1.441017622779359408e+00,1.164363905162695367e+01,1.636071381875429553e+00
-1.555516840288911684e+00,1.175619253425402455e+01,1.119162182216414614e+00
-1.685567795972118699e+00,1.182075223551133902e+01,5.022727664194301944e-01
-1.800380040228990008e+00,1.175302197319381037e+01,-1.010114068848309010e-01
-1.870958309243674123e+00,1.151925260089272918e+01,-5.622589334272576345e-01
-1.878691115928053268e+00,1.114338554226431555e+01,-7.775770266124397700e-01
-1.820812170291004062e+00,1.069382700940634834e+01,-7.010152141642476131e-01
-1.711017611664226834e+00,1.025522584127836723e+01,-3.609148131944786009e-01
-1.575082260344169427e+00,9.895689083570898603e+00,1.464850511385411558e-01
-1.442923335727787304e+00,9.641272086064670788e+00,6.845447542529270457e-01
-1.339681489038272222e+00,9.466871769044894691e+00,1.116329400558957019e+00
-1.278660125692480332e+00,9.306784584991081744e+00,1.344716895496009590e+00
-1.258302580765682244e+00,9.081193639730194889e+00,1.339903757633560621e+00
-1.264021007137170027e+00,8.729137032465118295e+00,1.145813181454266694e+00
-1.274081855724949808e+00,8.236059435681564622e+00,8.637650860786956208e-01
-1.267438861086012780e+00,7.645727520464351556e+00,6.190971967400042963e-01
-1.230820236058847605e+00,7.051553705517372705e+00,5.218102752921054410e-01
-1.162708226097877828e+00,6.569448661769213160e+00,6.339899900452801162e-01
-1.072972352462152390e+00,6.300805478913858337e+00,9.542176377882420901e-01
-9.784424622446581399e-01,6.297883428418451501e+00,1.423317334970435777e+00
-8.961110367836357948e-01,6.543420010641945339e+00,1.948596266557323986e+00
-8.364577716566466981e-01,6.951848339130251020e+00,2.437640927323009077e+00
-7.993216934995912570e-01,7.392481074556183529e+00,2.829768769708179033e+00
-7.738338921146130645e-01,7.727766384498666596e+00,3.114361053859942441e+00
-7.424829286122829330e-01,7.854648936185678387e+00,3.330088212805180525e+00
-6.879118575327796137e-01,7.735888408078197997e+00,3.545815371750419054e+00
-6.000493130449047197e-01,7.411317860494499143e+00,3.830407655902182018e+00
-4.810046757155482799e-01,6.985448549375526284e+00,4.222535498287351530e+00
-3.458761968107777474e-01,6.595432516703860770e+00,4.711580159053037065e+00
-2.189941196901712406e-01,6.369672433132830491e+00,5.236859090639924830e+00
-1.266861513798588357e-01,6.390255861177049468e+00,5.705958787822119405e+00
-8.887845953241602093e-02,6.670955460658403169e+00,6.026186435565080046e+00
-1.123103773921901860e-01,7.157284016609778199e+00,6.138366150318256942e+00
-1.876774394259735912e-01,7.747795025844931516e+00,6.041079228870358975e+00
-2.917692808008000016e-01,8.328915312929282777e+00,5.796411339531665874e+00
-3.940454523781620200e-01,8.811373934835481592e+00,5.514363244156095689e+00
-4.656314195750267948e-01,9.156123125435911447e+00,5.320272667976801984e+00
-4.879059906189190943e-01,9.381532858375637218e+00,5.315459530114352127e+00
-4.579628303785961418e-01,9.550218721558300317e+00,5.543847025051402255e+00
-3.892290413011322281e-01,9.740875522442808077e+00,5.975631671357437114e+00
-3.070840060261186277e-01,1.001555020849070132e+01,6.513691374471818563e+00
-2.409269138022164247e-01,1.039419032658410025e+01,7.021091238804840984e+00
-2.152627821264075925e-01,1.084559611092077525e+01,7.361191639774609996e+00
-2.426479006116729620e-01,1.129803715912375495e+01,7.437753452222802153e+00
-3.206742015853517591e-01,1.166579759530138283e+01,7.222435359037619129e+00
-4.338063477086322450e-01,1.188220122049442473e+01,6.761187832495194172e+00
-5.592763370599995731e-01,1.192721812439805262e+01,6.157903659190933965e+00
-6.749264510818387963e-01,1.183943283390309098e+01,5.541014243393947325e+00
-7.663071531240197576e-01,1.170741796899742937e+01,5.024105043734934384e+00
-8.306679851497396072e-01,1.164263335727897442e+01,4.673302920452211850e+00
-8.766026825326940219e-01,1.174245306455070548e+01,4.491647938526396544e+00
-9.196345106018805060e-01,1.205558786322554177e+01,4.424797618487602335e+00
-9.754311561495556671e-01,1.256173145343068143e+01,4.385220636947209094e+00
-1.053142065920982695e+00,1.317280716076288627e+01,4.285943359904382355e+00
-1.151283374456892883e+00,1.375617604085837797e+01,4.071949101670399251e+00
-1.257683376375436257e+00,1.417291163419540290e+01,3.738456409561366378e+00
-1.802231254299785368e+00,1.426612935540250859e+01,3.392920065876976921e+00
-1.863844034636789049e+00,1.410260465076430769e+01,2.984877068183374504e+00
-1.876763230599192145e+00,1.367303731199837635e+01,2.651649948936563916e+00
-1.845308069103905657e+00,1.308277939970595583e+01,2.437826102435737496e+00
-1.787891172688749641e+00,1.246995666724455099e+01,2.338627883648884076e+00
-1.731976813168141005e+00,1.196423403954168307e+01,2.299082418757921964e+00
-1.705685009346304515e+00,1.164950426929344296e+01,2.232285334161023371e+00
-1.728720097644669718e+00,1.154215375542670863e+01,2.050775010977749169e+00
-1.805601964887082245e+00,1.159129909591474394e+01,1.700252244712909144e+00
-1.923486123833740180e+00,1.170011381051765653e+01,1.183754679428228318e+00
-2.055395648175179169e+00,1.176050852329535701e+01,5.673565160385773964e-01
-2.167934090520510448e+00,1.168926212345407123e+01,-3.544723922826520379e-02
-2.231084330979475894e+00,1.145357901818444013e+01,-4.963274568949227472e-01
-2.227010299257963233e+00,1.107795389683767517e+01,-7.114740841270323912e-01
-2.155096252140054069e+00,1.063079159167110355e+01,-6.349732407499777409e-01
-2.031677436283314098e+00,1.019620193319437185e+01,-2.951436746112703347e-01
-1.884633028731575788e+00,9.841395188974304986e+00,2.118521279913148092e-01
-1.744659440658003824e+00,9.591454139191670336e+00,7.494833537843605953e-01
-1.636077028446905057e+00,9.420519013574205403e+00,1.180924153622100459e+00
-1.570109889488529475e+00,9.262553444444813877e+00,1.409129774946444202e+00
-1.542698253270684550e+00,9.037892309391065027e+00,1.404320469967979435e+00
-1.537359747313918223e+00,8.686110161406983110e+00,1.210384455465943976e+00
-1.531932015633940658e+00,8.193352564033249408e+00,9.285609656716804494e-01
-1.506769579117668068e+00,7.603990309015419058e+00,6.840879146404006406e-01
-1.451549581441186954e+00,7.011731915460634568e+00,5.868784664529274053e-01
-1.368394167846814780e+00,6.532386236725254314e+00,6.989688482502836031e-01
-1.270342431693906260e+00,6.266905865535861153e+00,1.018941486588285095e+00
-1.175842716124691822e+00,6.266954473763863831e+00,1.487667621913817184e+00
-1.101323796213792727e+00,6.514758498074107784e+00,2.012528253991821892e+00
-1.054566274659479497e+00,6.924532467576931083e+00,2.501183469970901463e+00
-1.031307666081905605e+00,7.365762601452484404e+00,2.892999046102799010e+00
-1.016375907682715019e+00,7.701415553338778253e+00,3.177364698639368878e+00
-9.890476711046125580e-01,7.829118477983646684e+00,3.392920065876976476e+00
-9.308195754111681097e-01,7.712223831616770831e+00,3.608475433114584519e+00
-8.328834309285175763e-01,7.390829411748057964e+00,3.892841085651153943e+00
-7.006260621017509349e-01,6.969245514636433825e+00,4.284656661783051490e+00
-5.534308718293812213e-01,6.583973470666611760e+00,4.773311877762131061e+00
-4.196267459734792649e-01,6.362486767244090125e+00,5.298172509840134659e+00
-3.280838243669551568e-01,6.385940809734971246e+00,5.766898645165667858e+00
-2.991348473653954176e-01,6.667465102079381367e+00,6.086871283503668906e+00
-3.378003367588635619e-01,7.152431165286174952e+00,6.198961665301026436e+00
-4.316038499174403853e-01,7.739815327311838189e+00,6.101752217113554089e+00
-5.538003703144219747e-01,8.316919326824933734e+00,5.857279166082273392e+00
-6.710869920965716329e-01,8.795545860138387795e+00,5.575455676288010309e+00
-7.534008678100356793e-01,9.137603757505447177e+00,5.381519661785974407e+00
-7.827213708772930989e-01,9.362023746596573659e+00,5.376710356807508973e+00
-7.581111504570992032e-01,9.531431897237549578e+00,5.604915978131851162e+00
-6.954498914970187462e-01,9.724000129396900505e+00,6.036356777969595910e+00
-6.220316425545119321e-01,1.000089883731524942e+01,6.573988003762636367e+00
-5.678437546471810649e-01,1.038112713234394313e+01,7.080983806365224176e+00
-5.563804209715006444e-01,1.083275636893458227e+01,7.420813372503931582e+00
-5.979304291007350169e-01,1.128375454427370528e+01,7.497314215880986232e+00
-6.873985596213871840e-01,1.164859188219621089e+01,7.282167588648876588e+00
-8.071768240073324829e-01,1.186116574314870675e+01,6.821287370982219933e+00
-9.338979233800974722e-01,1.190218663379744513e+01,6.218483615715379109e+00
-1.046643713143662335e+00,1.181088476725532210e+01,5.602085452325725967e+00
-1.133763205366731253e+00,1.167617206882095537e+01,5.085587887041046251e+00
-1.196007738193210823e+00,1.160945097668677306e+01,4.735065120776206449e+00
-1.245016124014726833e+00,1.170770028324684375e+01,4.553554797592930470e+00
-1.297820436607654448e+00,1.201908074474098065e+01,4.486757712996030989e+00
-1.369430832730842207e+00,1.252282050189577944e+01,4.447212248105071097e+00
-1.466220609886742743e+00,1.313066928280557555e+01,4.348014029318216345e+00
-1.582544843737992757e+00,1.371020573793796693e+01,4.134190182817391701e+00
-1.701887212409905592e+00,1.412306455545133765e+01,3.800963063570578893e+00
-2.248750823315400105e+00,1.419805391683438955e+01,3.455751918948772872e+00
-2.305139003537230558e+00,1.403284383518543876e+01,3.048126483894306293e+00
-2.304559382221976982e+00,1.360352244771958041e+01,2.715240365954051160e+00
-2.254630438997726305e+00,1.301514654206904176e+01,2.501635331809176854e+00
-2.178071072899210314e+00,1.240505467378724092e+01,2.402538625535142636e+00
-2.106372618459507962e+00,1.190185337063056537e+01,2.363033628704603650e+00
-2.070244895522177941e+00,1.158842581441932751e+01,2.296304899568007762e+00
-2.089876546030775550e+00,1.148051526316612758e+01,2.114980321343002956e+00
-2.168183952756562061e+00,1.152717363975866860e+01,1.764816255539110035e+00
-2.289303823207788469e+00,1.163212432075546943e+01,1.248847237705767999e+00
-2.422908440267562469e+00,1.168828832091750414e+01,6.330798530460990392e-01
-2.533040631160969891e+00,1.161361864896375273e+01,3.089296494363136247e-02
-2.588699709599330490e+00,1.137631133454748600e+01,-4.295156201717942324e-01
-2.572845258931018897e+00,1.100138359777954022e+01,-6.444420814067535197e-01
-2.487008918499971077e+00,1.055715587225587271e+01,-5.680195236374330214e-01
-2.350140416438083690e+00,1.012709787829694186e+01,-2.285377152872309914e-01
-2.192185622721815719e+00,9.777443164937739795e+00,2.779392633027812920e-01
-2.044581467555430354e+00,9.532273269341787980e+00,8.150203149357682086e-01
-1.930799987437428644e+00,9.365004492381121537e+00,1.246019608461601091e+00
-1.859976131264875931e+00,9.209348398354043397e+00,1.473991700128422400e+00
-1.825556502966777739e+00,8.985888048237292480e+00,1.469187316656001663e+00
-1.809187654834503611e+00,8.634806810024532098e+00,1.275449762694881084e+00
-1.788306101846623530e+00,8.142966678296234662e+00,9.939146713312583259e-01
-1.744688446650013880e+00,7.555287614869193646e+00,7.496917969062759646e-01
-1.670967928693901872e+00,6.965659968872466301e+00,6.525818260630131817e-01
-1.572897396968411687e+00,6.489650406808996408e+00,7.645575024104291906e-01
-1.466663926707714172e+00,6.227649301857738351e+00,1.084202703149769409e+00
-1.372309022978245974e+00,6.230663106623089753e+00,1.552449176961184785e+00
-1.305678840673202723e+00,6.480429694979891408e+00,2.076772703410743937e+00
-1.271850355730743676e+00,6.891049524977447049e+00,2.564927863849683742e+00
-1.262472204080443916e+00,7.332340460121662851e+00,2.956342483349684969e+00
-1.258095411099852790e+00,7.667953011198402891e+00,3.240417135984225094e+00
-1.234815752333044969e+00,7.796319826637333250e+00,3.455751918948772428e+00
-1.173007953681323157e+00,7.681429540520274379e+00,3.671086701913320205e+00
-1.065135394388415424e+00,7.363595540280163831e+00,3.955161354547859887e+00
-9.198498437274197359e-01,6.946800929065044983e+00,4.346575974047860669e+00
-7.607885369899060057e-01,6.566731840767037198e+00,4.834731134486800030e+00
-6.202373474974578471e-01,6.349779558028050275e+00,5.359054660936359404e+00
-5.295691845709225021e-01,6.376070528122136594e+00,5.827301134747775890e+00
-5.094979444057912144e-01,6.658076333944542569e+00,6.146946335487115221e+00
-5.633223703143197536e-01,7.141093790714371892e+00,6.258922011834532562e+00
-6.754149542937875061e-01,7.724643898509890860e+00,6.161812040991271111e+00
-8.155349169308441226e-01,8.297038497982955008e+00,5.917589166566287417e+00
-9.476623391110134964e-01,8.771259014980813618e+00,5.636054075202665103e+00
-1.040584708444509010e+00,9.110215366583245711e+00,5.442316521241544969e+00
-1.076902742418197612e+00,9.333375038779561095e+00,5.437512137769123122e+00
-1.057645630828532024e+00,9.503298556469550462e+00,5.665484229435943320e+00
-1.001121907437756198e+00,9.697541027772309974e+00,6.096483522961779755e+00
-9.365036780828055463e-01,9.976323646965012060e+00,6.633564574594761787e+00
-8.943289908301843560e-01,1.035767575615990843e+01,7.140041553184776291e+00
-8.970545387687764993e-01,1.080897990683114074e+01,7.479523361534978321e+00
-9.526932444262410371e-01,1.125799046783754598e+01,7.555945919304299707e+00
-1.053473808129694378e+00,1.161946722972348311e+01,7.341019458069339976e+00
-1.179740730413584737e+00,1.182796029633487578e+01,6.880610872953915269e+00
-1.307556865814732738e+00,1.186494265580230412e+01,6.278423984851449369e+00
-1.417266776954404506e+00,1.177024142026857234e+01,5.662656600191777301e+00
-1.500027075000633481e+00,1.163299929289103218e+01,5.146687582358437041e+00
-1.560083613144326087e+00,1.156442622032924206e+01,4.796523516554544564e+00
-1.612100616495764971e+00,1.166098873964081406e+01,4.615198938329537981e+00
-1.674595551551991024e+00,1.197024013971767964e+01,4.548470209192942093e+00
-1.761904023515851847e+00,1.247096905898533414e+01,4.508965212362403996e+00
-1.877620494933468942e+00,1.307485905105644264e+01,4.409868506088368889e+00
-2.011953402055079110e+00,1.364986668212392473e+01,4.196263471943495915e+00
-2.144069754201805011e+00,1.405835469809492366e+01,3.863377354003239006e+00
-2.692588137380683921e+00,1.411504132447713822e+01,3.518583772020568823e+00
-2.743695157857244382e+00,1.394835018595002651e+01,3.111467851097879045e+00
-2.729648092079403732e+00,1.351979519459709600e+01,2.778997826381394809e+00
-2.661347931041939674e+00,1.293401104412119906e+01,2.565659789273888602e+00
-2.565782495829663112e+00,1.232738421338017254e+01,2.466686949588926314e+00
-2.478422817820991941e+00,1.182730916700026746e+01,2.427231332292709709e+00
-2.432525365903202008e+00,1.151556122666858961e+01,2.360586011176239118e+00
-2.448737487239352362e+00,1.140722286545001651e+01,2.179488080817385764e+00
-2.528372164540728662e+00,1.145134330620465413e+01,1.829761704923455135e+00
-2.652573409734437337e+00,1.155231136965194416e+01,1.314437626005934057e+00
-2.787707132164930712e+00,1.160418611150236146e+01,6.994399238964459364e-01
-2.895304887541822580e+00,1.152619156062903549e+01,9.800574331189304544e-02
-2.943422278777807044e+00,1.128755171193023088e+01,-3.618273510212257627e-01
-2.915833414555943470e+00,1.091377476939745783e+01,-5.764851634922099066e-01
-2.816210579187407248e+00,1.047301404935465108e+01,-5.001581306087805601e-01
-2.666089045685676950e+00,1.004799932146351793e+01,-1.611006598095774400e-01
-2.497440340562304684e+00,9.703909257515952902e+00,3.447432445023865810e-01
-2.342402080253849217e+00,9.463797202304238709e+00,8.811529680920680008e-01
-2.223571424236960414e+00,9.300389433304639297e+00,1.311613531175803704e+00
-2.147987833745679698e+00,9.147226463922244477e+00,1.539300667605866257e+00
-2.106617905569971860e+00,8.925235351194334754e+00,1.534502289404616082e+00
-2.079263640723167494e+00,8.575279485445767236e+00,1.341006898991474738e+00
-2.042988718466113518e+00,8.084951608206319307e+00,1.059823714293395280e+00
-1.981010707256444014e+00,7.499665090958194114e+00,8.159061078794875854e-01
-1.888921165987973438e+00,6.913377758958651143e+00,7.189175202920918828e-01
-1.776088417033758082e+00,6.441274396005468361e+00,8.307532318958785744e-01
-1.661820721414685620e+00,6.183062604208524604e+00,1.149998889984231720e+00
-1.567724805046835757e+00,6.189031211155000101e+00,1.617660075992078950e+00
-1.509046296234302975e+00,6.440452799978725551e+00,2.141328220752040323e+00
-1.488158525643749286e+00,6.851418260356735956e+00,2.628873208391753202e+00
-1.492640675287861818e+00,7.292234329349998490e+00,3.019798576577020999e+00
-1.498800178228475888e+00,7.627399288291533352e+00,3.303518148204465543e+00
-1.479588149938557029e+00,7.756272706417506768e+00,3.518583772020568379e+00
-1.414283788387801222e+00,7.643521651908322667e+00,3.733649395836671658e+00
-1.296628298800813983e+00,7.329625689926010601e+00,4.017368967464116203e+00
-1.138520477931779906e+00,6.918115285041576357e+00,4.408294335649383555e+00
-9.678130437235479278e-01,6.543698564675090701e+00,4.895839323289095546e+00
-8.207006860816634664e-01,6.331533683150943226e+00,5.419507468049056698e+00
-7.310153248624062794e-01,6.360623229880967955e+00,5.887168654056905481e+00
-7.198260087323160583e-01,6.642767226608921050e+00,6.206414312145257739e+00
-7.887096112246259061e-01,7.123254337628509347e+00,6.318250023749046207e+00
-9.189136829939901219e-01,7.702270934082233289e+00,6.221261436161650948e+00
-1.076746322883459728e+00,8.269272202979816910e+00,5.977343829747742809e+00
-1.223520483619024768e+00,8.738521223142106109e+00,5.696160645049664240e+00
-1.326914477913776924e+00,9.073971734724539218e+00,5.502665254636522008e+00
-1.370170070546053775e+00,9.295603137719396614e+00,5.497866876435271166e+00
-1.356277274980005609e+00,9.465834640599874561e+00,5.725554012865331721e+00
-1.305945737081004587e+00,9.661511823918607078e+00,6.156014575949071421e+00
-1.250185951152192221e+00,9.941835757057820189e+00,6.692424299538748400e+00
-1.220048351626917604e+00,1.032384633667843943e+01,7.198268203850714642e+00
-1.236927236340846559e+00,1.077427845919647353e+01,7.537325674649918206e+00
-1.306555109464399012e+00,1.122076102430266964e+01,7.613652707533347552e+00
-1.418500102012270725e+00,1.157844617473760174e+01,7.398994895062362964e+00
-1.551087708500759721e+00,1.178261470152857804e+01,6.939161800729245044e+00
-1.679841280536634951e+00,1.181552282539001908e+01,6.337727620144693930e+00
-1.786389071963740083e+00,1.171754486908363724e+01,5.722729918035203589e+00
-1.864699646070920425e+00,1.157794561003486145e+01,5.207405839117684287e+00
-1.922500278969986542e+00,1.150760798171441479e+01,4.857679463223753658e+00
-1.977455938936885094e+00,1.160237036258017085e+01,4.676581532864898527e+00
-2.049543638466504891e+00,1.190912224598125846e+01,4.609936211748427937e+00
-2.152408566796644607e+00,1.240623950767439254e+01,4.570480594452212664e+00
-2.286868302985657131e+00,1.300544685369594866e+01,4.471507754767249487e+00
-2.439005947634353966e+00,1.357523814884466873e+01,4.258169717659744613e+00
-2.583706930670975677e+00,1.397886957252066864e+01,3.925699692943258157e+00
-3.133216620033577815e+00,1.401720538624166856e+01,3.581415625092364330e+00
-3.178994851806624222e+00,1.384923949824167977e+01,3.174900666965157825e+00
-3.151534075880294772e+00,1.342196884843938776e+01,2.842921416755883612e+00
-3.064995624317556455e+00,1.283948021673990603e+01,2.629898297873320967e+00
-2.950591862031666679e+00,1.223704509980295185e+01,2.531071556612314311e+00
-2.847719632933125578e+00,1.174069461332000763e+01,2.491674181592680615e+00
-2.792134761909493612e+00,1.143100000605883793e+01,2.425127238742511793e+00
-2.804916997032161241e+00,1.132236646434427918e+01,2.244296635483610913e+00
-2.885778695779360969e+00,1.136390234497064533e+01,1.895086507001560561e+00
-3.012902208313959829e+00,1.146077612008591551e+01,1.380523121987496271e+00
-3.149396891398852816e+00,1.150831034087356386e+01,7.664332466646346376e-01
-3.254336550405103612e+00,1.142709461198747434e+01,1.658868711200920387e-01
-3.294874411529126856e+00,1.118741543850456210e+01,-2.932674421395677911e-01
-3.255616579242012421e+00,1.081523971760690550e+01,-5.076083882036499517e-01
-3.142365694991406055e+00,1.037847140245938071e+01,-4.313940252127395070e-01
-2.979209400840497679e+00,9.959001938816282262e+00,-9.283705295709454575e-02
-2.800100565333657254e+00,9.620878903431652418e+00,4.122601515792272409e-01
-2.637836584655575134e+00,9.386102275532261174e+00,9.478780557620867242e-01
-2.514114703957702091e+00,9.226743284505550591e+00,1.377703195935437552e+00
-2.433876063372942156e+00,9.076252504617324135e+00,1.605054232765920741e+00
-2.385624970383476651e+00,8.855996003492579760e+00,1.600262937674490793e+00
-2.347348409173287020e+00,8.507587100997657359e+00,1.407053174830205755e+00
-2.295766071238290351e+00,8.019362350550007790e+00,1.126285057743179774e+00
-2.215552930052582248e+00,7.437172081922504674e+00,8.827275094824540425e-01
-2.105256154184842465e+00,6.854927398843850384e+00,7.858820912719624019e-01
-1.977838321846402625e+00,6.387292470905851616e+00,8.975527169667336658e-01
-1.855696947173437250e+00,6.133172998249373009e+00,1.216327121652134302e+00
-1.761973494020827147e+00,6.142081115081666098e+00,1.683297971175362173e+00
-1.711296200169958759e+00,6.394848106293430590e+00,2.206193104967176133e+00
-1.703339236507689591e+00,6.805659566316432318e+00,2.693018404715460168e+00
-1.721638489508570125e+00,7.245467151220663204e+00,3.083366709735137157e+00
-1.738298110484528758e+00,7.579779028926765250e+00,3.366667469672505408e+00
-1.723165944377055947e+00,7.709001287198417707e+00,3.581415625092363886e+00
-1.654453789539262365e+00,7.598520455098560333e+00,3.796163780512222807e+00
-1.527184790830646399e+00,7.288932702572482825e+00,4.079464540449590615e+00
-1.356481488060293561e+00,6.883191458892503611e+00,4.469812845469267160e+00
-1.174366799667776018e+00,6.514866046751759399e+00,4.956638145217551639e+00
-1.020889662796560460e+00,6.307732977407173536e+00,5.479533279009364932e+00
-9.322932552595135647e-01,6.339578177797134728e+00,5.946504128532593469e+00
-9.299752442705924160e-01,6.621517619194154491e+00,6.265278533217993662e+00
-1.013793410932717354e+00,7.098898227056270827e+00,6.376949158912766258e+00
-1.161901633006564794e+00,7.672691050551216918e+00,6.280103740702275950e+00
-1.337207173030759977e+00,8.233625649716103112e+00,6.036546192441549330e+00
-1.498410066607865243e+00,8.697347302907839861e+00,5.755778075354523793e+00
-1.612121694228767277e+00,9.028894470320862453e+00,5.562568312510237867e+00
-1.662243456992341217e+00,9.248732827210339735e+00,5.557777017418807475e+00
-1.653717221986037655e+00,9.419064907544239418e+00,5.785128054249288887e+00
-1.609622075652505924e+00,9.615935448393537754e+00,6.214953194422644600e+00
-1.562764262597194254e+00,9.897456335343296274e+00,6.750571098605499643e+00
-1.544667529362818037e+00,1.027966003791637917e+01,7.255668303141822761e+00
-1.575640711698113483e+00,1.072867592764202627e+01,7.594225275397468167e+00
-1.659135151714050904e+00,1.117209559611285030e+01,7.670439638388378611e+00
-1.782078317821020885e+00,1.152556542867168332e+01,7.456098692324296451e+00
-1.920808499903603916e+00,1.172517344696076691e+01,6.996944379064638397e+00
-2.050340717758079023e+00,1.175397850187388471e+01,6.396398003520096687e+00
-2.153605712679004469e+00,1.165285164352104275e+01,5.782308128197232833e+00
-2.227383658484998197e+00,1.151107107201399238e+01,5.267744743183169653e+00
-2.282864393192196140e+00,1.143905904676792673e+01,4.918534614701119523e+00
-2.340684017753597690e+00,1.153191120310130735e+01,4.737704011442216867e+00
-2.422250873224764955e+00,1.183579814876022773e+01,4.671157068592047601e+00
-2.540505055891610020e+00,1.232871036126196174e+01,4.631759693572416126e+00
-2.693493834174784940e+00,1.292252070528051533e+01,4.532932952311408137e+00
-2.863203099072013202e+00,1.348641845759564006e+01,4.319909833428846824e+00
-3.020278840711531743e+00,1.388471672998122841e+01,3.987930583219570391e+00
-3.570115038343931069e+00,1.390468003686764575e+01,3.644247478164160281e+00
-3.610525855798627060e+00,1.373564725592932945e+01,3.238424338418420589e+00
-3.569727285162531238e+00,1.331017531647254337e+01,2.907010059664608459e+00
-3.465113463217529777e+00,1.273167852632444763e+01,2.694349469408296560e+00
-3.332070010964538476e+00,1.213415280305675381e+01,2.595690914224623391e+00
-3.213859314726557503e+00,1.164211731742811295e+01,2.556360586745738850e+00
-3.148685232917134424e+00,1.133484530419367964e+01,2.489926895320575984e+00
-3.158032963426653517e+00,1.122604933448581122e+01,2.309404034575855746e+00
-3.240019670248451611e+00,1.126495846281399693e+01,1.960788201533735453e+00
-3.369901919807242408e+00,1.135763340490376372e+01,1.447100514697722051e+00
-3.507587620188237221e+00,1.140078321010276596e+01,8.340557144824973790e-01
-3.609750290470978840e+00,1.131645507852139332e+01,2.345313653436718049e-01
-3.642683501640780364e+00,1.107603070559817837e+01,-2.238415464263447952e-01
-3.591841390829205949e+00,1.070590271709425423e+01,-4.378177211494880261e-01
-3.465143150868094324e+00,1.027364410068405753e+01,-3.617330618661394048e-01
-3.289191460145310941e+00,9.860211273781425589e+00,-2.375225521497625891e-02
-3.099873039391892959e+00,9.528446594977092232e+00,4.804853609506354317e-01
-2.930603173307414266e+00,9.299273328236152381e+00,1.015191735793311789e+00
-2.802155723078744387e+00,9.144143623509565444e+00,1.444285387673690302e+00
-2.717374175332427200e+00,8.996499152122854781e+00,1.671249512231499201e+00
-2.662322315940912176e+00,8.778239012082480031e+00,1.666466371098365595e+00
-2.613204586213081271e+00,8.431794917406550738e+00,1.473585417963888755e+00
-2.546426030361074844e+00,7.946259023797005661e+00,1.193295119811804916e+00
-2.448132994219434977e+00,7.367861597308285049e+00,9.501520645124403863e-01
-2.319820633460544457e+00,6.790353217436509325e+00,8.534714605090014672e-01
-2.178018640010455531e+00,6.327739960068936576e+00,9.649520420492319062e-01
-2.048176794329821249e+00,6.078008158312430353e+00,1.283183947649929380e+00
-1.954938345022231516e+00,6.089835641682591394e+00,1.749360093286250084e+00
-1.912298350046709228e+00,6.343637057335651974e+00,2.271365349699865810e+00
-1.917240786948620324e+00,6.753796530317169200e+00,2.757362156709579182e+00
-1.949291063434571925e+00,7.192065174134553374e+00,3.147046156204482692e+00
-1.976397245053208351e+00,7.525121027873613144e+00,3.429864787085367794e+00
-1.965350346943364190e+00,7.654534221191593879e+00,3.644247478164159837e+00
-1.893324594977771280e+00,7.546450459153084545e+00,3.858630169242952324e+00
-1.756627041780788323e+00,7.241532887108188099e+00,4.141448800123836982e+00
-1.573575383760078994e+00,6.842034808424166670e+00,4.531132799618740492e+00
-1.380310641156448970e+00,6.480228285230682062e+00,5.017129606628452976e+00
-1.220675164239283905e+00,6.278362383532454238e+00,5.539134863042068702e+00
-1.133271754705158507e+00,6.312915846368548856e+00,6.005311008678390294e+00
-1.139799691022233441e+00,6.594309278675959618e+00,6.323542914279087768e+00
-1.238403293343375289e+00,7.068013997723541664e+00,6.435023495819319095e+00
-1.404179098305919027e+00,7.635903400014745657e+00,6.338342891815881508e+00
-1.596689339435126698e+00,8.190109959866839873e+00,6.095199836516515646e+00
-1.772079545512990517e+00,8.647759121470862453e+00,5.814909538364432251e+00
-1.895938066324874827e+00,8.975013042657044693e+00,5.622028585229955411e+00
-1.952843378565660704e+00,9.192797296889727576e+00,5.617245444096821139e+00
-1.949677008482459284e+00,9.363022955560266425e+00,5.844209568654628484e+00
-1.911851955026822036e+00,9.560844183162066301e+00,6.273303220535010993e+00
-1.873924703905204492e+00,9.843216627595527513e+00,6.808009595377682466e+00
-1.867852560094791947e+00,1.022514907660746353e+01,7.312247211543296821e+00
-1.912837701504008114e+00,1.067220839804176968e+01,7.650228018194459523e+00
-2.010053364094022577e+00,1.111203685371202887e+01,7.726312677477809032e+00
-2.143810601111953318e+00,1.146087585619178029e+01,7.512336502754664913e+00
-2.288495519054705163e+00,1.165569564474872877e+01,7.053963590984650089e+00
-2.418646736694049171e+00,1.168037570800434999e+01,6.454439241845825848e+00
-2.518514058493041219e+00,1.157623265343606178e+01,5.841394441630598067e+00
-2.587684247551623962e+00,1.143244973168457790e+01,5.327706754794586885e+00
-2.640785130886164733e+00,1.135885600537700313e+01,4.979090921752466592e+00
-2.701389467709131242e+00,1.144969133687638418e+01,4.798568061007745023e+00
-2.792306405778127942e+00,1.175035370803213652e+01,4.732134369582581712e+00
-2.925757486002169117e+00,1.223847612813791130e+01,4.692804042103698059e+00
-3.097030832611273876e+00,1.282618608287348749e+01,4.594145486920024446e+00
-3.284049995725844884e+00,1.338352477754802194e+01,4.381484896663713435e+00
-3.453270605801683768e+00,1.377602354156726250e+01,4.050070617909899084e+00
-4.002768358232811963e+00,1.377761905821450839e+01,3.707079331235956232e+00
-4.037782188106346482e+00,1.360772834918058649e+01,3.302038182716448222e+00
-3.983743681763772582e+00,1.318456484759651204e+01,2.971262514807733623e+00
-3.861246954983843960e+00,1.261074734892563143e+01,2.759011705806994730e+00
-3.709792819484825976e+00,1.201883823155135289e+01,2.660543258374679532e+00
-3.576442696923688214e+00,1.153169911680013549e+01,2.621288717532882728e+00
-3.501793249096248672e+00,1.122721374471807820e+01,2.554983038925946470e+00
-3.507707584581496896e+00,1.111838794408055620e+01,2.374808032404928326e+00
-3.590715741770521774e+00,1.115463263273024808e+01,2.026863956332937811e+00
-3.723189133284677155e+00,1.124301151690845835e+01,1.514166107741192313e+00
-3.861894471261066997e+00,1.128174044605342452e+01,9.023025995916569286e-01
-3.961166261087096352e+00,1.119441351571317256e+01,3.039334896075835957e-01
-3.986482433075074550e+00,1.095353836527955416e+01,-1.535561714055373450e-01
-3.924159731798566586e+00,1.058589978198779136e+01,-3.671200298389756256e-01
-3.784216619174617602e+00,1.015865899787450388e+01,-2.911819800763364441e-01
-3.595729413210373870e+00,9.751742563022453680e+00,4.614756251531293429e-02
-3.396468132342830959e+00,9.426715737227125302e+00,5.494135500250907356e-01
-3.220423165028885482e+00,9.203403585438836743e+00,1.083089585163631074e+00
-3.087423130117694203e+00,9.052676061318816636e+00,1.511356405259079327e+00
-2.998218015558644645e+00,8.908046724441957664e+00,1.737883186706821848e+00
-2.936456843244940274e+00,8.692040534864888812e+00,1.733109262333487388e+00
-2.876596846645403716e+00,8.347974484485151336e+00,1.540599976554284378e+00
-2.794758192502801997e+00,7.865706826964926179e+00,1.260849777111431980e+00
-2.678570073996253242e+00,7.291790293444671889e+00,1.018175240527096737e+00
-2.532463131894509445e+00,6.719701768385851537e+00,9.216809329091351088e-01
-2.376501182966451964e+00,6.262653289977158977e+00,1.032946699599936125e+00
-2.239144328453168242e+00,6.017596265179778747e+00,1.350565395815276570e+00
-2.146502256004147124e+00,6.032318180057258949e+00,1.815843254439195364e+00
-2.111922158353189083e+00,6.286842318535866170e+00,2.336842645266098195e+00
-2.129711232438830315e+00,6.695854498997592330e+00,2.821902972312406277e+00
-2.175423790046756345e+00,7.132058005462850403e+00,3.210836079512704000e+00
-2.212905769135247613e+00,7.463458273775295027e+00,3.493109739773869737e+00
-2.205942731802414070e+00,7.592904685703281586e+00,3.707079331235955788e+00
-2.130702788911085221e+00,7.487340447233816754e+00,3.921048922698042283e+00
-1.984776726933544122e+00,7.187446097454303739e+00,4.203322582959208020e+00
-1.789643589040156080e+00,6.794653282510440206e+00,4.592255690159505299e+00
-1.585503715295308869e+00,6.439781014123182601e+00,5.077316017205813381e+00
-1.419925919816236393e+00,6.243408119185728467e+00,5.598315408032714657e+00
-1.333817234506391447e+00,6.280618100098376289e+00,6.063593266656635450e+00
-1.349151126665978584e+00,6.561126072597494030e+00,6.381211962871975452e+00
-1.462366919206057325e+00,7.030593457458955697e+00,6.492477729562777355e+00
-1.645545108706377935e+00,7.591911789535933153e+00,6.395983421944816172e+00
-1.854964092381376606e+00,8.138742252848402359e+00,6.153308885360480929e+00
-2.044277364554368148e+00,8.589785647413796354e+00,5.873558685917629418e+00
-2.178095706840981194e+00,8.912364812091974287e+00,5.681049400138426186e+00
-2.241690928601484778e+00,9.127838161048174470e+00,5.676275475765090839e+00
-2.243868833320338929e+00,9.297751239650054345e+00,5.902802257212830028e+00
-2.212337035916426498e+00,9.496279679844924715e+00,6.331069077308283610e+00
-2.183353988441756321e+00,9.779157976311735112e+00,6.864745112446819064e+00
-2.189270206882095948e+00,1.016035673535867190e+01,7.368011099956598642e+00
-2.248161924397690470e+00,1.060492414011634921e+01,7.705340642548248908e+00
-2.358931106463353355e+00,1.104064073457324824e+01,7.781278692310888090e+00
-2.503300913178722720e+00,1.138444243021790925e+01,7.567714833877449365e+00
-2.653743424001913542e+00,1.157425496299105561e+01,7.110225172864330645e+00
-2.784353477566169133e+00,1.159479504395138960e+01,6.511856062880257312e+00
-2.880714269859114385e+00,1.148777309085513920e+01,5.899992554730720151e+00
-2.945209479447445933e+00,1.134216953812373951e+01,5.387294706138976430e+00
-2.995874709252425383e+00,1.126708914052197130e+01,5.039350630066985914e+00
-3.059180127830034124e+00,1.135580474358785352e+01,4.859175623545966438e+00
-3.159302935446737237e+00,1.165288942051993359e+01,4.792869944939029736e+00
-3.307733893665303349e+00,1.213564714749070816e+01,4.753615404097233821e+00
-3.497017702912224468e+00,1.271656572865981616e+01,4.655146956664918179e+00
-3.701057086925023221e+00,1.326669289543526276e+01,4.442896147664180617e+00
-3.882173209773456257e+00,1.365293693653490692e+01,4.112120479755463798e+00
-4.430668583737987554e+00,1.363619575884999335e+01,3.769911184307752183e+00
-4.460264930373918801e+00,1.346565675273780904e+01,3.365741428128310897e+00
-4.393105997023321052e+00,1.304530572655297149e+01,3.035677380222526089e+00
-4.252947853548677770e+00,1.247684469263989904e+01,2.823883200702057117e+00
-4.083341808458482269e+00,1.189124748701960499e+01,2.725626595081727110e+00
-3.935075739267758443e+00,1.140957586140818592e+01,2.686456505181092691e+00
-3.851080104846580365e+00,1.110823522246429107e+01,2.620293474452408677e+00
-3.853567857350144177e+00,1.099951175544890347e+01,2.440506090574491971e+00
-3.937492586005413298e+00,1.103305888250506328e+01,2.093310570059804476e+00
-4.072385827125469149e+00,1.111705197765325082e+01,1.581715722927699463e+00
-4.211938351401061986e+00,1.115133105057538643e+01,9.711685580092579428e-01
-4.308210587920789258e+00,1.106112349654027405e+01,3.740867598473989197e-01
-4.325910036474136078e+00,1.082009166929215738e+01,-8.241867280343351254e-02
-4.252229137167489625e+00,1.045537842068411472e+01,-2.955230769048013961e-01
-4.099264912440014896e+00,1.003365341506211195e+01,-2.197483977901191210e-01
-3.898521962399049912e+00,9.633720552695121953e+00,1.168554250059807842e-01
-3.689600102368854717e+00,9.315798497900082964e+00,6.190387024549779404e-01
-3.507021239508144372e+00,9.098594536235484753e+00,1.151566604346324407e+00
-3.369648542471064268e+00,8.952434141762596553e+00,1.578912065148031729e+00
-3.276146119760887210e+00,8.810983140274950998e+00,1.804951504253162531e+00
-3.207777906741341223e+00,8.597483807816896473e+00,1.800187850345301044e+00
-3.137292039559926415e+00,8.256203583339541296e+00,1.608092722776030215e+00
-3.040553942549960365e+00,7.777776002685031109e+00,1.328944368804477971e+00
-2.906684624926509919e+00,7.209018463881974981e+00,1.086791914317435381e+00
-2.743032877067053121e+00,6.643021851914095777e+00,9.905052014113335801e-01
-2.573157897745062428e+00,6.192070037272195293e+00,1.101531594554137072e+00
-2.428483312626707580e+00,5.951966081909643158e+00,1.418466976247100053e+00
-2.336547593912547960e+00,5.969552773220488717e+00,1.882743851233950050e+00
-2.310036513888046539e+00,6.224487864980063456e+00,2.402622380933519430e+00
-2.340598301807848447e+00,6.631861155122839691e+00,2.886639164984249106e+00
-2.399862013372589864e+00,7.065478673469323567e+00,3.274735534160147399e+00
-2.447632038901127682e+00,7.394827999281707420e+00,3.556401920058564592e+00
-2.444744672643895278e+00,7.524150431593016997e+00,3.769911184307751739e+00
-2.366394925769630397e+00,7.421223537403231596e+00,3.983420448556939331e+00
-2.211455011678954641e+00,7.126695819227773399e+00,4.265086834455356524e+00
-2.004526379064841102e+00,6.741057542172907091e+00,4.653183203631254372e+00
-1.789803372746657573e+00,6.393521859170014920e+00,5.137199987681983160e+00
-1.618508371239495869e+00,6.202857859334731216e+00,5.657078517381552096e+00
-1.533793614620529544e+00,6.242668386808520431e+00,6.121355392368403869e+00
-1.557878980584833872e+00,6.521954154627571221e+00,6.438290774061366406e+00
-1.685510061535288262e+00,6.986631843896042859e+00,6.549317167204170786e+00
-1.885797477720048576e+00,7.540724805640373063e+00,6.453030454298069429e+00
-2.111802218175900414e+00,8.079545730844436946e+00,6.210877999811026839e+00
-2.314752129890035093e+00,8.523463000928924060e+00,5.931729645839475040e+00
-2.458327348323868122e+00,8.840995055599481844e+00,5.739634518270204211e+00
-2.528508061109142169e+00,9.053905471184235054e+00,5.734870864362341614e+00
-2.536005824717818324e+00,9.223301080381755668e+00,5.960910303467469973e+00
-2.510779902592112922e+00,9.422292968800906721e+00,6.388255764269182180e+00
-2.490739785130096529e+00,9.705331828002986327e+00,6.920783666160524206e+00
-2.508588345056286251e+00,1.008533736142603487e+01,7.422966943609523582e+00
-2.581258525378617996e+00,1.052688358922571332e+01,7.759570766405623488e+00
-2.705391606870275023e+00,1.095797640114994209e+01,7.835345445520305319e+00
-2.860155576017855417e+00,1.129634416333563962e+01,7.622241041418937435e+00
-3.016149684078128335e+00,1.148093953293124514e+01,7.165735608768105891e+00
-3.147058229416287656e+00,1.149733157633513869e+01,6.568653810606248200e+00
-3.239809859637275302e+00,1.138757230810033327e+01,5.958106645687805347e+00
-3.299570881507214448e+00,1.124033220895099561e+01,5.446511798555701667e+00
-3.347748906697241011e+00,1.116386229524389329e+01,5.099316278041014172e+00
-3.413667591240175714e+00,1.125035916351375676e+01,4.919528894163095245e+00
-3.522837279027748458e+00,1.154352025668488757e+01,4.853365863434411231e+00
-3.686006987345414210e+00,1.202034939639841582e+01,4.814195773533778144e+00
-3.892998215766015235e+00,1.259379941960738591e+01,4.715939167913448138e+00
-4.113740908032021970e+00,1.313607694640610113e+01,4.504144988392980054e+00
-4.306484323604749420e+00,1.351562310077575901e+01,4.174080940487193025e+00
-4.853315578091052629e+00,1.348060261391800552e+01,3.832743037379548134e+00
-4.877483024929960109e+00,1.330962516584085442e+01,3.429533214694973964e+00
-4.797344473854861846e+00,1.289258393292843863e+01,3.100253093666922588e+00
-4.639774828076089541e+00,1.233014488908674267e+01,2.888961941213251894e+00
-4.452304736154913734e+00,1.175154159285864175e+01,2.790938702403240601e+00
-4.289370059314046912e+00,1.127589717356820564e+01,2.751861644404963059e+00
-4.196172411840644934e+00,1.097805268182506921e+01,2.685855755838322700e+00
-4.195246055563623955e+00,1.086956300564882127e+01,2.506495380486155611e+00
-4.279981381272783381e+00,1.090038406319136222e+01,2.160124475381983711e+00
-4.417119857988497600e+00,1.097990928568100344e+01,1.649744704395618822e+00
-4.557346411733929514e+00,1.100971702905900429e+01,1.040647634801829202e+00
-4.650515844757660666e+00,1.091675132915768032e+01,4.449839507082988810e-01
-4.660611531946040387e+00,1.067585599007733421e+01,-1.043724728941963775e-02
-4.575713189713427553e+00,1.031449737550973289e+01,-2.230355124423075708e-01
-4.409972325203589172e+00,9.898774910840749897e+00,-1.474408038757242245e-01
-4.197272615364070703e+00,9.506279305481735165e+00,1.883635595866128831e-01
-3.978987350746813423e+00,9.195815650204490765e+00,6.893541140739958273e-01
-3.790125666793599635e+00,8.984955806494749453e+00,1.220617222243988831e+00
-3.648566759410479143e+00,8.843519236250497073e+00,1.646947705513530646e+00
-3.550899909517212016e+00,8.705403829780394176e+00,1.872450283991559550e+00
-3.476037483170773434e+00,8.494659070076117757e+00,1.867697944119135256e+00
-3.395059312714995503e+00,8.156566169102749342e+00,1.676059056890303989e+00
-3.283606515599094333e+00,7.682541804397266638e+00,1.397573701203302043e+00
-3.132298372129043607e+00,7.119610038217732750e+00,1.155996376963817074e+00
-2.951379711691564545e+00,6.560364549234908083e+00,1.059938352225040070e+00
-2.767860725664288868e+00,6.116028996870589651e+00,1.170701049354071266e+00
-2.616077037120344784e+00,5.881147047225994129e+00,1.486883685736569927e+00
-2.524956028924053797e+00,5.901564223504892404e+00,1.950057868311684484e+00
-2.506509651099730007e+00,6.156599084332492922e+00,2.468701647497909324e+00
-2.549749320938709207e+00,6.561846606684172301e+00,2.951568855371835998e+00
-2.622431009404738056e+00,6.992363698081571322e+00,3.338743466552950512e+00
-2.680384603806711397e+00,7.319271737526769073e+00,3.619740873652068647e+00
-2.681557984553071705e+00,7.448313837065040133e+00,3.832743037379547690e+00
-2.600207560023727993e+00,7.348137249458371656e+00,4.045745201107027178e+00
-2.436482545192824922e+00,7.059309264531993477e+00,4.326742608206144425e+00
-2.218062826609672467e+00,6.681261092525296874e+00,4.713917219387258939e+00
-1.993065072300679308e+00,6.341450507087072808e+00,5.196784427261185613e+00
-1.816286555392061075e+00,6.156700933199118708e+00,5.715428206447410453e+00
-1.733062213918638905e+00,6.199051945090541693e+00,6.178602389022525898e+00
-1.765830261320584516e+00,6.476782162111152097e+00,6.494785025405024115e+00
-1.907656592861036282e+00,6.936127993712093875e+00,6.605547722534055310e+00
-2.124732859965090093e+00,7.482355943292024136e+00,6.509489697795280527e+00
-2.366974144036034566e+00,8.012549764404667485e+00,6.267912373555794225e+00
-2.583252789702487284e+00,8.448834501414891562e+00,5.989427017868793612e+00
-2.736366562834709359e+00,8.760956987397827689e+00,5.797788130639961679e+00
-2.813017837497780782e+00,8.971057722079589070e+00,5.793035790767536497e+00
-2.825802309712759364e+00,9.139732664921316641e+00,6.018538369245563402e+00
-2.806884359842654941e+00,9.338944458835914730e+00,6.444868852515109658e+00
-2.795771054159017943e+00,9.621799728880017000e+00,6.976131960685098221e+00
-2.825476348887385747e+00,1.000015635094738897e+01,7.477122515172482942e+00
-2.911774520448242587e+00,1.043815931027210731e+01,7.812926878634820937e+00
-3.049060461531766020e+00,1.086412617773920708e+01,7.888521587201403840e+00
-3.213983814379567150e+00,1.119667401568361775e+01,7.675923322048515018e+00
-3.375315143201593759e+00,1.137585183136111588e+01,7.220502124050797832e+00
-3.506361992509171799e+00,1.138809470253839606e+01,6.624838439957269287e+00
-3.595408238449428140e+00,1.127574367217126117e+01,6.015741370363477003e+00
-3.650383966247984446e+00,1.112705308013211436e+01,5.505361599377113890e+00
-3.696027575370771867e+00,1.104929271775304400e+01,5.158990694272942434e+00
-3.764467727826605881e+00,1.113347593166532690e+01,4.979630318920774457e+00
-3.882510930504381008e+00,1.142237547312892332e+01,4.913624430354132322e+00
-4.060154767736908532e+00,1.189272426882492262e+01,4.874547372355857000e+00
-4.284522200850709339e+00,1.245804370483334900e+01,4.776524133545844819e+00
-4.521624841434686459e+00,1.299184910864311782e+01,4.565232981092174569e+00
-4.725709113147206430e+00,1.336426713634464747e+01,4.235952860064122305e+00
-5.270217864533965013e+00,1.331105086638745050e+01,3.895574890451343641e+00
-5.288954051912897469e+00,1.313984461489535072e+01,3.493412595077971083e+00
-5.195997589887944912e+00,1.272660276601949647e+01,3.164987934161274108e+00
-5.021294114651802865e+00,1.217083825487612714e+01,2.954245709933946973e+00
-4.816276177125288882e+00,1.159989619666898619e+01,2.856477132627721183e+00
-4.638943451694302667e+00,1.113082618543085189e+01,2.817501595681739079e+00
-4.536702580717021149e+00,1.083682187494155436e+01,2.751667188480590109e+00
-4.532380197135737809e+00,1.072869646775479424e+01,2.572772786130959943e+00
-4.617819277492094088e+00,1.075676759813181960e+01,2.227301742494662840e+00
-4.757025436714719113e+00,1.083175064489999606e+01,1.718247923206680738e+00
-4.897752523810872560e+00,1.085707309910763030e+01,1.110733269962087100e+00
-4.987721514515365939e+00,1.076147575556236191e+01,5.166171026756245510e-01
-4.990238957354266702e+00,1.052100852466527314e+01,6.237907561314326443e-02
-4.894281901910018107e+00,1.016342634792770738e+01,-1.496668654728869896e-01
-4.716028964485298403e+00,9.754181040264843006e+00,-7.426854974534347065e-02
-4.491689968464728011e+00,9.369561998870899799e+00,2.606634038148598620e-01
-4.264352669414331665e+00,9.066896409010013258e+00,7.603523995133580904e-01
-4.069468531621369678e+00,8.862605026234291472e+00,1.290235301686540659e+00
-3.923915971229190447e+00,8.726040434082795727e+00,1.715458190845776887e+00
-3.822223885487313844e+00,8.591411641817320088e+00,1.940374920228837619e+00
-3.740990338441421148e+00,8.383663487028826466e+00,1.935634926796227839e+00
-3.649670236083633057e+00,8.049152314174383704e+00,1.744493911784208873e+00
-3.523711059699568882e+00,7.580084467562845596e+00,1.466732052895746818e+00
-3.355234301351575077e+00,7.023632589081530320e+00,1.225782339469963844e+00
-3.157354014284886379e+00,6.471783269198184030e+00,1.129973870666368008e+00
-2.960481468166030083e+00,6.034570265476976836e+00,1.240448809551979004e+00
-2.801808157738882699e+00,5.805169385898798495e+00,1.555810012704669010e+00
-2.711608378035671230e+00,5.828378214656780187e+00,2.017780882317662172e+00
-2.701209028533447132e+00,6.083202894443310527e+00,2.535077240154215872e+00
-2.757011144619017973e+00,6.485843487602344304e+00,3.016689973163011018e+00
-2.842955973955035631e+00,6.912753170033406391e+00,3.402858716042813647e+00
-2.910972236896800958e+00,7.236835384526470349e+00,3.683126100107389611e+00
-2.916184771664060982e+00,7.365441966380134708e+00,3.895574890451343197e+00
-2.831947282567429447e+00,7.268123577339428820e+00,4.108023680795297672e+00
-2.659679462392235738e+00,6.985317474315859698e+00,4.388291064859872748e+00
-2.430090759066160455e+00,6.615280424889671274e+00,4.774459807739674488e+00
-2.195142298259842306e+00,6.283568887279312953e+00,5.256072540748470523e+00
-2.013122001660056615e+00,6.104928534827513964e+00,5.773368898585022890e+00
-1.931481655497821359e+00,6.149756024934985632e+00,6.235339768198016941e+00
-1.972849498400069734e+00,6.425601424691384622e+00,6.550700971350707391e+00
-2.128628485050588548e+00,6.879084519587299162e+00,6.661175910236319275e+00
-2.362146818628688472e+00,7.416823738677939204e+00,6.565367441432725215e+00
-2.620250070346309634e+00,7.937789978103898747e+00,6.324417728006940465e+00
-2.849528819308616789e+00,8.365950712074701201e+00,6.046655869118479742e+00
-3.011947984915198440e+00,8.672311774389667605e+00,5.855514854106459666e+00
-3.094944675747069773e+00,8.879361851169754516e+00,5.850774860673849886e+00
-3.112974085704199645e+00,9.047115040069375169e+00,6.075691590056908176e+00
-3.100355731867078468e+00,9.246303927341392281e+00,6.500914479216149289e+00
-3.098138384279227608e+00,9.528633308755011910e+00,7.030797381389326972e+00
-3.139605479032237412e+00,9.904890118498187235e+00,7.530486377087827421e+00
-3.239359240697316178e+00,1.033883594365610037e+01,7.865418330648030754e+00
-3.389566132544492572e+00,1.075918546629912953e+01,7.940816646375574273e+00
-3.564398293763280101e+00,1.108553877946367372e+01,7.728770705289543130e+00
-3.730844577595452627e+00,1.125910853850083981e+01,7.274532678227063620e+00
-3.861870034118179973e+00,1.126720799060008282e+01,6.680416510940602848e+00
-3.947121252896830246e+00,1.115241439571595627e+01,6.072901857696006545e+00
-3.997268748055083254e+00,1.100246093361018751e+01,5.563848038408026220e+00
-4.040335146130863642e+00,1.092351088503792766e+01,5.218376994771729116e+00
-4.111201198671484924e+00,1.100528978987552264e+01,5.039482592422097618e+00
-4.237930611164813399e+00,1.128959840088400846e+01,4.973648185220947759e+00
-4.429761136381491049e+00,1.175292832712104563e+01,4.934672648274966988e+00
-4.671146225464686275e+00,1.230947161142670687e+01,4.836904070968740754e+00
-4.924239860597111829e+00,1.283419926265300504e+01,4.626161846741414507e+00
-5.139361027761417233e+00,1.319907268307767545e+01,4.297737185824715311e+00
-5.680893404872273678e+00,1.312777009089964864e+01,3.958406743523139593e+00
-5.694204984286956872e+00,1.295654402009610706e+01,3.557378535494317262e+00
-5.588612759940337682e+00,1.254758243668646323e+01,3.229880023686745538e+00
-5.397080149625022472e+00,1.199913072405700021e+01,3.019732087119420427e+00
-5.174858085314927081e+00,1.143650124783188105e+01,2.922239214690288467e+00
-4.983420393805396031e+00,1.097453925482830606e+01,2.883373587757517509e+00
-4.872309290501702250e+00,1.068471110034214533e+01,2.817724831893904991e+00
-4.864614499118495416e+00,1.057707919341626024e+01,2.639334907164503363e+00
-4.950649852363143921e+00,1.060238121319296667e+01,2.294838082998812645e+00
-5.091743590262769459e+00,1.067275567383450685e+01,1.787219782407613256e+00
-5.232797740592864066e+00,1.069358638013472174e+01,1.181418304882871251e+00
-5.319474434629320569e+00,1.059548763207867239e+01,5.889775299299602196e-01
-5.314451581379389999e+00,1.035573798225078335e+01,1.360204424379753974e-01
-5.207612084001695507e+00,1.000234571002672901e+01,-7.542753453999440083e-02
-5.017131068487439727e+00,9.600039102883346942e+00,-2.418401264092651104e-04
-4.781487980821558459e+00,9.223720715155769412e+00,3.337456139265353450e-01
-4.545423481459936355e+00,8.929178260680513901e+00,8.320254994902644974e-01
-4.344785952530194173e+00,8.731667691897991190e+00,1.360414145487863991e+00
-4.195437964539990183e+00,8.600114428464454619e+00,1.784437917020320619e+00
-4.089865817798184366e+00,8.469116747754615204e+00,2.008720387002871810e+00
-4.002394192665255979e+00,8.264601071429897416e+00,2.003993760230009080e+00
-3.900898924853265282e+00,7.934058151919426649e+00,1.813391757971406282e+00
-3.760664699842933167e+00,7.470489184743335898e+00,1.536413180391481337e+00
-3.575316653545002055e+00,6.921157346995199688e+00,1.296142938969446323e+00
-3.360806625852016172e+00,6.377333806732124799e+00,1.200604647587306673e+00
-3.150891660952595874e+00,5.947735339931840670e+00,1.310768049982497185e+00
-2.985558544097626221e+00,5.724064235455736949e+00,1.625239942641458324e+00
-2.896384459238915632e+00,5.750021449926598471e+00,2.085908066266560112e+00
-2.894001217498086476e+00,6.004327874962090306e+00,2.601745661659309761e+00
-2.962230097477588142e+00,6.403887069420677314e+00,3.082000259129883624e+00
-3.061262018184186751e+00,6.826690837845754700e+00,3.467080016072418225e+00
-3.139203971692709150e+00,7.147569267028089257e+00,3.746557053311807994e+00
-3.148427481132322736e+00,7.275586633033222839e+00,3.958406743523139149e+00
-3.061420764242849923e+00,7.181229066609589928e+00,4.170256433734470747e+00
-2.880865394857353934e+00,6.904755427690228764e+00,4.449733470973860072e+00
-2.640446726834188240e+00,6.543135168330702633e+00,4.834813227916394673e+00
-2.395886491606832092e+00,6.219881365127720052e+00,5.315067825386968536e+00
-2.208873644767851196e+00,6.047533946311228092e+00,5.830905420779717296e+00
-2.128907788049473115e+00,6.094770120508242073e+00,6.291573544404820417e+00
-2.178778699416009434e+00,6.368406183018303857e+00,6.606045437063780668e+00
-2.348245822388733028e+00,6.815507994015785442e+00,6.716208839458972513e+00
-2.597833903443839354e+00,7.344151905094249422e+00,6.620670548076834194e+00
-2.871400110523194549e+00,7.855308335724271451e+00,6.380400306654798293e+00
-3.113330411357733585e+00,8.274869481126303938e+00,6.103421729074873348e+00
-3.284807537850990222e+00,8.575128546129091589e+00,5.912819726816270993e+00
-3.374014601871957453e+00,8.778893230985698182e+00,5.908093100043407375e+00
-3.397238693855614944e+00,8.945526097103295271e+00,6.132375570025956790e+00
-3.390901162778598987e+00,9.144450500675565863e+00,6.556399341558417859e+00
-3.397534331235677385e+00,9.425914252999108456e+00,7.084787987556012467e+00
-3.450649270141332714e+00,9.799626051865839571e+00,7.583067873119743396e+00
-3.563664775022762576e+00,1.022901013326964659e+01,7.917055327172688450e+00
-3.726540442329996150e+00,1.064326264131490163e+01,7.992241021586274030e+00
-3.911015653225721866e+00,1.096305894028125394e+01,7.780793044608303788e+00
-4.082347246729776558e+00,1.113084037165769402e+01,7.327835957116319854e+00
-4.213192436506075111e+00,1.113480899505350941e+01,6.735395182163410155e+00
-4.294565715513887660e+00,1.101772534498302569e+01,6.129593704638665486e+00
-4.339850251478352128e+00,1.086669780316512046e+01,5.621975404047468317e+00
-4.380301124921913924e+00,1.078666030538835763e+01,5.277478579881776710e+00
-4.453493961208325302e+00,1.086594867729296787e+01,5.099088655152375082e+00
-4.588708808969093944e+00,1.114534621012969318e+01,5.033439899288761232e+00
-4.794416491241249467e+00,1.160113302670576729e+01,4.994574272355992051e+00
-5.052434257274926566e+00,1.214827231956873277e+01,4.897081399926859646e+00
-5.321125255355029005e+00,1.266333461623885981e+01,4.686933463359535423e+00
-5.546962567896193796e+00,1.302026150344627808e+01,4.359434951551961923e+00
-6.084870353838093493e+00,1.293100772154328482e+01,4.021238596594935544e+00
-6.092772918902758406e+00,1.275996972732187906e+01,3.621429916736722543e+00
-5.974747016153029833e+00,1.235575962741726030e+01,3.294927329038692232e+00
-5.766716183166983534e+00,1.181524345261901665e+01,3.085418453074856959e+00
-5.527660340210603707e+00,1.126156065103142012e+01,2.988222056808699456e+00
-5.322432536915886025e+00,1.080722566024349796e+01,2.949474620382142476e+00
-5.202637944873236719e+00,1.052190092271507638e+01,2.884025502612654446e+00
-5.191599819872548593e+00,1.041489023736284203e+01,2.706178062262668327e+00
-5.278123553949743751e+00,1.043740864892083309e+01,2.362728854133316680e+00
-5.420922608823381950e+00,1.050311609653333811e+01,1.856654222553658418e+00
-5.562130741487328223e+00,1.051945606473644546e+01,1.252694989421822225e+00
-5.645429226017091295e+00,1.041898959254482016e+01,6.620558289189881762e-01
-5.632916300670343546e+00,1.018024425630508034e+01,2.104761855000480963e-01
-5.515387697686057855e+00,9.831446203055042687e+00,-3.287774470361881640e-04
-5.312981313162241648e+00,9.436525880539054612e+00,7.462827700923702068e-02
-5.066386238791408481e+00,9.068916223629161166e+00,4.076000740567820024e-01
-4.821932074430195669e+00,8.782806786905450025e+00,9.043646887614364971e-01
-4.615818295726274556e+00,8.592277023756087928e+00,1.431146503055122476e+00
-4.462878323731367836e+00,8.465865398360172378e+00,1.853880816828650691e+00
-4.353576933658400705e+00,8.338636541921516709e+00,2.077481243042605286e+00
-4.260009883498846683e+00,8.137582602565275991e+00,2.072768989958141184e+00
-4.148522162162056048e+00,7.811385820753086406e+00,1.882746609049048114e+00
-3.994266603681062566e+00,7.353846084356661983e+00,1.606610324283571867e+00
-3.792370923674728722e+00,6.812259222771830380e+00,1.367070745498495832e+00
-3.561588783529622049e+00,6.277074412586259200e+00,1.271822986391592192e+00
-3.338962457543472873e+00,5.855567229752396408e+00,1.381651381498264719e+00
-3.167209139031035292e+00,5.637863788482489369e+00,1.695166964041666890e+00
-3.079162957462023620e+00,5.666521805372562781e+00,2.154434194306114048e+00
-3.084751802018649514e+00,5.920004412202990451e+00,2.668703125783342678e+00
-3.165251924894565860e+00,6.316015383309661502e+00,3.147497267358409623e+00
-3.277174172510113337e+00,6.734224202060725695e+00,3.531405995425366928e+00
-3.364889146226703431e+00,7.051528215297015123e+00,3.810033142025823771e+00
-3.378088963930883537e+00,7.178804466901670622e+00,4.021238596594935544e+00
-3.288434807043587149e+00,7.087504896460275816e+00,4.232444051164046428e+00
-3.099859491366252051e+00,6.817662157541567680e+00,4.511071197764503715e+00
-2.848965983889680142e+00,6.464848249796167678e+00,4.894979925831459688e+00
-2.595146995866316253e+00,6.150394945888129072e+00,5.373774067406527521e+00
-2.403397754085511817e+00,5.984512772567683214e+00,5.888042998883755708e+00
-2.325193624222160249e+00,6.034086213978091529e+00,6.347310229148203753e+00
-2.383457323179710041e+00,6.305193816498896098e+00,6.660825811691605480e+00
-2.566326828545133942e+00,6.745409139051434799e+00,6.770654206798278452e+00
-2.831587739591528319e+00,7.264369471190757821e+00,6.675406447691376144e+00
-3.120194438693358663e+00,7.765153224401736942e+00,6.435866868906298777e+00
-3.374408671155080697e+00,8.175655979225490810e+00,6.159730584140823417e+00
-3.554682663149730359e+00,8.469484399028292643e+00,5.969708203231730792e+00
-3.649955503514236366e+00,8.669735654442840556e+00,5.964995950147265802e+00
-3.678315694118052814e+00,8.835052548230155622e+00,6.188596376361218176e+00
-3.678229918385372166e+00,9.033472624612471691e+00,6.611330690134750832e+00
-3.693653756871258409e+00,9.313734262414939735e+00,7.138112504428432814e+00
-3.758283917992193857e+00,9.684462451968119723e+00,7.634877119133088641e+00
-3.884346410655700410e+00,1.010879043655178045e+01,7.967848916180633623e+00
-4.059619063821777729e+00,1.051647892386072947e+01,8.042805970636907276e+00
-4.253457031881514361e+00,1.082936851558427627e+01,7.832001007689822103e+00
-4.429437436307240183e+00,1.099119189502963678e+01,7.380421364270883799e+00
-4.559944635934835233e+00,1.099104904913666125e+01,6.789782203768051971e+00
-4.637363925355420413e+00,1.087183082520705923e+01,6.185822970636213114e+00
-4.677759010110884574e+00,1.071991875895768942e+01,5.679748339056556183e+00
-4.715560579582617429e+00,1.063889730029870151e+01,5.336299130927204537e+00
-4.790977764087744006e+00,1.071561349979010735e+01,5.158451690577217086e+00
-4.934464306034776371e+00,1.098978965194125301e+01,5.093002572807728612e+00
-5.153718307909810115e+00,1.143752441467609060e+01,5.054255136381172520e+00
-5.427958309640262158e+00,1.197465080788010994e+01,4.957058740115014572e+00
-5.711829336704113302e+00,1.247947929626513108e+01,4.747549864151180188e+00
-5.948046029719924910e+00,1.282807303190228509e+01,4.421047276453148100e+00
-6.481687787418756841e+00,1.272102854499248359e+01,4.084070449666731051e+00
-6.484205781838267235e+00,1.255038500671921931e+01,3.685565535278118254e+00
-6.353967664195262266e+00,1.215138702191426567e+01,3.360127663833188283e+00
-6.129794871676850221e+00,1.161941239619653743e+01,3.151301990740669190e+00
-5.874301274878760637e+00,1.107529189669100944e+01,3.054422549337188819e+00
-5.655619181730328293e+00,1.062908727571976542e+01,3.015801467270087244e+00
-5.527341114428030444e+00,1.034858387454177553e+01,2.950565777332616157e+00
-5.512994087556969625e+00,1.024232036456488970e+01,2.773298292754643679e+00
-5.599898128871322101e+00,1.026204535536941620e+01,2.430969063356817728e+00
-5.744218477305023995e+00,1.032303541596162866e+01,1.926544727688513703e+00
-5.885408260639772848e+00,1.033489307273228874e+01,1.324554989549839412e+00
-5.965248704880762531e+00,1.023219569511875093e+01,7.358418876376542350e-01
-5.945308020453076381e+00,9.994738082106252364e+00,2.857348334233131837e-01
-5.817300194917955025e+00,9.650928623784018612e+00,7.561729985272069854e-02
-5.603289106316078794e+00,9.263827365575219019e+00,1.503299213483644259e-01
-5.346110210672226692e+00,8.905317755457776485e+00,4.822159062232080906e-01
-5.093615826364549015e+00,8.627935482863273720e+00,9.773605847338791008e-01
-4.882310383670744436e+00,8.444573818643029028e+00,1.502424577544218653e+00
-4.725986628593776828e+00,8.323424886318873561e+00,1.923780365965798822e+00
-4.613112102257893810e+00,8.200095538761255298e+00,2.146651637137924951e+00
-4.513601527926553558e+00,8.002725543450713630e+00,2.141954750585417511e+00
-4.392319521846158814e+00,7.681243408513180881e+00,1.952552027605632734e+00
-4.224318049439063749e+00,7.230250212883048810e+00,1.677316215919200992e+00
-4.006223864459462547e+00,6.697016837065740802e+00,1.438557769328487002e+00
-3.759552062096720437e+00,6.171065873814024272e+00,1.343620610630319678e+00
-3.524564523327189391e+00,5.758110583149814055e+00,1.453090858262124030e+00
-3.346639830288122841e+00,5.546601449688340679e+00,1.765584074830763406e+00
-3.259821303409716542e+00,5.577908497517201525e+00,2.223353646874409506e+00
-3.273325291087475275e+00,5.830264856435624310e+00,2.735945561046296604e+00
-3.365921754725778925e+00,6.222269351643827662e+00,3.213178367662218538e+00
-3.490517399556854805e+00,6.635404616093650176e+00,3.595835179579408347e+00
-3.587837454749866151e+00,6.948771640286135920e+00,3.873553730466636313e+00
-3.604972542939808733e+00,7.075156984831291851e+00,4.084070449666731051e+00
-3.512796403497624009e+00,6.987006965655968571e+00,4.294587168866825344e+00
-3.316480448643939649e+00,6.724080871736195064e+00,4.572305719754052866e+00
-3.055482481260021643e+00,6.380446061997192331e+00,4.954962531671242232e+00
-2.792771018506243763e+00,6.075119488179046456e+00,5.432195338287164610e+00
-2.596547880306781408e+00,5.915863186561434617e+00,5.944787252459050819e+00
-2.520189296844638438e+00,5.967699029226042562e+00,6.402556824502697808e+00
-2.586722269693460419e+00,6.235965078987407928e+00,6.715050041071337183e+00
-2.782687907996616250e+00,6.668803021026873168e+00,6.824520288703142867e+00
-3.063201127889904729e+00,7.177510920799807792e+00,6.729583130004976432e+00
-3.366403445352275980e+00,7.667379537158203640e+00,6.490824683414261109e+00
-3.632515817120206769e+00,8.068382732691203429e+00,6.215588871727829812e+00
-3.821312553130108647e+00,8.355464394513907322e+00,6.026186148748045035e+00
-3.922497385476926279e+00,8.551981312756545606e+00,6.021489262195537151e+00
-3.955926941616483283e+00,8.715789894463517484e+00,6.244360533367661503e+00
-3.962053688899883852e+00,8.913468024696410197e+00,6.665716321789245669e+00
-3.986194168426385076e+00,9.192195000904082036e+00,7.190780314599580336e+00
-4.062188665510960028e+00,9.559508457871650933e+00,7.685924993110253567e+00
-4.201063070682387490e+00,9.978297216674267389e+00,8.017810977985098120e+00
-4.388442005409990188e+00,1.037896823505685973e+01,8.092523599480742291e+00
-4.591348587991951113e+00,1.068461487052823067e+01,7.882406065910148030e+00
-4.771734992135559850e+00,1.084032130608301614e+01,7.432299011695809199e+00
-4.901747951563987016e+00,1.083609303386395872e+01,6.843585909783625354e+00
-4.975144178141592377e+00,1.071489834393748986e+01,6.241596171644948399e+00
-5.010631555049576136e+00,1.056229167126798529e+01,5.737171835976646150e+00
-5.045754616124016323e+00,1.048039076626830557e+01,5.394842606578819755e+00
-5.123290630768195797e+00,1.055445787884699449e+01,5.217575122000845944e+00
-5.274822693148289332e+00,1.082311277773042590e+01,5.152339432063374858e+00
-5.507271705189561217e+00,1.126230280316464416e+01,5.113718349996274171e+00
-5.797299068024244662e+00,1.178882747000764297e+01,5.016838908592792912e+00
-6.095910119398594951e+00,1.228287390842221427e+01,4.808013235500275151e+00
-6.342154224990269817e+00,1.262276389007357835e+01,4.482575364055343847e+00
-6.870896403395828855e+00,1.249811416054479629e+01,4.146902302738527446e+00
-6.868063006343405164e+00,1.232806951948962926e+01,3.749784104459391809e+00
-6.725852914027636409e+00,1.193473280560295358e+01,3.425478690664724102e+00
-6.485918847735588244e+00,1.141188786219687223e+01,3.217379688472598254e+00
-6.214408184809088631e+00,1.087792566935312522e+01,3.120837367835313181e+00
-5.982627737499822906e+00,1.044033822657745070e+01,3.082350679284412642e+00
-5.846078964145023704e+00,1.016496414035959894e+01,3.017341996289347517e+00
-5.828462714184291293e+00,1.005957174079659744e+01,2.840691366529659589e+00
-5.915639035351447639e+00,1.007649817039178330e+01,2.499553373274753465e+00
-6.061295290431887750e+00,1.013272857074045419e+01,1.996884331774795740e+00
-6.202295497735757834e+00,1.014011968880452308e+01,1.396989395575759740e+00
-6.278604276660858297e+00,1.003533105365658251e+01,8.103248956075037590e-01
-6.251310018016257963e+00,9.799440680599301956e+00,3.617841224615552242e-01
-6.113048841394704169e+00,9.461003499505657999e+00,1.523977552032600435e-01
-5.887770868957350245e+00,9.082138480101749067e+00,2.268503919607782748e-01
-5.620391491473124113e+00,8.733102771719938318e+00,5.575814810611454675e-01
-5.360217424485314019e+00,8.464725570046862657e+00,1.051003156724370946e+00
-5.144011698371890873e+00,8.288706298240626325e+00,1.574240033554336726e+00
-4.984516648131856797e+00,8.172931672386713586e+00,1.994129589469043840e+00
-4.868230017009835819e+00,8.053625266738011490e+00,2.216225313914103268e+00
-4.762936682619365314e+00,7.860153956043726353e+00,2.211544771572198087e+00
-4.632073491461587977e+00,7.543744896996655847e+00,2.022801131573956024e+00
-4.450622496469973655e+00,7.099801520257656762e+00,1.748523084572951802e+00
-4.216703495698554960e+00,6.575512556635797701e+00,1.510595468850833178e+00
-3.954548324220295008e+00,6.059371604370991982e+00,1.415988672169798956e+00
-3.707567941132609679e+00,5.655411825733548170e+00,1.525077985588702667e+00
-3.523729335611095692e+00,5.450312006836831813e+00,1.836483789275162870e+00
-3.438235566370570151e+00,5.484212264421127969e+00,2.292660416245708710e+00
-3.459585044170498946e+00,5.735143690707305453e+00,2.803468614736045694e+00
-3.564084070630771706e+00,6.122692928353670183e+00,3.279040748178286613e+00
-3.701116616761469302e+00,6.530287393020492104e+00,3.660365992161612958e+00
-3.807859007600753021e+00,6.839363614593519713e+00,3.937118138935590039e+00
-3.828882088760754421e+00,6.964710664091223968e+00,4.146902302738527446e+00
-3.734312804689106979e+00,6.879795981795310489e+00,4.356686466541464853e+00
-3.530546552878162103e+00,6.624059079165158792e+00,4.633438613315441046e+00
-3.259828874080944239e+00,6.289958638110762834e+00,5.014763857298767391e+00
-2.988603608655736821e+00,5.994067925977974554e+00,5.490335990741008310e+00
-2.788174820320278080e+00,5.841586183770177243e+00,6.001144189231344406e+00
-2.713742033797319486e+00,5.895606294226021227e+00,6.457320816201891134e+00
-2.788407887617220915e+00,6.160724341263384751e+00,6.768726619888351337e+00
-2.997143702407865540e+00,6.585709249243230090e+00,6.877815933307255492e+00
-3.292466156579874959e+00,7.083616333546551402e+00,6.783209136626222602e+00
-3.609797901130280984e+00,7.562048753223752584e+00,6.545281520904103090e+00
-3.887405386360571313e+00,7.953129652115511483e+00,6.271003473903099312e+00
-4.084438386497032170e+00,8.233161550841842313e+00,6.082259833904857693e+00
-4.191372627000595763e+00,8.425730765766644481e+00,6.077579291562951624e+00
-4.229796864128049450e+00,8.587842384744726942e+00,6.299675016008008832e+00
-4.242086892215921168e+00,8.784543656352930441e+00,6.719564571922720830e+00
-4.274856057548993782e+00,9.061408030830405025e+00,7.242801448752681281e+00
-4.362046187038924216e+00,9.424883956897559756e+00,7.736223124415909425e+00
-4.513477747742212998e+00,9.837662516966288351e+00,8.066954213516275729e+00
-4.712654089670319735e+00,1.023087702917247199e+01,8.141406850273794404e+00
-4.924322009556713731e+00,1.052895851165395236e+01,7.932020483015499224e+00
-5.108865843755197922e+00,1.067840019899514559e+01,7.483479709869552465e+00
-5.238230103126043424e+00,1.067011912450927014e+01,6.896815209901297372e+00
-5.307541264914875434e+00,1.054710835287745674e+01,6.296920273702259152e+00
-5.338110891966731053e+00,1.039399695398978452e+01,5.794251232202302759e+00
-5.370530843549528477e+00,1.031132191706539558e+01,5.453113238947397079e+00
-5.450077330880229276e+00,1.038266788052285428e+01,5.276462609187707820e+00
-5.609416870248542963e+00,1.064551263709773643e+01,5.211453926192642250e+00
-5.854689993812536741e+00,1.107568241833184430e+01,5.172967237641742599e+00
-6.160046496074272682e+00,1.159103770354367668e+01,5.076424917004456638e+00
-6.472935980751999274e+00,1.207377506628956176e+01,4.868325914812332122e+00
-6.728841174432489858e+00,1.240460736926945451e+01,4.544020501017662639e+00
-7.252059192433419454e+00,1.226256240869174263e+01,4.209734155810322953e+00
-7.243916181804208598e+00,1.209331875448523697e+01,3.814084255759161657e+00
-7.089992483796490497e+00,1.170608013854248597e+01,3.490977923412941664e+00
-6.834701266382335660e+00,1.119293403764339345e+01,3.283648343013838566e+00
-6.547617816539470503e+00,1.066970543508743319e+01,3.187462976348772514e+00
-6.303114163818535509e+00,1.024120452684980975e+01,3.149118587840641581e+00
-6.158519665293935574e+00,9.971257224461862023e+00,3.084350266869926749e+00
-6.137678994530306298e+00,9.866857607385366435e+00,2.908352782213563081e+00
-6.225019840418445582e+00,9.880984982219807478e+00,2.568476106906717682e+00
-6.371825650746141712e+00,9.932421576135146424e+00,2.067665625568672283e+00
-6.512466510623362126e+00,9.935369184702842915e+00,1.469988730939146393e+00
-6.585176311511455438e+00,9.828631454648579791e+00,8.854933545453116395e-01
-6.550614288546897868e+00,9.594583389522124861e+00,4.386110086012351417e-01
-6.402341024328203289e+00,9.261890752485491873e+00,2.299988230181675419e-01
-6.166150303631754426e+00,8.891662786981662236e+00,3.041761798336115596e-01
-5.888968037611356898e+00,8.552456725092172363e+00,6.336844293004224582e-01
-5.621485076486846033e+00,8.293345804076611927e+00,1.125281735858529863e+00
-5.400676579373052455e+00,8.124829953106665670e+00,1.646584005353980640e+00
-5.238226530581797213e+00,8.014531644218338968e+00,2.064921068601350385e+00
-5.118693375190330741e+00,7.899364159035619615e+00,2.286195620005091911e+00
-5.007786502997007005e+00,7.709998414429673375e+00,2.281532383422671728e+00
-4.867569595832373253e+00,7.399010106512917240e+00,2.093486601022877647e+00
-4.672985658877234272e+00,6.962604848151796588e+00,1.820222665115570404e+00
-4.423639119816731302e+00,6.447832536837044159e+00,1.583174759006521271e+00
-4.146429680259540618e+00,5.942057745145049807e+00,1.488917759923590101e+00
-3.887842129289396986e+00,5.547519311044618817e+00,1.597603728327639416e+00
-3.698355102232181224e+00,5.349031814568100174e+00,1.907858145369732306e+00
-3.614280361998353897e+00,5.385465559166926042e+00,2.362348112459349281e+00
-3.643393210863925979e+00,5.634677710237806281e+00,2.871267657203953494e+00
-3.759582697739441315e+00,6.017333247200797430e+00,3.345081418141904184e+00
-3.908796729209249143e+00,6.418931917573829971e+00,3.724996756504060702e+00
-4.024764399680775817e+00,6.723372956577597925e+00,4.000725644488948518e+00
-4.049622103648669480e+00,6.847537018095734673e+00,4.209734155810322953e+00
-3.952791597335214568e+00,6.765937553230362056e+00,4.418742667131697388e+00
-3.741875732503394225e+00,6.517648719839629123e+00,4.694471555116584760e+00
-3.461836542846882026e+00,6.193419832339788655e+00,5.074386893478740390e+00
-3.182487651844714716e+00,5.907256497992619870e+00,5.548200654416691080e+00
-2.978126601017760056e+00,5.761685844647423949e+00,6.057120199161294849e+00
-2.905696152240001329e+00,5.817809010815508941e+00,6.511610166250912712e+00
-2.988345999828132982e+00,6.079479839098214100e+00,6.821864583293006490e+00
-3.209507162407553515e+00,6.496152177591753230e+00,6.930550551697056250e+00
-3.519174324962685674e+00,6.982731525412582130e+00,6.836293552614126412e+00
-3.850149128752478944e+00,7.449229015538835874e+00,6.599245646505075058e+00
-4.138832445311281916e+00,7.829984055934636977e+00,6.325981710597769592e+00
-4.343803566756530010e+00,8.102676828279667731e+00,6.137935928197975066e+00
-4.456316240563938713e+00,8.291092904458372104e+00,6.133272691615553995e+00
-4.499652740366597570e+00,8.451322966138464565e+00,6.354547243019293745e+00
-4.518046977379788665e+00,8.646815644621852925e+00,6.772884306266667487e+00
-4.559343238520580321e+00,8.921494736002262727e+00,7.294186575762113378e+00
-4.657542970197493304e+00,9.280719479832708174e+00,7.785783882320223448e+00
-4.821257933091459336e+00,9.687029917728915862e+00,8.115292131787034791e+00
-5.031905424917266778e+00,1.007236410667626103e+01,8.189469488602478364e+00
-5.252015015345468107e+00,1.036257285882200030e+01,7.980857303019410764e+00
-5.440462516719556163e+00,1.050561330571273899e+01,7.533974957075335155e+00
-5.569025716299869089e+00,1.049331851510876312e+01,6.949479580681502178e+00
-5.634196958196517890e+00,1.036865396885393942e+01,6.351802686051973623e+00
-5.659846965854652190e+00,1.021522728849253525e+01,5.850992204713930001e+00
-5.689543826321509457e+00,1.013188400706817305e+01,5.511115529407084601e+00
-5.770989838448541853e+00,1.020044172517635062e+01,5.335118044750719157e+00
-5.937887531871798963e+00,1.045719895487028950e+01,5.270349723780003437e+00
-6.195595207135689009e+00,1.087789102594416768e+01,5.232005335271874280e+00
-6.515800420009897564e+00,1.138153147244794994e+01,5.135819968606807784e+00
-6.842486294111061795e+00,1.185245489108361028e+01,4.928490388207706019e+00
-7.107672772986095566e+00,1.217389288184931218e+01,4.605384055861483361e+00
-7.624752078155012214e+00,1.201468676994426410e+01,4.272566008882119348e+00
-7.611349672240944386e+00,1.184644343630331420e+01,3.878464540144348938e+00
-7.445988175523179819e+00,1.146572660229406182e+01,3.556622729696138130e+00
-7.175766326565992337e+00,1.096282849408795101e+01,3.350104562656271767e+00
-6.873576835103417437e+00,1.045088700906422297e+01,3.254295630898973446e+00
-6.616743394299981595e+00,1.003192369939285911e+01,3.216101308527220315e+00
-6.464339791078625552e+00,9.767689602879213950e+00,3.151586467454500884e+00
-6.440324489233850258e+00,9.664401940964580717e+00,2.976277773611137434e+00
-6.527722600601578939e+00,9.675734377191531621e+00,2.637731253288959632e+00
-6.675491048859299781e+00,9.722351150226311134e+00,2.138880763931900297e+00
-6.815604589123275048e+00,9.720885427012182944e+00,1.543542961562514026e+00
-6.884654500723988768e+00,9.612342960725648311e+00,9.613350897105061854e-01
-6.842921872843373166e+00,9.380407282755545140e+00,5.162016804343578791e-01
-6.684892544156971539e+00,9.053819354706217126e+00,3.084059278656039460e-01
-6.438158649525725252e+00,8.692612193204384496e+00,3.822929812030917418e-01
-6.151584391423839726e+00,8.363572815669122917e+00,7.105116539723503877e-01
-5.877172714383704033e+00,8.113972277821360990e+00,1.200185025599715072e+00
-5.652064416435226946e+00,7.953107382641128709e+00,1.719447105630378836e+00
-5.486878989655493477e+00,7.848377663486628464e+00,2.136146948172775506e+00
-5.364269055029577515e+00,7.737457441074982789e+00,2.356555510619599225e+00
-5.247925901113977609e+00,7.552395915926956249e+00,2.351910524266851876e+00
-5.098596521362686929e+00,7.247164640283533465e+00,2.164600685381212752e+00
-4.891215582607272516e+00,6.818769920811215357e+00,1.892406206170658578e+00
-4.626861344219419969e+00,6.314066769810120050e+00,1.656286020251973579e+00
-4.335048458404048510e+00,5.819193272677974704e+00,1.562397909140118557e+00
-4.065255773087948832e+00,5.434483481994314857e+00,1.670658519780191753e+00
-3.870393221756875057e+00,5.242798990070468790e+00,1.979698712695338703e+00
-3.787828776005039977e+00,5.281702754678843093e+00,2.432409969625866530e+00
-3.824610685531244947e+00,5.528906211367218049e+00,2.939337786433784849e+00
-3.952260801333732143e+00,5.906240777073572090e+00,3.411297210838206695e+00
-4.113382673217212293e+00,6.301401762579367016e+00,3.789725697298513829e+00
-4.238364787938121658e+00,6.600873316965278015e+00,4.064375481651359756e+00
-4.266997813910503368e+00,6.723712673760390501e+00,4.272566008882119348e+00
-4.168040790288645603e+00,6.645502282954083739e+00,4.480756536112878941e+00
-3.950285622700397958e+00,6.404906298209872340e+00,4.755406320465723979e+00
-3.661335629401807346e+00,6.090867505322922426e+00,5.133834806926031114e+00
-3.374263882394762604e+00,5.814704983224947554e+00,5.605794231330452959e+00
-3.166248482700487088e+00,5.676169603783067785e+00,6.112722048138370390e+00
-3.095893072819379643e+00,5.734311730537021035e+00,6.565433305068898662e+00
-3.186365947591973669e+00,5.992243925669271221e+00,6.874473497984046055e+00
-3.419589635127762151e+00,6.400161108036164670e+00,6.982734108624120140e+00
-3.743116679089364407e+00,6.874908188403341391e+00,6.888845997512266450e+00
-4.087229183236997798e+00,7.328995204814629183e+00,6.652725811593580119e+00
-4.386553805361763203e+00,7.699040688533467680e+00,6.380531332383026388e+00
-4.599153963302288872e+00,7.964119107367364947e+00,6.193221493497388153e+00
-4.717066131974215537e+00,8.148184905472897199e+00,6.188576507144639471e+00
-4.765224978773958675e+00,8.306353224942187197e+00,6.408985069591460970e+00
-4.789654727870971129e+00,8.500409213393046670e+00,6.825684912133862525e+00
-4.839363185196233985e+00,8.772586232218937852e+00,7.344946992164521404e+00
-4.948369694703626642e+00,9.127156081296501355e+00,7.834620363791888309e+00
-5.124076040228705331e+00,9.526554375631443250e+00,8.162839036561146955e+00
-5.345851868638844095e+00,9.903600407586575116e+00,8.236726089898635195e+00
-5.574071845332104758e+00,1.018564399590362513e+01,8.028930337329880373e+00
-5.766164632457341455e+00,1.032215821523527666e+01,7.583796928053732955e+00
-5.893776814738762582e+00,1.030589512164876886e+01,7.001589056201726891e+00
-5.954760484666603126e+00,1.017974067459288001e+01,6.406251253832338399e+00
-5.975497112540907985e+00,1.002618732851057182e+01,5.907400764475280397e+00
-6.002455523614694144e+00,9.942282036342195539e+00,5.568854244153103039e+00
-6.085687776094828472e+00,1.000798947864190858e+01,5.393545550309738701e+00
-6.259883636592737943e+00,1.025839378815080316e+01,5.329030709237017938e+00
-6.529618612698580904e+00,1.066916953455131178e+01,5.290836386865266583e+00
-6.864171090034337119e+00,1.116057284421377460e+01,5.195027455107967818e+00
-7.204152035558814227e+00,1.161920048355903567e+01,4.988509288068102343e+00
-7.478227425374972981e+00,1.193092538309689488e+01,4.666667477619888871e+00
-7.988564524753180685e+00,1.175481573571887850e+01,4.335397861953914855e+00
-7.969961202957446922e+00,1.158776890664886494e+01,3.942923429500190036e+00
-7.793454421346087457e+00,1.121398362237303559e+01,3.622410333469104238e+00
-7.508749766706171336e+00,1.072186167100612764e+01,3.416744770587665680e+00
-7.191942269408615473e+00,1.022173810447831066e+01,3.321331383177878127e+00
-6.923189741382800300e+00,9.812744379663097760e+00,3.283294744938951126e+00
-6.763224695356030658e+00,9.554498360519991351e+00,3.219046251483815180e+00
-6.736089391468972565e+00,9.452439099077899698e+00,3.044461314409756980e+00
-6.823438225515997324e+00,9.460985273515481353e+00,2.707312473406475295e+00
-6.971982225351824880e+00,9.502764326227557845e+00,2.210521473574023510e+00
-7.111402609451712209e+00,9.496922471510270469e+00,1.617641505753747211e+00
-7.176738193586174930e+00,9.386721501774111687e+00,1.037837261920163456e+00
-7.127943166488655002e+00,9.157162778874363696e+00,5.945415727886582680e-01
-6.960427889898514131e+00,8.837026973748903558e+00,3.876036988524891314e-01
-6.703534924155492014e+00,8.485206646316500567e+00,4.611857116706241655e-01
-6.407991895406057736e+00,8.166651741399181930e+00,7.880493433348410015e-01
-6.127040190892713234e+00,7.926788220141252950e+00,1.275701112897336120e+00
-5.897939836920454759e+00,7.773708131173994396e+00,1.792819434753627039e+00
-5.730241487034495762e+00,7.674629428681873478e+00,2.207798944292587162e+00
-5.604728290304919369e+00,7.568057014865983589e+00,2.427297556493440034e+00
-5.483133702481747029e+00,7.387489790041443349e+00,2.422671746829780037e+00
-5.324946241334853170e+00,7.088339828496017958e+00,2.236135211086608177e+00
-5.105122726388380272e+00,6.668411338088400697e+00,1.965064478751219923e+00
-4.826202111012995566e+00,6.174309137795276570e+00,1.729919108052370369e+00
-4.520257185869038352e+00,5.690850115784564345e+00,1.636418611236672760e+00
-4.239676770485287349e+00,5.316357042223652130e+00,1.744232271140408130e+00
-4.039718361330603358e+00,5.131653619494491281e+00,2.051996600738648979e+00
-3.958752304630025254e+00,5.172960358741535813e+00,2.502838852604108766e+00
-4.003097077681047722e+00,5.417871188981584041e+00,3.007673832879394382e+00
-4.141960899158950049e+00,5.789469483353638424e+00,3.477684786727330390e+00
-4.314699471132625419e+00,6.177764809027399551e+00,3.854550942348426990e+00
-4.448471978215457590e+00,6.471943267257792343e+00,4.128066843171280809e+00
-4.480815271076330930e+00,6.593319449832565127e+00,4.335397861953914855e+00
-4.379868910788186298e+00,6.518565863737415533e+00,4.542728880736548014e+00
-4.155593642002084032e+00,6.285893018847949598e+00,4.816244781559401389e+00
-3.858155088149497480e+00,5.982343713347706426e+00,5.193110937180497544e+00
-3.563770914011817226e+00,5.716436941502867519e+00,5.663121891028434440e+00
-3.352382982658562938e+00,5.585048524418226634e+00,6.167956871303719169e+00
-3.284171354392399600e+00,5.645122835185335752e+00,6.618799123169180731e+00
-3.382294653783444183e+00,5.899033327044485020e+00,6.926563452767420692e+00
-3.627200967803176024e+00,6.297770494857175549e+00,7.034377112671156951e+00
-3.964083959644500332e+00,6.760204028451929581e+00,6.940876615855460230e+00
-4.320811040333097708e+00,7.201429009520865065e+00,6.705731245156609788e+00
-4.630328243359408624e+00,7.560401732454256063e+00,6.434660512821222866e+00
-4.850238154983694372e+00,7.817605159970546502e+00,6.248123977078050117e+00
-4.973363361496367929e+00,7.997132177407854314e+00,6.243498167414388789e+00
-5.026247396504635923e+00,8.153063318560180406e+00,6.462996779615240328e+00
-5.056634564296399681e+00,8.345458604041898099e+00,6.877976289154204892e+00
-5.114627366149901100e+00,8.614823265349979664e+00,7.395094611010490482e+00
-5.234221607487906880e+00,8.964345205345157552e+00,7.882746380572988265e+00
-5.421609822286939995e+00,9.356402045922775912e+00,8.209610012237206433e+00
-5.654155481889103108e+00,9.724768785522162062e+00,8.283192025055340579e+00
-5.890143739523065136e+00,9.998370400782903289e+00,8.076254151119170999e+00
-6.085619394682277417e+00,1.012824507178879152e+01,7.632958461987667143e+00
-6.212133297748930971e+00,1.010806526465833421e+01,7.053154218154084276e+00
-6.268888983430937145e+00,9.980586000023402349e+00,6.460274250333806201e+00
-6.284726496110119243e+00,9.827093386765039185e+00,5.963483250501356636e+00
-6.308935714534845474e+00,9.742732438156361141e+00,5.626334409498074507e+00
-6.393838844385437703e+00,9.805532725613677059e+00,5.451749472424014975e+00
-6.575062859545156790e+00,1.004933116425305073e+01,5.387500978968878584e+00
-6.856401203591813598e+00,1.044977157733291762e+01,5.349464340729952916e+00
-7.204779717558133179e+00,1.092843950308840917e+01,5.254050953320164474e+00
-7.557536362491962478e+00,1.137431336960879058e+01,5.048385390438727249e+00
-7.840096650556191982e+00,1.167602476532500155e+01,4.727872294407639231e+00
-8.343100110786247470e+00,1.148329215316723939e+01,4.398229715025710362e+00
-8.319362414066329592e+00,1.131763448080704570e+01,4.007459318138307580e+00
-8.132018799171451207e+00,1.095117586797496756e+01,3.688337817762750603e+00
-7.833299333382385043e+00,1.047033633914280770e+01,3.483565208421563142e+00
-7.502381934725569579e+00,9.982537864052336118e+00,3.388566084444511795e+00
-7.222137281574020129e+00,9.583925904192685863e+00,3.350694592719657194e+00
-7.054868873822051967e+00,9.331930814377546568e+00,3.286725051748752957e+00
-7.024672876620851270e+00,9.231213452511017437e+00,3.112898123139751227e+00
-7.111866823781108238e+00,9.236986541988372323e+00,2.777213106448850777e+00
-7.260999513776188685e+00,9.273918051940505336e+00,2.282579061217111072e+00
-7.399563368741262082e+00,9.263744145166224797e+00,1.692273244648953678e+00
-7.461136714222854849e+00,9.152032454717579313e+00,1.114986380219729067e+00
-7.405398210122895009e+00,8.925109239891588331e+00,6.736153811016722948e-01
-7.228680497890601409e+00,8.611759610666869236e+00,4.675759847937182023e-01
-6.962026151496268689e+00,8.269673824582181254e+00,5.408385210892689976e-01
-6.657948896116497650e+00,7.961901443614499918e+00,8.662829845029307307e-01
-6.370853468338577130e+00,7.731983790559465497e+00,1.351817479943595579e+00
-6.138072887888794682e+00,7.586808520349883622e+00,1.866690590546428830e+00
-5.968086411137723424e+00,7.493453334381785957e+00,2.279868352544464294e+00
-5.839846842482546485e+00,7.391321340198757639e+00,2.498413951221327700e+00
-5.713192801930240705e+00,7.215429605185619266e+00,2.493808225781092069e+00
-5.546414142398226055e+00,6.922672671798416388e+00,2.308081589651858501e+00
-5.314520046864348757e+00,6.511648570275836434e+00,2.038187785367555183e+00
-5.021494734603248133e+00,6.028657470957401898e+00,1.804063362893082001e+00
-4.701908581815719579e+00,5.557103279225229286e+00,1.710968824170110647e+00
-4.410972192836383421e+00,5.193195136341650198e+00,1.818314381451560546e+00
-4.206203711911165044e+00,5.015637973942557615e+00,2.124742467665992951e+00
-4.126920812673757766e+00,5.059277238023132561e+00,2.573627264042756657e+00
-4.178710698773759447e+00,5.301617541289148861e+00,3.076270364566451754e+00
-4.328524887914968922e+00,5.667076994360574105e+00,3.544240636740144001e+00
-4.512572297758200790e+00,6.048093368939136738e+00,3.919470524416583945e+00
-4.654898521768622288e+00,6.336666389211170980e+00,4.191798880817644957e+00
-4.690881462102517219e+00,6.456444435511291324e+00,4.398229715025710362e+00
-4.588085110730439453e+00,6.385209173771513314e+00,4.604660549233774880e+00
-4.357617081338184484e+00,6.160674923604554820e+00,4.876988905634836335e+00
-4.052122752892335811e+00,5.867894900285996584e+00,5.252218793311275391e+00
-3.750845289050231290e+00,5.612479957715731160e+00,5.720189065484968083e+00
-3.536369919409786622e+00,5.488337576930963024e+00,6.222832166008662291e+00
-3.470366749711954579e+00,5.550254820658556909e+00,6.671716962385426442e+00
-3.575956705508252842e+00,5.799869399428658312e+00,6.978145048599859734e+00
-3.832149627653852697e+00,6.189020148537288435e+00,7.085490605881309634e+00
-4.181866762108772839e+00,6.638682900677547849e+00,6.992396067158340500e+00
-4.550668793157426784e+00,7.066618991164126840e+00,6.758271644683865986e+00
-4.869916726849660371e+00,7.414176814280162731e+00,6.488377840399563112e+00
-5.096807675943679783e+00,7.663259612844795399e+00,6.302651204270328655e+00
-5.224952405753470863e+00,7.838068298716332372e+00,6.298045478830093025e+00
-5.282457498277695507e+00,7.991591898004676509e+00,6.516591077506954655e+00
-5.318714846092598592e+00,8.182106983378014675e+00,6.929768839504994560e+00
-5.384851577510883835e+00,8.448356096939482640e+00,7.444641950107822481e+00
-5.514798893469437857e+00,8.792448536427025729e+00,7.930176445548489994e+00
-5.713542782409186671e+00,9.176750087731360139e+00,8.255620908962152171e+00
-5.956484973737184774e+00,9.536063762902395879e+00,8.328883445257702078e+00
-6.199889404203187127e+00,9.800962655277217550e+00,8.122844048949747986e+00
-6.398482061354163086e+00,9.924096252609455604e+00,7.681473049831692990e+00
-6.523753402656025990e+00,9.900057331978079134e+00,7.104186185402468823e+00
-6.576247948980199709e+00,9.771419184883010089e+00,6.513880368834309209e+00
-6.587208531408934142e+00,9.618173104067427204e+00,6.019246323602571280e+00
-6.608662408521492004e+00,9.533462749680619908e+00,5.683561306911671274e+00
-6.695119235531442392e+00,9.593304226030220150e+00,5.509734378302668212e+00
-6.883092027157114323e+00,9.830256700444962803e+00,5.445764837331762642e+00
-7.175594168648276039e+00,1.021996307373935586e+01,5.407893345606909818e+00
-7.537258987102604557e+00,1.068542224072050217e+01,5.312894221629857583e+00
-7.902255162811292699e+00,1.111810892117977900e+01,5.108121612288671898e+00
-8.192885653707570270e+00,1.140952522601202546e+01,4.789000111913113145e+00
-8.687977067929928410e+00,1.120047254590206798e+01,4.461061568097506758e+00
-8.659179379725882697e+00,1.103639278113315569e+01,4.072070524381328660e+00
-8.461322516690637840e+00,1.067764063072425884e+01,3.754402127562802782e+00
-8.149075222257815554e+00,1.020856704532456405e+01,3.550561939906352826e+00
-7.804574831537697932e+00,9.733576375388164337e+00,3.455995389619269886e+00
-7.513280220497613904e+00,9.345737884823982711e+00,3.418296343810064641e+00
-7.338976307107864194e+00,9.100244123740127478e+00,3.354618084897614594e+00
-7.305783434446882829e+00,9.000979005252107257e+00,3.181582668386582213e+00
-7.392718030769556137e+00,9.003996614606913695e+00,2.847426176383681007e+00
-7.542253164275564359e+00,9.036078777361080228e+00,2.355044422174980667e+00
-7.679799899205382196e+00,9.021623616853007732e+00,1.767426533185446402e+00
-7.737569658026499653e+00,8.908550213042270016e+00,1.192768315196972573e+00
-7.675016960511207742e+00,8.684514561200215255e+00,7.534070765244940127e-01
-7.489392993717913782e+00,8.378271230713231432e+00,5.483058701514424982e-01
-7.213387576442515936e+00,8.046248821545296082e+00,6.212348092059341020e-01
-6.901220937709044101e+00,7.749536848129212174e+00,9.451973777712527891e-01
-6.608384800086330557e+00,7.529755870162242459e+00,1.428521016527063647e+00
-6.372239212927152785e+00,7.392591477976241165e+00,1.941049678549791491e+00
-6.200191252186630919e+00,7.305022327064720322e+00,2.352346056576710698e+00
-6.069405170449500453e+00,7.207415312668893570e+00,2.569896518960854692e+00
-5.937890318601037443e+00,7.036371073064472625e+00,2.565311765457678028e+00
-5.762799152435087002e+00,6.750305784002016196e+00,2.380430826140714995e+00
-5.519223088241034247e+00,6.348605954319427092e+00,2.111765969597521053e+00
-5.212573947641073069e+00,5.877213609071141320e+00,1.878707620799328293e+00
-4.879855562606055130e+00,5.418030973541825723e+00,1.786036983334026385e+00
-4.579008261359126308e+00,5.065055537948010667e+00,1.892893748068019022e+00
-4.369720954390271750e+00,4.894796733812412981e+00,2.197926529542631346e+00
-4.292202509803271226e+00,4.940694849855249871e+00,2.644767351779311770e+00
-4.351308566069123529e+00,5.180193280773479181e+00,3.145121692453142881e+00
-4.511794084409945782e+00,5.539124771843402684e+00,3.610961085741270171e+00
-4.706826558757716050e+00,5.912464310157417025e+00,3.984482383166520147e+00
-4.857457821713047075e+00,6.195131364643944316e+00,4.255570706216957433e+00
-4.897004428818577004e+00,6.313180068649971943e+00,4.461061568097506758e+00
-4.792499283184108450e+00,6.245518372048568523e+00,4.666552429978055194e+00
-4.556173205790490677e+00,6.029323029325020400e+00,4.937640753028492924e+00
-4.243065419635028590e+00,5.747572091141027073e+00,5.311162050453742012e+00
-3.935321546833682405e+00,5.502865888457012744e+00,5.777001443741869302e+00
-3.718046477993071086e+00,5.386055919875973430e+00,6.277355784415699524e+00
-3.654312282428913594e+00,5.449724582680049778e+00,6.724196606652381725e+00
-3.767174456393430848e+00,5.694778386837347384e+00,7.029229388126993605e+00
-4.034242838200691850e+00,6.073955438145905994e+00,7.136086152860987575e+00
-4.396255709225018293e+00,6.510414941106581033e+00,7.043415515395686555e+00
-4.776577856942440192e+00,6.924660644216445782e+00,6.810357166597492906e+00
-5.105082643880755278e+00,7.260483003766696086e+00,6.541692310054298964e+00
-5.338617263492671405e+00,7.501214903436134840e+00,6.356811370737336375e+00
-5.471581420114867811e+00,7.671134947022305361e+00,6.352226617234158823e+00
-5.533596754756764824e+00,7.822086020899480019e+00,6.569777079618301485e+00
-5.575628171820492085e+00,8.010506340838578154e+00,6.981073457645224245e+00
-5.649756272973201376e+00,8.273344377351563139e+00,7.493602119667947647e+00
-5.789807041345204297e+00,8.611637835834455856e+00,7.976925758423760726e+00
-5.999564576338010546e+00,8.987786452767130285e+00,8.300888326989079857e+00
-6.252516134896325184e+00,9.337691267792539662e+00,8.373817266043570129e+00
-6.502975464657050786e+00,9.593643135634223995e+00,8.168716059670519058e+00
-6.704416401236805712e+00,9.709946026108212891e+00,7.729354820998041831e+00
-6.828304150942149597e+00,9.682111422526656241e+00,7.154696603009568889e+00
-6.876511657991271953e+00,9.552480823441113600e+00,6.567078714020032848e+00
-6.882625290853788158e+00,9.399665101694733238e+00,6.074696959811333841e+00
-6.901322240196066993e+00,9.314711266647123011e+00,5.740540467808433078e+00
-6.989214030694263613e+00,9.371547555292227827e+00,5.567505051297398921e+00
-7.183647533288930909e+00,9.601427206463981179e+00,5.503826792384948874e+00
-7.486859340535652940e+00,9.980021772101515865e+00,5.466127746575744517e+00
-7.861253541832823544e+00,1.043182442566610035e+01,5.371561196288661577e+00
-8.237937573561168847e+00,1.085091575418676868e+01,5.167721008632212509e+00
-8.536213864522885331e+00,1.113177461184178085e+01,4.850052611813683967e+00
-9.022828783570124855e+00,1.090672641263520326e+01,4.523893421169302265e+00
-8.989053092039785753e+00,1.074440904952684228e+01,4.136755292222495939e+00
-8.781020862826615314e+00,1.039372718424565356e+01,3.820600072824726468e+00
-8.455750490434445155e+00,9.936879540298502178e+00,3.617730854809870333e+00
-8.098211520079038550e+00,9.475154171470141051e+00,3.523614761571982168e+00
-7.796323237177906762e+00,9.098459769793883822e+00,3.486095290896702004e+00
-7.615260785283943790e+00,8.859704888363024722e+00,3.422720356156705002e+00
-7.579139183255962919e+00,8.761999003004021347e+00,3.250509174249674338e+00
-7.665711317737940789e+00,8.762283082035279946e+00,2.917944398841064491e+00
-7.815463647388816604e+00,8.789522031470832886e+00,2.427908049338412866e+00
-7.951835761554232107e+00,8.770842957863994371e+00,1.843089211594003185e+00
-8.005767167347135782e+00,8.656557747155957827e+00,1.271168312925993416e+00
-7.936539542159751548e+00,8.435654753725298605e+00,8.338999217403069153e-01
-7.742317417168779414e+00,8.136823387785721451e+00,6.297756917286494449e-01
-7.457382865526543725e+00,7.815173825662627749e+00,7.023572420438064512e-01
-7.137580945079766259e+00,7.529779602373213976e+00,1.024776651614296430e+00
-6.839412904517090830e+00,7.320307849018155899e+00,1.505798032970858014e+00
-6.600220223733243685e+00,7.191246363492618698e+00,2.015885322774534583e+00
-6.426338773590639875e+00,7.109515757529346835e+00,2.425222537098981945e+00
-6.293188597871999690e+00,7.016510138521134365e+00,2.641736722501053514e+00
-6.157017750153204183e+00,6.850475950617298082e+00,2.637173807951799454e+00
-5.973903869969640290e+00,6.571387333741269821e+00,2.453173528044789276e+00
-5.719050076732041354e+00,6.179412690965432553e+00,2.185788426109681826e+00
-5.399275955737886434e+00,5.720083466380804893e+00,1.953840224353662780e+00
-5.053951259939584162e+00,5.273714750124065986e+00,1.861611012971609025e+00
-4.743650339966718477e+00,4.931998844297803331e+00,1.967958777612203392e+00
-4.530140244225144386e+00,4.769177220223161484e+00,2.271538569988307277e+00
-4.454463945753300180e+00,4.817257480475116260e+00,2.716250916589222797e+00
-4.520746424047252354e+00,5.053649750107846117e+00,3.214221876044564219e+00
-4.691609281789263619e+00,5.405678284453394156e+00,3.677842296156001112e+00
-4.897287981336121199e+00,5.770959182164521195e+00,4.049584367195825152e+00
-5.055964249602816984e+00,6.047432064803469842e+00,4.319381391730014563e+00
-5.098993396780158172e+00,6.163624212816964487e+00,4.523893421169302265e+00
-4.992922189315313730e+00,6.099584992695626262e+00,4.728405450608589078e+00
-4.751079369268237151e+00,5.891913465187855969e+00,4.998202475142778489e+00
-4.430808945615239303e+00,5.621431086070357352e+00,5.369944546182602529e+00
-4.117032311332471828e+00,5.387631109749954739e+00,5.833564966294039422e+00
-3.897247296618143508e+00,5.278227182133421458e+00,6.331535925749379956e+00
-3.835838345670294469e+00,5.343553702933014904e+00,6.776248272350296808e+00
-3.955768148724374988e+00,5.583791677843914947e+00,7.079828064726400250e+00
-4.233286732087041315e+00,5.952627491071220689e+00,7.186175829366995060e+00
-4.607041635732564977e+00,6.375476693957783603e+00,7.093946617984943082e+00
-4.998315181766762372e+00,6.775656450053626045e+00,6.861998416228923148e+00
-5.335592037170380664e+00,7.099444805798370339e+00,6.594613314293816586e+00
-5.575425107763517296e+00,7.331611227650286722e+00,6.410613034386805076e+00
-5.713002501272747224e+00,7.496481819680972158e+00,6.406050119837550127e+00
-5.779410880107165305e+00,7.644701054875294943e+00,6.622564305239620808e+00
-5.827111677629424946e+00,7.830817374875877590e+00,7.031901519564072167e+00
-5.909066890456704080e+00,8.089957006497627390e+00,7.541988809367744295e+00
-6.058957203757077359e+00,8.422094763829344188e+00,8.023010190724308544e+00
-6.279371406465530825e+00,8.789709657777908802e+00,8.345429600294798078e+00
-6.541932259683894024e+00,9.129868352934717990e+00,8.418011150609954640e+00
-6.799076903461740429e+00,9.376645684311990081e+00,8.213886920598296726e+00
-7.003095134143218381e+00,9.486040191236741137e+00,7.776618529412612446e+00
-7.125461777283495834e+00,9.454478971932674725e+00,7.204697630744603565e+00
-7.169363579168066991e+00,9.324022492200763068e+00,6.619878793000191664e+00
-7.170667894806534548e+00,9.171818617864619938e+00,6.129842443497540927e+00
-7.186610847961655502e+00,9.086726682792280130e+00,5.797277668088931968e+00
-7.275817580198018497e+00,9.140516729181593192e+00,5.625066486181900416e+00
-7.476415736018783065e+00,9.363110270808981284e+00,5.561691551441901638e+00
-7.789869620898200786e+00,9.730236774430318647e+00,5.524172080766623694e+00
-8.176420441755480439e+00,1.016796145323773359e+01,5.430055987528734640e+00
-8.564226467955572630e+00,1.057307510516654148e+01,5.227186769513879838e+00
-8.869715440696879227e+00,1.084313374058107193e+01,4.911031550116107702e+00
-9.347304266244302440e+00,1.060243550579932048e+01,4.586725274241098660e+00
-9.308639908688629561e+00,1.044206044090886643e+01,4.201511793058640087e+00
-9.090783625779824462e+00,1.009979612640444557e+01,3.886928331621926525e+00
-8.753011439528670223e+00,9.655610191195206582e+00,3.685067672975710806e+00
-8.382994469962044448e+00,9.207581717654559128e+00,3.591419475599519906e+00
-8.070981807050374712e+00,8.842380392783150356e+00,3.554086532057464609e+00
-7.883446213323836993e+00,8.610588735583785791e+00,3.491026664259581302e+00
-7.844468165691337980e+00,8.514545531190311323e+00,3.319671626042542734e+00
-7.930576281945122652e+00,8.512122280907542304e+00,2.988760188302408416e+00
-8.080361937671501238e+00,8.534531989263349772e+00,2.501160042557533547e+00
-8.215405317331997637e+00,8.511692693337854720e+00,1.919248617399104351e+00
-8.265470186173722311e+00,8.396346156680690953e+00,1.350171009527584953e+00
-8.189716479290567008e+00,8.178813519304396706e+00,9.150764874821057937e-01
-7.987215430114634529e+00,7.887684843452396066e+00,7.119670561006161691e-01
-7.693784293858520584e+00,7.576697795673034364e+00,7.841877690089109620e-01
-7.366809396637731489e+00,7.302857809021234381e+00,1.105004278349707381e+00
-7.063723131575859959e+00,7.103849410398515474e+00,1.583634273642721357e+00
-6.821803266482025840e+00,6.982968790209648446e+00,2.091185676928029924e+00
-6.646317179674004372e+00,6.907119229975243968e+00,2.498487881276691969e+00
-6.510987478209535162e+00,6.818783206286777698e+00,2.713925671687608343e+00
-6.370371126250182314e+00,6.657911939392666234e+00,2.709385441556729557e+00
-6.179534695264876198e+00,6.386070984823254193e+00,2.526299914552838199e+00
-5.913822020056080042e+00,6.004202842370722770e+00,2.260244111129503075e+00
-5.581438501324583079e+00,5.557377098918386160e+00,2.029449034200450974e+00
-5.224049052355744571e+00,5.124239640535527940e+00,1.937678338092976293e+00
-4.904762945023965592e+00,4.794088676422789241e+00,2.043497397415868999e+00
-4.687330215155844471e+00,4.638829632208014253e+00,2.345567950259594969e+00
-4.613570024960037763e+00,4.689012488392979350e+00,2.788069420277540900e+00
-4.686878783854529829e+00,4.922041841778657556e+00,3.283564729255279424e+00
-4.867810821180396985e+00,5.266807183102941714e+00,3.744880271757526025e+00
-5.083782717426847064e+00,5.623664342006963857e+00,4.114774236159321141e+00
-5.250233272294052789e+00,5.893667638504575201e+00,4.383229971367373246e+00
-5.296658913640181154e+00,6.007880232473798543e+00,4.586725274241098660e+00
-5.189165595838261424e+00,5.947506037460421169e+00,4.790220577114823186e+00
-4.942153142249688713e+00,5.748527608711647474e+00,5.058676312322875290e+00
-4.615178364747272610e+00,5.489532653728768530e+00,5.428570276724669519e+00
-4.295808398409174167e+00,5.266816764509922422e+00,5.889885819226917008e+00
-4.073804574878270301e+00,5.164879744700352937e+00,6.385381128204654644e+00
-4.014772822357656423e+00,5.231768734130209708e+00,6.827882598222602795e+00
-4.141556055518083923e+00,5.466946060030853261e+00,7.129953151066327877e+00
-4.429086520403428651e+00,5.825093388936804395e+00,7.235772210389221470e+00
-4.814015785274019521e+00,6.233951233590414809e+00,7.144001514281747234e+00
-5.215659473092756571e+00,6.619715924265226370e+00,6.913206437352695133e+00
-5.561213842400624330e+00,6.931194144754242004e+00,6.647150633929359564e+00
-5.806993102871039980e+00,7.154596479332540504e+00,6.464065106925468207e+00
-5.948971949692691830e+00,7.314266545424050747e+00,6.459524876794588977e+00
-6.019650108367849306e+00,7.459600571260537549e+00,6.674962667205504019e+00
-6.072907333459444779e+00,7.643209368507534407e+00,7.082264871554169616e+00
-6.162514174897181896e+00,7.898371982210670161e+00,7.589816274839472854e+00
-6.321966551206700480e+00,8.224010687650887164e+00,8.068446270132490383e+00
-6.552666406608675942e+00,8.582728541150700607e+00,8.389262779473286358e+00
-6.824424555493542321e+00,8.912822897548604573e+00,8.461483492381582039e+00
-7.087877483487146968e+00,9.150215263795480780e+00,8.258374061000090194e+00
-7.294200354005730524e+00,9.252635698921467977e+00,7.823279538954613699e+00
-7.414912140668917573e+00,9.217422360943897885e+00,7.254201931083095189e+00
-7.454496765368575417e+00,9.086306361478200699e+00,6.672290505924664217e+00
-7.451036884830345208e+00,8.934893129174566795e+00,6.184690360179790680e+00
-7.464233235707061986e+00,8.849767714930365514e+00,5.853778922439656363e+00
-7.554633865999374365e+00,8.900475814383614903e+00,5.682423884222616017e+00
-7.761093334378760034e+00,9.115583831849473739e+00,5.619364016424731822e+00
-8.084309381767482705e+00,9.470908044668520986e+00,5.582031072882678302e+00
-8.482429593705195003e+00,9.894160177229133879e+00,5.488382875506487402e+00
-8.880778909832457657e+00,1.028494018846759239e+01,5.286522216860272572e+00
-9.193039735598357964e+00,1.054397570278565155e+01,4.971938755423557232e+00
-9.661068573063024800e+00,1.028799309227309244e+01,4.649557127312894167e+00
-9.617611963483176041e+00,1.012973529976361498e+01,4.266338127494779364e+00
-9.390295476953644638e+00,9.796218706100084717e+00,3.953383453424074823e+00
-9.040557968850887249e+00,9.365105380245685396e+00,3.752567948547213650e+00
-8.658638384375755948e+00,8.931178886505815484e+00,3.659404624088496760e+00
-8.336982503256415100e+00,8.577797511067187131e+00,3.622264975599206238e+00
-8.143266897135365667e+00,8.353179897379112262e+00,3.559531606580064622e+00
-8.101508625755638349e+00,8.258899103413053666e+00,3.389063776228548264e+00
-8.187052917419379128e+00,8.253798871958924366e+00,3.059865665586403605e+00
-8.336689776822309383e+00,8.271401030068725291e+00,2.574790118412052742e+00
-8.470253979908752839e+00,8.244471345706221754e+00,1.995891597915252724e+00
-8.516430693601497737e+00,8.128214215785989794e+00,1.429760446331507229e+00
-8.434308908042847719e+00,7.914281820316189098e+00,9.969186697332648173e-01
-8.223858507252337802e+00,7.631131181419091192e+00,7.948608577669866726e-01
-7.922372918286050947e+00,7.331076132360853315e+00,8.667076407038458719e-01
-7.588694486731837330e+00,7.069005756568076393e+00,1.185863090449089441e+00
-7.281107621931502294e+00,6.880596312071342702e+00,1.662014931023588993e+00
-7.036781783005134017e+00,6.767960444457183478e+00,2.166938436105044996e+00
-6.859920279762629747e+00,6.698024447790475122e+00,2.572131792513764559e+00
-6.722597357406683294e+00,6.614417955181279396e+00,2.786454132196344524e+00
-6.577751161382479062e+00,6.458852582223048699e+00,2.781937409561511920e+00
-6.379501963229271766e+00,6.194515834983929992e+00,2.599799826203231579e+00
-6.103362812202976606e+00,5.823115329684974029e+00,2.335121553338209921e+00
-5.758900936976805163e+00,5.389208773535131058e+00,2.105521441025931750e+00
-5.390002610518193293e+00,4.969694299094343570e+00,2.014225896885146749e+00
-5.062209772503588390e+00,4.651391883486122758e+00,2.119497067434355397e+00
-4.841158002495592250e+00,4.503807288319331192e+00,2.420003619749037771e+00
-4.769384041074955505e+00,4.556010551511720408e+00,2.860213994105076374e+00
-4.849558981141470326e+00,4.785428220134553712e+00,3.353143826514230597e+00
-5.040238679020199619e+00,5.122585477090467521e+00,3.812070861610717731e+00
-5.266137459555873868e+00,5.470671079388468527e+00,4.180049662980009018e+00
-5.440081589189605715e+00,5.733942598240168387e+00,4.447115441742663933e+00
-5.489812997098376002e+00,5.846057065519050688e+00,4.649557127312894167e+00
-5.381042423050070411e+00,5.789384065536534507e+00,4.851998812883124401e+00
-5.129212452670944167e+00,5.599252219462909963e+00,5.119064591645778428e+00
-4.795998019587358385e+00,5.351942722759988946e+00,5.487043393015069270e+00
-4.471478942755296337e+00,5.140469008381050031e+00,5.945970428111555961e+00
-4.247548203636017483e+00,5.046047020642502545e+00,6.438900260520711072e+00
-4.190941227332555030e+00,5.114401482528499798e+00,6.879110634876750119e+00
-4.324354642531604398e+00,5.344283970767905956e+00,7.179617187191432492e+00
-4.621446678434967481e+00,5.691416358537315645e+00,7.284888357740641140e+00
-5.016970019317580132e+00,6.085928280215670227e+00,7.193592813599858360e+00
-5.428391419891894998e+00,6.456955656703738278e+00,6.963992701287578413e+00
-5.781720130376694300e+00,6.755870340874643887e+00,6.699314428422557199e+00
-6.033087099278813703e+00,6.970326181210849903e+00,6.517176845064276414e+00
-6.179250531608836638e+00,7.124654586942985368e+00,6.512660122429442922e+00
-6.254069468264940923e+00,7.266956228987055511e+00,6.726982462112021999e+00
-6.312762236544254613e+00,7.447860054017581888e+00,7.132175818520745558e+00
-6.409834496642272228e+00,7.698776236356884795e+00,7.637099323602196677e+00
-6.578558619097128357e+00,8.017586475645250843e+00,8.113251164176698893e+00
-6.819160016794548085e+00,8.367062004085651594e+00,8.432406613921942906e+00
-7.099692538992730562e+00,8.686793292527704935e+00,8.504253396858802105e+00
-7.369070154782789039e+00,8.914607593246483219e+00,8.302195584892523073e+00
-7.577423933958433722e+00,9.010000256475969138e+00,7.869353808294282437e+00
-7.696351116832106598e+00,8.971214507566308782e+00,7.303222656710537386e+00
-7.731614227316340404e+00,8.839604791796698890e+00,6.724324136213736480e+00
-7.723442579187383750e+00,8.689157957901958440e+00,6.239248589039386061e+00
-7.733904117016107804e+00,8.604102714539807906e+00,5.910050478397241847e+00
-7.825376845817093141e+00,8.651698525544501805e+00,5.739582648045724156e+00
-8.037387724404290168e+00,8.859135734825898112e+00,5.676849279026582096e+00
-8.369874842535645953e+00,9.202345901694920727e+00,5.639709630537292462e+00
-8.778964152333585957e+00,9.610758325090781540e+00,5.546546306078575128e+00
-9.187266574685224896e+00,9.986875535817640426e+00,5.345730801201714399e+00
-9.505851729249011228e+00,1.023468514537429819e+01,5.032776127131008970e+00
-9.963803198370072778e+00,9.963803198370072778e+00,4.712388980384689674e+00
-9.915657539152313404e+00,9.807832421847439974e+00,4.331232327218605960e+00
-9.679256320151434778e+00,9.483376136529919620e+00,4.019961862502379191e+00
-9.318103898168422106e+00,9.065720891408540538e+00,3.820227074354999974e+00
-8.924870498413801201e+00,8.646274421860821846e+00,3.727565121358503042e+00
-8.594063275843916827e+00,8.305017333921735911e+00,3.690625345082636066e+00
-8.394467809823522586e+00,8.087770778376476954e+00,3.628229584463988022e+00
-8.350009266770669569e+00,7.995348241333025463e+00,3.458679150586475792e+00
-8.434891866091813739e+00,7.987605409990817584e+00,3.131252665624843168e+00
-8.584199916064690683e+00,8.000429288248241733e+00,2.648787620359770667e+00
-8.716138443923281187e+00,7.969484971284913399e+00,2.073004523227102602e+00
-8.758411915942552639e+00,7.852467912671746930e+00,1.509920085625787944e+00
-8.670088768825472414e+00,7.642357444575522685e+00,1.079407707594031596e+00
-8.452028109696664515e+00,7.367444418293808361e+00,8.784372980066117442e-01
-8.142938736806042854e+00,7.078570347363217330e+00,9.498974274311984267e-01
-7.803032277787409043e+00,6.828463647290782923e+00,1.267335297480310263e+00
-7.491365458799790211e+00,6.650770164931159911e+00,1.740924660320841699e+00
-7.244955466816470846e+00,6.546428901771922604e+00,2.243130848931217614e+00
-7.066947648646342728e+00,6.482429056084008323e+00,2.646143600614149882e+00
-6.927819134276630209e+00,6.403603740220364493e+00,2.859312534646411219e+00
-6.778963407066750158e+00,6.253477157055624680e+00,2.854820119386235255e+00
-6.573620078231781072e+00,5.996886352754788874e+00,2.673662734910124072e+00
-6.287499343648750738e+00,5.636293930094531390e+00,2.410408865193609529e+00
-5.931504308476890586e+00,5.215697037877395914e+00,2.182044378002105489e+00
-5.551665956628914600e+00,4.810171147673897529e+00,2.091240153602496044e+00
-5.215853742936403137e+00,4.503978750114399077e+00,2.195944792622107400e+00
-4.991489286390947022e+00,4.364166871258442271e+00,2.494834126890780546e+00
-4.921767731714753680e+00,4.418305916595009819e+00,2.932675447540782798e+00
-5.008639252574003109e+00,4.643871544551806174e+00,3.422952509106012897e+00
-5.208732570255778072e+00,4.973091709851111375e+00,3.879409764168610497e+00
-5.444179569488200698e+00,5.312075739977570876e+00,4.245408236145615355e+00
-5.625327279906826128e+00,5.568366903452719896e+00,4.511036763062811872e+00
-5.678269292437335025e+00,5.678269292437335913e+00,4.712388980384689674e+00
-5.568366903452719008e+00,5.625327279906827016e+00,4.913741197706567476e+00
-5.312075739977570876e+00,5.444179569488202475e+00,5.179369724623763105e+00
-4.973091709851111375e+00,5.208732570255778960e+00,5.545368196600767519e+00
-4.643871544551805286e+00,5.008639252574004885e+00,6.001825451663364674e+00
-4.418305916595010707e+00,4.921767731714755456e+00,6.492102513228594773e+00
-4.364166871258441383e+00,4.991489286390947022e+00,6.929943833878597914e+00
-4.503978750114398188e+00,5.215853742936404025e+00,7.228833168147271060e+00
-4.810171147673896641e+00,5.551665956628914600e+00,7.333537807166883304e+00
-5.215697037877391473e+00,5.931504308476889697e+00,7.242733582767274747e+00
-5.636293930094529614e+00,6.287499343648751626e+00,7.014369095575769819e+00
-5.996886352754787097e+00,6.573620078231781072e+00,6.751115225859255276e+00
-6.253477157055622015e+00,6.778963407066750158e+00,6.569957841383144093e+00
-6.403603740220362717e+00,6.927819134276630209e+00,6.565465426122967685e+00
-6.482429056084007435e+00,7.066947648646343616e+00,6.778634360155227689e+00
-6.546428901771921716e+00,7.244955466816472622e+00,7.181647111838163511e+00
-6.650770164931159023e+00,7.491365458799790211e+00,7.683853300448534540e+00
-6.828463647290780258e+00,7.803032277787409043e+00,8.157442663289069529e+00
-7.078570347363216442e+00,8.142938736806042854e+00,8.474880533338181365e+00
-7.367444418293806585e+00,8.452028109696664515e+00,8.546340662762768048e+00
-7.642357444575521797e+00,8.670088768825472414e+00,8.345370253175346420e+00
-7.852467912671745154e+00,8.758411915942552639e+00,7.914857875143592736e+00
-7.969484971284912511e+00,8.716138443923281187e+00,7.351773437542279410e+00
-8.000429288248241733e+00,8.584199916064692459e+00,6.775990340409608237e+00
-7.987605409990816696e+00,8.434891866091815515e+00,6.293525295144537957e+00
-7.995348241333024575e+00,8.350009266770671346e+00,5.966098810182905332e+00
-8.087770778376476954e+00,8.394467809823524362e+00,5.796548376305391770e+00
-8.305017333921732359e+00,8.594063275843915051e+00,5.734152615686742394e+00
-8.646274421860818293e+00,8.924870498413799424e+00,5.697212839410877194e+00
-9.065720891408538762e+00,9.318103898168423882e+00,5.604550886414379818e+00
-9.483376136529917844e+00,9.679256320151434778e+00,5.404816098267001934e+00
-9.807832421847439974e+00,9.915657539152313404e+00,5.093545633550773388e+00
-1.025520642302819141e+01,9.630279841284496101e+00,4.775220833456486069e+00
-1.020248140180350482e+01,9.476760303192737211e+00,4.396192356942965063e+00
-9.957381605550578385e+00,9.161658896865159107e+00,4.086659861458388221e+00
-9.585377259628328872e+00,8.757821286584420051e+00,3.888040286463682271e+00
-9.181430851171546337e+00,8.353205393519946398e+00,3.795895708681051417e+00
-8.841973708561033263e+00,8.024354042450424274e+00,3.759162184529522666e+00
-8.636804837906231214e+00,7.814661515844647077e+00,3.697114808754387916e+00
-8.589729490018738645e+00,7.724189046952374404e+00,3.528511054599800190e+00
-8.673854649069683731e+00,7.713841906682471716e+00,3.202912745520544835e+00
-8.822656337593663523e+00,7.721924197337144413e+00,2.723141529253292337e+00
-8.952826893036395006e+00,7.687046691132310983e+00,2.150573299640525793e+00
-8.991188517399077540e+00,7.569419984309194049e+00,1.590632826977434355e+00
-8.896838978802083631e+00,7.363344566508246203e+00,1.162524201796260037e+00
-8.671515841456562512e+00,7.096912611495028500e+00,9.626759044164767687e-01
-8.355280834295081505e+00,6.819447729660517155e+00,1.033737038368291117e+00
-8.009626842226861498e+00,6.581477323027340454e+00,1.349402503664485220e+00
-7.694302812489991261e+00,6.414598209216443081e+00,1.820347594611749109e+00
-7.446130414018635513e+00,6.318587440245857501e+00,2.319749730147108835e+00
-7.267204783427948733e+00,6.260536480993241781e+00,2.720512272312006541e+00
-7.126459218581384647e+00,6.186535694005685038e+00,2.932490984044090698e+00
-6.973818403446500724e+00,6.041970567787179114e+00,2.928023652048737269e+00
-6.761707650898638455e+00,5.793352312131765380e+00,2.747877754353400093e+00
-6.466061617161814823e+00,5.443887272801505084e+00,2.486093754661647282e+00
-6.099091447828282497e+00,5.036964790516560875e+00,2.259004333682101962e+00
-5.708893538248799082e+00,4.645766521663949433e+00,2.168707111924887077e+00
-5.365557064464387516e+00,4.351923205423894103e+00,2.272827135757210737e+00
-5.138188355355825188e+00,4.219968674115786023e+00,2.570047630461869570e+00
-5.070581353709642691e+00,4.275956649655936914e+00,3.005444277331696945e+00
-5.163970831211819323e+00,4.497438692386624304e+00,3.492983891742212244e+00
-5.373132067532951694e+00,4.818409133177948611e+00,3.946892531517504743e+00
-5.617737219696920192e+00,5.147979845966020207e+00,4.310847462088463367e+00
-5.805789962353712141e+00,5.397056040148848766e+00,4.574992860154190488e+00
-5.861843239599932254e+00,5.504637201288034909e+00,4.775220833456486069e+00
-5.750954750908064739e+00,5.455449609379803277e+00,4.975448806758780762e+00
-5.490562122288080715e+00,5.283407569489204647e+00,5.239594204824507884e+00
-5.146282857434505864e+00,5.059979005995908885e+00,5.603549135395465619e+00
-4.812812435795362553e+00,4.871384402327155527e+00,6.057457775170759007e+00
-4.585903463472311259e+00,4.792086180155507691e+00,6.544997389581273417e+00
-4.534271046169834563e+00,4.863075288898849990e+00,6.980394036451102124e+00
-4.680241794722187265e+00,5.081709844222345396e+00,7.277614531155760957e+00
-4.995063553862048700e+00,5.405918247416571454e+00,7.381734554988085506e+00
-5.409990611753569212e+00,5.770782648013509153e+00,7.291437333230870621e+00
-5.839152373056538003e+00,6.111477811473395860e+00,7.064347912251324857e+00
-6.206491591014490439e+00,6.384597363919674251e+00,6.802563912559572934e+00
-6.467937799684039923e+00,6.580678694912400317e+00,6.622418014864235758e+00
-6.621802055732413983e+00,6.723940988885012793e+00,6.617950682868880996e+00
-6.704494306208884424e+00,6.859762276649091106e+00,6.829929394600963377e+00
-6.773665548455794827e+00,7.034689788488834417e+00,7.230691936765865080e+00
-6.885069735938242452e+00,7.276343909357325224e+00,7.730094072301220365e+00
-7.071418911585194422e+00,7.580567292895654674e+00,8.201039163248486474e+00
-7.330623531719394848e+00,7.910596930302576268e+00,8.516704628544680133e+00
-7.627397460383454231e+00,8.208785755832909814e+00,8.587765762496495370e+00
-7.907451829649946085e+00,8.416934868562567118e+00,8.387917465116711213e+00
-8.119044861233170707e+00,8.498158647351298001e+00,7.959808839935538671e+00
-8.234030712295915322e+00,8.452486878859470920e+00,7.399868367272448566e+00
-8.260665918905594651e+00,8.320383208538780551e+00,6.827300137659680246e+00
-8.243256241476045076e+00,8.172382637385785742e+00,6.347528921392429524e+00
-8.248300701585909778e+00,8.087773777806471998e+00,6.021930612313173725e+00
-8.341550529278173087e+00,8.129075419923404766e+00,5.853326858158584223e+00
-8.563711935562048794e+00,8.320672733991345993e+00,5.791279482383449029e+00
-8.913229063951632725e+00,8.638811288290956014e+00,5.754545958231921610e+00
-9.342410544825856533e+00,9.016554558648095963e+00,5.662401380449289867e+00
-9.768809619978251035e+00,9.362467665614971679e+00,5.463781805454584806e+00
-1.009867918920176422e+01,9.587298432399991910e+00,5.154249309970007076e+00
-1.053499362384785165e+01,9.287846249211913374e+00,4.838052686528281576e+00
-1.047780509661983572e+01,9.136936378559425975e+00,4.461216116414436605e+00
-1.022440260807334056e+01,8.831466024299412965e+00,4.153473634872879572e+00
-9.842120558514437789e+00,8.441779273109384363e+00,3.956002668873297878e+00
-9.428072531332427175e+00,8.052316643974286592e+00,3.864390959469304221e+00
-9.080475252997016966e+00,7.736129302010445130e+00,3.827869863807083384e+00
-8.870045007261587955e+00,7.534159532695012373e+00,3.766181305504703758e+00
-8.820439613867002038e+00,7.445724768286160256e+00,3.598552580063367312e+00
-8.903713877879873451e+00,7.432815387266741958e+00,3.274837192879478387e+00
-9.051834454958342491e+00,7.436200028715497901e+00,2.797840474214595918e+00
-9.180099185917484306e+00,7.397476217297286105e+00,2.228583383591395073e+00
-9.214546769280854477e+00,7.279389447543442415e+00,1.671881024108499147e+00
-9.114353584546066145e+00,7.077553305610913448e+00,1.246248133848148587e+00
-8.882123588874369702e+00,6.819829465139880753e+00,1.047555551115509243e+00
-8.559207514657318328e+00,6.553981010376808136e+00,1.118205741394409980e+00
-8.208290394268580314e+00,6.328297989189234585e+00,1.432045726030406918e+00
-7.889733077744445211e+00,6.172313088555602789e+00,1.900267360502213343e+00
-7.640119269125868584e+00,6.084654851147920596e+00,2.396781473620468894e+00
-7.460503256765923297e+00,6.032555765789607172e+00,2.795226422160206781e+00
-7.318329686804289302e+00,5.963414585124404255e+00,3.005979269547968347e+00
-7.162131830303842150e+00,5.824523231943418367e+00,3.001537771953450395e+00
-6.943587636939963836e+00,5.584088724728133890e+00,2.822433650722155463e+00
-6.638882869303214029e+00,5.246048833397977340e+00,2.562163537347165843e+00
-6.261507076382644144e+00,4.853139350425344389e+00,2.336387365334354094e+00
-5.861540316729107580e+00,4.476580816012134534e+00,2.246612328770354772e+00
-5.511181314219462557e+00,4.195303032436042301e+00,2.350130230702308864e+00
-5.281118190289054048e+00,4.071276846785780279e+00,2.645631911268118142e+00
-5.215683779017268762e+00,4.129024885819596591e+00,3.078510676881502484e+00
-5.315404060858782032e+00,4.346200980370451106e+00,3.563230869356357466e+00
-5.533276736408609509e+00,4.658625878748340554e+00,4.014514573766519767e+00
-5.786639547629407687e+00,4.978490212907990653e+00,4.376364767646318654e+00
-5.981290961142150309e+00,5.220131096035944829e+00,4.638982623523683735e+00
-6.040352249709695087e+00,5.325286847766883547e+00,4.838052686528281576e+00
-5.928623340215009918e+00,5.279870785492769336e+00,5.037122749532879418e+00
-5.664491576551739627e+00,5.117039889758895121e+00,5.299740605410243610e+00
-5.315394687810539587e+00,4.905764551282498331e+00,5.661590799290041609e+00
-4.978126666141186263e+00,4.728767089614496655e+00,6.112874503700204798e+00
-4.750164804588080436e+00,4.657052514163233070e+00,6.597594696175059781e+00
-4.701073232441616234e+00,4.729208704021933940e+00,7.030473461788444567e+00
-4.852955989819304428e+00,4.941913108609433891e+00,7.325975142354253400e+00
-5.175927440751194375e+00,5.254255971591734742e+00,7.429493044286209269e+00
-5.599645825953587064e+00,5.603873575136877783e+00,7.339718007722209947e+00
-6.036754828692236785e+00,5.929029031214546386e+00,7.113941835709397310e+00
-6.410318808322007733e+00,6.188963478093443271e+00,6.853671722334407690e+00
-6.676248268064590263e+00,6.375649950966928436e+00,6.674567601103113645e+00
-6.833621203871922845e+00,6.513208438306536507e+00,6.670126103508594362e+00
-6.920036258926783646e+00,6.645595239458612191e+00,6.880878950896354596e+00
-6.994236383064801998e+00,6.817265179078697557e+00,7.279323899436096923e+00
-7.112488314864746641e+00,7.053924217917432848e+00,7.775838012554347145e+00
-7.307169046521986289e+00,7.350419522868696376e+00,8.244059647026155346e+00
-7.575054067090642107e+00,7.670283974143306871e+00,8.557899631662152728e+00
-7.879278343134336282e+00,7.957334112191270847e+00,8.628549821941053466e+00
-8.164076090433034949e+00,8.155431542690513069e+00,8.429857239208413233e+00
-8.376878229924807684e+00,8.229537897918866918e+00,8.004224348948064005e+00
-8.489716423216927765e+00,8.180561747344897938e+00,7.447521989465171188e+00
-8.512059052332499931e+00,8.048455041599209991e+00,6.878264898841967678e+00
-8.490136668909855189e+00,7.901926647569703199e+00,6.401268180177086542e+00
-8.492507222822668567e+00,7.817691051534913171e+00,6.077552792993197173e+00
-8.586461857056347569e+00,7.855821476603312092e+00,5.909924067551859395e+00
-8.813212937553032589e+00,8.039278892728106030e+00,5.848235509249478881e+00
-9.170472538756836656e+00,8.344506480721136654e+00,5.811714413587259820e+00
-9.608758116831998208e+00,8.706477004876710168e+00,5.720102704183265274e+00
-1.004328471699990999e+01,9.036903945688912643e+00,5.522631738183685357e+00
-1.037810609955978514e+01,9.250022692668123270e+00,5.214889256642125659e+00
-1.080289754280758530e+01,8.936934072379694172e+00,4.900884539600077971e+00
-1.074136720448468019e+01,8.788786251499915991e+00,4.526301442486038162e+00
-1.048006666988953128e+01,8.493204398441605463e+00,4.220399253071217771e+00
-1.008809100261155223e+01,8.117975064227719528e+00,4.024109158370807293e+00
-9.664561896044373768e+00,7.743960228585971883e+00,3.933045284633467364e+00
-9.309341439890273406e+00,7.440671768418068766e+00,3.896742584184251790e+00
-9.093966688642696639e+00,7.246579084529958692e+00,3.835422921874342084e+00
-9.041921073230877681e+00,7.160265359412194996e+00,3.668796611900962290e+00
-9.124253445569236121e+00,7.144839442088485093e+00,3.347017034408845237e+00
-9.271521292310890061e+00,7.143577425885635712e+00,2.872872743856717648e+00
-9.397747020449616073e+00,7.101099375574375649e+00,2.307019795998322298e+00
-9.428284697809823811e+00,6.982701127652813256e+00,1.753646502310827859e+00
-9.322437894957793958e+00,6.785299283188932939e+00,1.330558885790075418e+00
-9.083663643151824729e+00,6.536493934734541433e+00,1.133054479593259334e+00
-8.754536419520446699e+00,6.282448026502771121e+00,1.203282183550897777e+00
-8.398843411716963914e+00,6.069181937411872951e+00,1.515245413148436082e+00
-8.077477003948533962e+00,5.924152622071139795e+00,1.980667094285331054e+00
-7.826741365839365194e+00,5.844855246922383785e+00,2.474212065773844671e+00
-7.646660866512303478e+00,5.798701403798466991e+00,2.870274323766399238e+00
-7.503248435600356814e+00,5.734446673101206038e+00,3.079766874545802224e+00
-7.343724657475250162e+00,5.601330965036591891e+00,3.075351936992696267e+00
-7.119087478027793736e+00,5.369275769084835837e+00,2.897318853801118976e+00
-6.805799697683652560e+00,5.042936926084097493e+00,2.638605149011870932e+00
-6.418597918183090556e+00,4.664352524978983006e+00,2.414179112702386387e+00
-6.009461870384460447e+00,4.302718630250064180e+00,2.324940928548683949e+00
-5.652587538163251324e+00,4.034200076560995107e+00,2.427839796088807400e+00
-5.420140569089598515e+00,3.918159641105859237e+00,2.721574384202971153e+00
-5.356932611373402153e+00,3.977577077200689537e+00,3.151864545928457773e+00
-5.462788529400718573e+00,4.190234383095402748e+00,3.633686124115765192e+00
-5.689006286544755042e+00,4.493835125784862328e+00,4.082271163577265050e+00
-5.950716822678818296e+00,4.803719061868175544e+00,4.441957502601798780e+00
-6.151653486209971433e+00,5.037718830360301325e+00,4.703004910453623566e+00
-6.213615890882116410e+00,5.140350109575546611e+00,4.900884539600077971e+00
-6.101191896940645343e+00,5.098716413458575403e+00,5.098764168746531489e+00
-5.833685131516428868e+00,4.945186074900774997e+00,5.359811576598356275e+00
-5.480250427594430818e+00,4.746177611187205159e+00,5.719497915622890005e+00
-5.139638308022528079e+00,4.580855898730533227e+00,6.168082955084389418e+00
-4.910912326591203581e+00,4.516722985572930504e+00,6.649904533271696394e+00
-4.864391326853404252e+00,4.589945073866910086e+00,7.080194694997183902e+00
-5.021932585806477611e+00,4.796530958717800885e+00,7.373929283111348099e+00
-5.352566519192870409e+00,5.096768705790092113e+00,7.476828150651471994e+00
-5.784459333897363109e+00,5.430894394763146948e+00,7.387589966497770888e+00
-6.228892342880423705e+00,5.740298123465284341e+00,7.163163930188284567e+00
-6.608155103902129568e+00,5.986886914504561119e+00,6.904450225399036967e+00
-6.878192774340581295e+00,6.164062344241560076e+00,6.726417142207460564e+00
-7.038842412496938650e+00,6.295817121312767384e+00,6.722002204654353719e+00
-7.128831825092079022e+00,6.424649187887175650e+00,6.931494755433754484e+00
-7.207911877459993732e+00,6.592891598683263688e+00,7.327557013426313048e+00
-7.332787851567253767e+00,6.824327172902648897e+00,7.821101984914822225e+00
-7.535466358959706845e+00,7.112825514304040198e+00,8.286523666051719417e+00
-7.811605142677634284e+00,7.422256140912331546e+00,8.598486895649259054e+00
-8.122823491263490681e+00,7.697950160303570044e+00,8.668714599606897053e+00
-8.411963646155975027e+00,7.885873590385511278e+00,8.471210193410080080e+00
-8.625702674306280571e+00,7.952856138240163908e+00,8.048122576889328528e+00
-8.736281573620095386e+00,7.900673747762176014e+00,7.494749283201835865e+00
-8.754354878003482554e+00,7.768724231389197321e+00,6.928896335343438295e+00
-8.727999297711095394e+00,7.623828424837487461e+00,6.454752044791312038e+00
-8.727724431467247967e+00,7.540063856500462514e+00,6.132972467299195429e+00
-8.822261679047615601e+00,7.575014021696462763e+00,5.966346157325814303e+00
-9.053273651907964847e+00,7.750204551717391865e+00,5.905026495015904153e+00
-9.417751715665927392e+00,8.042302486630651615e+00,5.868723794566689023e+00
-9.864503161054081204e+00,8.388246336746988163e+00,5.777659920829349538e+00
-1.030653506797195718e+01,8.702968071393891947e+00,5.581369826128939948e+00
-1.064584419145229077e+01,8.904253738941545038e+00,5.275467636714116892e+00
-1.105866851584622879e+01,8.577982587231350209e+00,4.963716392671873479e+00
-1.099292355935245347e+01,8.432742918210216487e+00,4.591446111251982209e+00
-1.072413740690112149e+01,8.147288020029531452e+00,4.287432676001468046e+00
-1.032306070004804610e+01,7.786795734247737855e+00,4.092354549526871388e+00
-9.890678762968125426e+00,7.428494850640334768e+00,4.001852938096540413e+00
-9.528358067490209748e+00,7.138316589117351896e+00,3.965774384054318702e+00
-9.308359782653461423e+00,6.952240801775613654e+00,3.904833332200788210e+00
-9.253966599286973960e+00,6.868127035888665688e+00,3.739235835187026069e+00
-9.335268697604558241e+00,6.850233774062251868e+00,3.419443044772633389e+00
-9.481515642512157171e+00,6.844382935429865533e+00,2.948226297841477272e+00
-9.605574076200451117e+00,6.798247625875483813e+00,2.385867137045204700e+00
-9.632212210614872205e+00,6.679685185448356322e+00,1.835910576382301596e+00
-9.520908594590517637e+00,6.486903178352203980e+00,1.415435260542034612e+00
-9.275958806129855461e+00,6.247209831473264252e+00,1.219150320182931679e+00
-8.941094633640769729e+00,6.005131384138082673e+00,1.288944412113949500e+00
-8.581114747874043047e+00,5.804390267232859557e+00,1.598981464425408561e+00
-8.257362818295369777e+00,5.670359574760261090e+00,2.061529458583836405e+00
-8.005822862810086704e+00,5.599417866659197607e+00,2.552027099414289513e+00
-7.825501781741359686e+00,5.559193168143497843e+00,2.945643921365543427e+00
-7.681039332899241678e+00,5.499843559836494755e+00,3.153842987033143253e+00
-7.518423294647066157e+00,5.372594861430422419e+00,3.149455308950472876e+00
-7.288039244720006415e+00,5.149098716805434961e+00,2.972521468389050625e+00
-6.966652193998911002e+00,4.834714693170852229e+00,2.715405158467157687e+00
-6.570212823569067773e+00,4.470740675650064944e+00,2.492364812176659949e+00
-6.152514512463199026e+00,4.124288911397671953e+00,2.403677617841820435e+00
-5.789636369434294494e+00,3.868700451817903563e+00,2.505941149410858770e+00
-5.555116191886932953e+00,3.760689653260579135e+00,2.797862110667487912e+00
-5.494184323653492186e+00,3.821684237331389511e+00,3.225495500513132718e+00
-5.605973221055563727e+00,4.029619747234383098e+00,3.704342132643352770e+00
-5.840160738763138681e+00,4.324135263680551233e+00,4.150157440829149280e+00
-6.109800625702549226e+00,4.623784125909626397e+00,4.507622942297807356e+00
-6.316702821466441797e+00,4.849951737630714632e+00,4.767058546129515406e+00
-6.381456083121302747e+00,4.949964734340110084e+00,4.963716392671873479e+00
-6.268481697280065212e+00,4.912118036339733429e+00,5.160374239214231551e+00
-5.997965073255659085e+00,4.767961651361550146e+00,5.419809843045938713e+00
-5.640673517991118047e+00,4.581312639040235446e+00,5.777275344514596789e+00
-5.297170680716141611e+00,4.427725583395461406e+00,6.223090652700392411e+00
-5.067967078942202441e+00,4.371160198266021979e+00,6.701937284830612462e+00
-5.024041891326887388e+00,4.445346516043276353e+00,7.129570674676259046e+00
-5.186982128521703928e+00,4.645637617654742257e+00,7.421491635932887299e+00
-5.524784931093923213e+00,4.933553011360633178e+00,7.523755167501926522e+00
-5.964229621949963978e+00,5.251969511769652321e+00,7.435067973167088340e+00
-6.415359188708841032e+00,5.545437353028251692e+00,7.212027626876589714e+00
-6.799791969509239031e+00,5.778543311197380739e+00,6.954911316954697220e+00
-7.073560755151112822e+00,5.946108191560779410e+00,6.777977476393274969e+00
-7.237252665906900972e+00,6.071969883492806197e+00,6.773589798310603705e+00
-7.330664047234749070e+00,6.197134131463540641e+00,6.981788863978202642e+00
-7.414469042182957992e+00,6.361786618448112662e+00,7.375405685929459665e+00
-7.545737429218438486e+00,6.587781498299264626e+00,7.865903326759907443e+00
-7.756071131858130130e+00,6.868030087884433144e+00,8.328451320918338396e+00
-8.040028954611630141e+00,7.166778257870586089e+00,8.638488373229797901e+00
-8.357779395644513443e+00,7.430919594855957655e+00,8.708282465160815278e+00
-8.650858870519355648e+00,7.608564523891486076e+00,8.511997524801712345e+00
-8.865264360071407168e+00,7.668428396553247595e+00,8.091522208961446694e+00
-8.973477308769632899e+00,7.613141868183745942e+00,7.541565648298544033e+00
-8.987311114861675776e+00,7.481507573389875709e+00,6.979206487502269241e+00
-8.956608002412210112e+00,7.338400200786562522e+00,6.507989740571115789e+00
-8.953720104858074791e+00,7.255202484127103446e+00,6.188196950156722664e+00
-9.048718316749235768e+00,7.286968562668628024e+00,6.022599453142959192e+00
-9.283659539694706808e+00,7.453780030280552360e+00,5.961658401289428255e+00
-9.654826810407342919e+00,7.732553355733033484e+00,5.925579847247207432e+00
-1.010940002803151216e+01,8.062245412849430082e+00,5.835078235816876457e+00
-1.055831050672826876e+01,8.361070771553368530e+00,5.640000109342280687e+00
-1.090164171229236700e+01,8.550422766343073633e+00,5.335986674091763859e+00
-1.130207466113933990e+01,8.211437896009517345e+00,5.026548245743668986e+00
-1.123224742631131789e+01,8.069245987338490522e+00,4.656647840242409409e+00
-1.095639487917431865e+01,7.794137285937704718e+00,4.354569757221443460e+00
-1.054681682558650380e+01,7.448634570080862716e+00,4.160733499832986126e+00
-1.010621657546004926e+01,7.106285292685772248e+00,4.070808022465003617e+00
-9.737323366925735968e+00,6.829404900492851205e+00,4.034959144818323296e+00
-9.513025884136126820e+00,6.651471227933781982e+00,3.974406044242270397e+00
-9.456380379400288305e+00,6.569631826525522911e+00,3.809862742365604849e+00
-9.536566582570801032e+00,6.549323743040386780e+00,3.492105755695911640e+00
-9.681628204143677863e+00,6.538948535713494437e+00,3.023888778761835816e+00
-9.803396135267457012e+00,6.489257581315248657e+00,2.465109601378984383e+00
-9.826151202079543623e+00,6.370676643981355802e+00,1.918654069066872747e+00
-9.709593837584126419e+00,6.182690284229324540e+00,1.500855502822592058e+00
-9.458842479531497816e+00,5.952285426933750401e+00,1.305820114137539179e+00
-9.118718777207622139e+00,5.722318121832373983e+00,1.375169896259298863e+00
-8.754941733719869390e+00,5.534188607172918495e+00,1.683233249941488374e+00
-8.429226341995775584e+00,5.411181426358449897e+00,2.142836659459997684e+00
-8.177196874422989481e+00,5.348576879123003280e+00,2.630211787951523661e+00
-7.996856685158319600e+00,5.314255938320014749e+00,3.021322841717488217e+00
-7.851532366624705439e+00,5.259822037460254229e+00,3.228196510283483978e+00
-7.686059740489069370e+00,5.138521171537319354e+00,3.223836764198466653e+00
-7.450279781397146195e+00,4.923747855178285171e+00,3.048029286037873931e+00
-7.121284082823795991e+00,4.621550091302575325e+00,2.792549780829070016e+00
-6.716202903030079163e+00,4.272444780559467858e+00,2.570929311364466674e+00
-6.290555423895620279e+00,3.941405093633314483e+00,2.482806700496626551e+00
-5.922188165160106266e+00,3.698894743455697576e+00,2.584419221515224852e+00
-5.685904826807095525e+00,3.598944061988992082e+00,2.874481811339176129e+00
-5.627294415822056806e+00,3.661422180674708926e+00,3.299392883226125672e+00
-5.744806687370632048e+00,3.864443000143008788e+00,3.775191173442307591e+00
-5.986580607760628503e+00,4.149630048423170514e+00,4.218168417415733451e+00
-6.263724040863131393e+00,4.438808749958781164e+00,4.573358290326450692e+00
-6.476266523219109672e+00,4.656968104419389576e+00,4.831142324799435173e+00
-6.543697302043240072e+00,4.754274380328356031e+00,5.026548245743668986e+00
-6.430316277663009394e+00,4.720213191644016426e+00,5.221954166687901910e+00
-6.157155162937870685e+00,4.585488226820011448e+00,5.479738201160886391e+00
-5.796487843760567138e+00,4.411270292005250226e+00,5.834928074071603632e+00
-5.450546592933574352e+00,4.269457274042316008e+00,6.277905318045029048e+00
-5.221149030678553515e+00,4.220433345869029296e+00,6.753703608261210967e+00
-5.179840421818314944e+00,4.295481959609547928e+00,7.178614680148161398e+00
-5.347914735774092598e+00,4.489314309069582620e+00,7.468677269972111787e+00
-5.692387527700121019e+00,4.764712571363074467e+00,7.570289790990710976e+00
-6.138757283768946138e+00,5.067230490965762613e+00,7.482167180122872630e+00
-6.595953133082137931e+00,5.344606112790941665e+00,7.260546710658267955e+00
-6.985025547561377834e+00,5.564115371052500869e+00,7.005067205449464929e+00
-7.262147123903391233e+00,5.721986832865470163e+00,6.829259727288871318e+00
-7.428644956451407211e+00,5.841876623217656217e+00,6.824899981203853550e+00
-7.525322356694291948e+00,5.963267262899415222e+00,7.031773649769847978e+00
-7.613691694341931715e+00,6.124175221078422382e+00,7.422884703535816087e+00
-7.751113545503170776e+00,6.344523619491014621e+00,7.910259832027337623e+00
-7.968751917740102719e+00,6.616286055946020817e+00,8.369863241545848709e+00
-8.260087007165614281e+00,6.904123366460352074e+00,8.677926595228038664e+00
-8.583902915424916458e+00,7.156536424474975178e+00,8.747276377349798793e+00
-8.880517387342788282e+00,7.323816121029921078e+00,8.552240988664745913e+00
-9.095321246208198929e+00,7.376577782181417575e+00,8.134442422420466556e+00
-9.201066717014914076e+00,7.318292902765966446e+00,7.587986890108355809e+00
-9.210697262909166128e+00,7.187129369019148228e+00,7.029207712725502155e+00
-9.175738165147713232e+00,7.045961453173749334e+00,6.560990735791428108e+00
-9.170273400785628581e+00,6.963424299211373736e+00,6.243233749121735343e+00
-9.265611720402969098e+00,6.992007609764597120e+00,6.078690447245067574e+00
-9.504148433136107244e+00,7.150342663667952792e+00,6.018137346669014676e+00
-9.881471604912146489e+00,7.415620206864726782e+00,5.982288469022335242e+00
-1.034321808104261287e+01,7.728864201101702136e+00,5.892362991654352733e+00
-1.079837726943758192e+01,8.011629867095416913e+00,5.698526734265896287e+00
-1.114526431760124581e+01,8.188967965553411332e+00,5.396448651244928563e+00
-1.153290202690318900e+01,7.837752123975631591e+00,5.089380098815465381e+00
-1.145912964041020743e+01,7.698740897913832981e+00,4.721904290675906779e+00
-1.117663572539881223e+01,7.434178262443835727e+00,4.421806247990738292e+00
-1.075916175542955422e+01,7.103890420855727861e+00,4.229240534973891741e+00
-1.031098254093199884e+01,6.777701845569806594e+00,4.139904494848835270e+00
-9.936048144598771614e+00,6.514283322501096762e+00,4.104290596923370060e+00
-9.707778425977723558e+00,6.344602354982362691e+00,4.044134405584820513e+00
-9.648978197283858194e+00,6.265107122489472324e+00,3.880669640659405673e+00
-9.727965782721156529e+00,6.242439908094296719e+00,3.564995465308876454e+00
-9.871681697533571054e+00,6.227611164386542164e+00,3.099847524337168814e+00
-9.991041181665780258e+00,6.174470527091731498e+00,2.544730993707624123e+00
-1.000993563776322226e+01,6.056014915907964813e+00,2.001857329980207822e+00
-9.888333322457304675e+00,5.872990065340887966e+00,1.586797320618733576e+00
-9.632158737917755786e+00,5.652033058935862719e+00,1.393040336287423298e+00
-9.287255085265222476e+00,5.434299374585029874e+00,1.461935549297427528e+00
-8.920170270524103273e+00,5.258846835578625090e+00,1.767979630809415781e+00
-8.592911099629249705e+00,5.146870138880800916e+00,2.224570463976089485e+00
-8.340703596634522654e+00,5.092571183419783765e+00,2.708750979990514285e+00
-8.160562911870373526e+00,5.064119523596904315e+00,3.097298406317876562e+00
-8.014563790982846214e+00,5.014603932528089558e+00,3.302816073799389240e+00
-7.846471731066466226e+00,4.899321175170566534e+00,3.298484904673732565e+00
-7.605650853151169954e+00,4.693418405946072625e+00,3.123829797100940553e+00
-7.269542866102717049e+00,4.403615873831831173e+00,2.870024891122323396e+00
-6.856421671236641480e+00,4.069610493043712474e+00,2.649857084043516942e+00
-6.423442800724862956e+00,3.754185233616246453e+00,2.562312093115095557e+00
-6.050103161601940727e+00,3.524878205639352391e+00,2.663258571472713943e+00
-5.812365476097918204e+00,3.433004861137363584e+00,2.951419879277083602e+00
-5.756117593249717501e+00,3.496871755765151413e+00,3.373545773725640018e+00
-5.879137236711585501e+00,3.694795351499366998e+00,3.846225334516271133e+00
-6.128107100207048852e+00,3.970428751663581224e+00,4.286298982167394911e+00
-6.412321859501096455e+00,4.248921983096504817e+00,4.639160681288750254e+00
-6.630174628083591593e+00,4.458912058443915249e+00,4.895255010963967202e+00
-6.700166791114195775e+00,4.553428649228481007e+00,5.089380098815465381e+00
-6.586521653769310980e+00,4.523145459550015346e+00,5.283505186666963560e+00
-6.311080866455838212e+00,4.397893580491844645e+00,5.539599516342179619e+00
-5.947517977258966582e+00,4.236157576604803410e+00,5.892461215463534963e+00
-5.599588603429620726e+00,4.106138673972321129e+00,6.332534863114658741e+00
-5.370277346892667225e+00,4.064618437324520883e+00,6.805214423905288967e+00
-5.331601636753998896e+00,4.140427368193988045e+00,7.227340318353846271e+00
-5.504540391284317380e+00,4.327649444136684842e+00,7.515501626158215487e+00
-5.855180161597736799e+00,4.590358314741736834e+00,7.616448104515835205e+00
-6.307845303897657629e+00,4.876816104897857329e+00,7.528903113587414708e+00
-6.770475708179238161e+00,5.137970896309494329e+00,7.308735306508607366e+00
-7.163656890475893491e+00,5.343792771884937842e+00,7.054930400529991097e+00
-7.443752521639801500e+00,5.491904496664242075e+00,6.880275292957199085e+00
-7.612818533025752288e+00,5.605754127954519106e+00,6.875944123831541077e+00
-7.712602826355471564e+00,5.723272772702972411e+00,7.081461791313052423e+00
-7.805370719642389155e+00,5.880289591003053040e+00,7.470009217640418697e+00
-7.948700385861989126e+00,6.094797418161808089e+00,7.954189733654838612e+00
-8.173285821316691013e+00,6.357853928668133037e+00,8.410780566821514981e+00
-8.471550399698150713e+00,6.634572370301950350e+00,8.716824648333503234e+00
-8.800961562445394293e+00,6.875102561279206270e+00,8.785719861343507020e+00
-9.100706345735851244e+00,7.031947967120878218e+00,8.591962877012196742e+00
-9.315643346053741780e+00,7.077634999276703809e+00,8.176902867650724716e+00
-9.418825074754838766e+00,7.016460959403641340e+00,7.634029203923309304e+00
-9.424294833051828135e+00,6.885920944356230144e+00,7.078912673293761948e+00
-9.385176893412573662e+00,6.746838441471435743e+00,6.613764732322055195e+00
-9.377175066801045844e+00,6.665053283694915010e+00,6.298090556971526865e+00
-9.472733672598842247e+00,6.690460206797312459e+00,6.134625792046110249e+00
-9.714530734359355435e+00,6.840236293344553076e+00,6.074469600707559813e+00
-1.009747363999232306e+01,7.091870652832366062e+00,6.038855702782096380e+00
-1.056574188011804694e+01,7.388499124568081555e+00,5.949519662657039909e+00
-1.102651816725387945e+01,7.655069541374104780e+00,5.756953949640194246e+00
-1.137649523085822345e+01,7.820333739118743743e+00,5.456855906955023983e+00
-1.175095469890037592e+01,7.457382616489260485e+00,5.152211951887260888e+00
-1.167337870644848152e+01,7.321678137541298703e+00,4.787213069767601858e+00
-1.138467326156751014e+01,7.067841958701857052e+00,4.489137801463721544e+00
-1.095991317070475901e+01,6.752967047284086810e+00,4.297870054230056525e+00
-1.050479774251019016e+01,6.443119736567354039e+00,4.209136172825109767e+00
-1.012435590168615285e+01,6.193303451785339142e+00,4.173762326049918592e+00
-9.892442802398752733e+00,6.031971156944501367e+00,4.114011610207398917e+00
-9.831587553462100004e+00,5.954885224712757719e+00,3.951648659661631591e+00
-9.909296824486812483e+00,5.929917568699780261e+00,3.638102247721420213e+00
-1.005151095996131971e+01,5.910712245722185898e+00,3.176089579909403326e+00
-1.016834947948600032e+01,5.854231940224956965e+00,2.624714744782901121e+00
-1.018341161817300922e+01,5.736043332537830608e+00,2.085500255002233683e+00
-1.005697834805839008e+01,5.558135717048545921e+00,1.673237907185371576e+00
-9.795762385645321757e+00,5.346768739307489859e+00,1.480786918256744578e+00
-9.446559474496446285e+00,5.141370039043513529e+00,1.549217751457327097e+00
-9.076654913065462793e+00,4.978638801569601924e+00,1.853198980036026011e+00
-8.748268421735840406e+00,4.877681923024097088e+00,2.306712218188095243e+00
-8.496190427892548414e+00,4.831644207372532307e+00,2.787629174284068423e+00
-8.316464584494795531e+00,4.809018483242572195e+00,3.173557643910287052e+00
-8.169976270259535767e+00,4.764415946483760322e+00,3.377690044533795177e+00
-7.999502887452416111e+00,4.655211050872995138e+00,3.373388069127197575e+00
-7.753999294536861875e+00,4.458310439882408716e+00,3.199910203078537130e+00
-7.411279973232641538e+00,4.181089568779478682e+00,2.947816038219939205e+00
-6.990725201117716558e+00,3.862388195400801472e+00,2.729132245484440666e+00
-6.551036016049258670e+00,3.562752140352155372e+00,2.642177340926711970e+00
-6.173241647410693034e+00,3.346750952873635665e+00,2.742443401816505588e+00
-5.934356562339914376e+00,3.262959085109445212e+00,3.028662393350200155e+00
-5.880507965080882471e+00,3.328119070531273316e+00,3.447942999514538087e+00
-6.008813141898059484e+00,3.520773486652225337e+00,3.917436521177519282e+00
-6.264582327869241851e+00,3.786646301288773220e+00,4.354543905895424061e+00
-6.555430795684045187e+00,4.054258662339485397e+00,4.705027183622443765e+00
-6.778259870022128375e+00,4.255933609149630037e+00,4.959395340595482260e+00
-6.850694782040783970e+00,4.347583110268084639e+00,5.152211951887260888e+00
-6.736926548559909911e+00,4.321064501989116735e+00,5.345028563179039516e+00
-6.459569595469677239e+00,4.205311743431304983e+00,5.599396720152077123e+00
-6.093589437037715051e+00,4.056087983086408499e+00,5.949879997879096827e+00
-5.744119299032297121e+00,3.937864243094831629e+00,6.386987382597000718e+00
-5.515170684259665279e+00,3.903798508952075252e+00,6.856480904259981912e+00
-5.479139784304425831e+00,3.980265948920691077e+00,7.275761510424320733e+00
-5.656669255321019385e+00,4.160738794227825998e+00,7.561980501958014855e+00
-6.012969991752569854e+00,4.410608526659501649e+00,7.662246562847809805e+00
-6.471299349982052362e+00,4.680872368740212508e+00,7.575291658290081998e+00
-6.938732487208560507e+00,4.925705258615491466e+00,7.356607865554583015e+00
-7.335492220721259393e+00,5.117772065829084838e+00,7.104513700695985534e+00
-7.618183566060895195e+00,5.256074155520380486e+00,6.931035834647324201e+00
-7.789579146033561052e+00,5.363825900921068701e+00,6.926733859240726154e+00
-7.892308418559194294e+00,5.477381654008103062e+00,7.130866259864233392e+00
-7.989304328111447084e+00,5.630368894350461062e+00,7.516794729490455573e+00
-8.138290088304461989e+00,5.838853976555835601e+00,7.997711685586423869e+00
-8.369458770782827628e+00,6.093001609349548708e+00,8.451224923738495320e+00
-8.674200098843270368e+00,6.358413672355733404e+00,8.755206152317194679e+00
-9.008733767504903511e+00,6.586927400076339367e+00,8.823636985517776310e+00
-9.311204674384718771e+00,6.733286987360792786e+00,8.631185996589149312e+00
-9.526012965898804197e+00,6.771937852005185832e+00,8.218923648772289425e+00
-9.626540068687800655e+00,6.707986959801097271e+00,7.679709158991623319e+00
-9.627897554962508764e+00,6.578220162103098012e+00,7.128334323865118449e+00
-9.584723216891106290e+00,6.441363736271018325e+00,6.666321656053103339e+00
-9.574227629123374328e+00,6.360419574731198011e+00,6.352775244112891961e+00
-9.669887970751483763e+00,6.382661456638370368e+00,6.190412293567122859e+00
-9.914609590679145157e+00,6.523810752490946996e+00,6.130661577724602296e+00
-1.030263438076423910e+01,6.761678221202602757e+00,6.095287730949412897e+00
-1.077677133423160249e+01,7.041552404177391367e+00,6.006553849544466139e+00
-1.124253272279790039e+01,7.291819608482859039e+00,5.815286102310801120e+00
-1.159513536409883017e+01,7.444969916805556309e+00,5.517210834006919029e+00
-1.195605486794995365e+01,7.070791138147218824e+00,5.215043804959057283e+00
-1.187482086005049808e+01,6.938512462985219287e+00,4.852571733090558226e+00
-1.158033754418203642e+01,6.695563602346267018e+00,4.556559976979355220e+00
-1.114890412988775203e+01,6.396272472434925582e+00,4.366616336004919496e+00
-1.068749722419310899e+01,6.102918557980254732e+00,4.278496740539308618e+00
-1.030208293089724414e+01,5.866821354424186730e+00,4.243367779441945764e+00
-1.006685647184254861e+01,5.713919122634466774e+00,4.184030705198622968e+00
-1.000404776616099944e+01,5.639302890563398840e+00,4.022791759103129472e+00
-1.008040216910739773e+01,5.612096305802428020e+00,3.711415962818790604e+00
-1.022096302026220016e+01,5.588597218811417910e+00,3.252601711227705028e+00
-1.033517363010612833e+01,5.528891011193352689e+00,2.705043927752261101e+00
-1.034643742221838814e+01,5.411108675568111259e+00,2.169562306117489126e+00
-1.021539185102330549e+01,5.238463727970057882e+00,1.760153963552866685e+00
-9.949518998152536042e+00,5.036811764276095005e+00,1.569035272216074972e+00
-9.596497597637961618e+00,4.843828440417982328e+00,1.636992373196376249e+00
-9.224258943648688813e+00,4.693842046415667824e+00,1.938869203865491997e+00
-8.895157540752300918e+00,4.603877003600645779e+00,2.389242865554902728e+00
-8.643512085164569925e+00,4.566043703670102261e+00,2.866830535030700400e+00
-8.464412744571200520e+00,4.549191943566663454e+00,3.250087303287306995e+00
-8.317619020055435186e+00,4.509489492311229419e+00,3.452806538370433387e+00
-8.145002862444890468e+00,4.406411741043854136e+00,3.448534344631918103e+00
-7.895177160068402422e+00,4.218628786836454481e+00,3.276257429248462749e+00
-7.546350916592052371e+00,3.954153451815750397e+00,3.025908459104772685e+00
-7.118972287795100051e+00,3.650933046981975849e+00,2.808738568127103541e+00
-6.673195796229619781e+00,3.367233498501148503e+00,2.722385634027336465e+00
-6.291464154683606758e+00,3.164618143848859866e+00,2.821957574132353042e+00
-6.051736134373445708e+00,3.088899025782580576e+00,3.106195131975938217e+00
-6.000319262239429463e+00,3.155255708373537082e+00,3.522573146966253788e+00
-6.133682865552513519e+00,3.342479750368471336e+00,3.988816464035451315e+00
-6.395849535328503421e+00,3.598403412380340782e+00,4.422897846552611867e+00
-6.692889713012078801e+00,3.854959486995918283e+00,4.770954802495089631e+00
-6.920357906102267975e+00,4.048188679030696235e+00,5.023562022385593018e+00
-6.995114722897337600e+00,4.136899314971651087e+00,5.215043804959057283e+00
-6.881362628876165566e+00,4.114126091831771248e+00,5.406525587532520660e+00
-6.602450959354134952e+00,4.007883067935791743e+00,5.659132807423024047e+00
-6.234528960407783593e+00,3.871181607549427195e+00,6.007189763365500923e+00
-5.883961589413900128e+00,3.764735368003656824e+00,6.441271145882661919e+00
-5.655647504861406105e+00,3.738063821656915309e+00,6.907514462951859002e+00
-5.622268967702778397e+00,3.815088345814308557e+00,7.323892477942175461e+00
-5.804111991240839430e+00,3.988685648077622492e+00,7.608130035785761081e+00
-6.165565800837767618e+00,4.225588944015340687e+00,7.707701975890778101e+00
-6.628928072936783877e+00,4.479552561559050794e+00,7.621349041791011913e+00
-7.100533363873713810e+00,4.707989764790527332e+00,7.404179150813341437e+00
-7.500343191077026184e+00,4.886256567767953030e+00,7.153830180669651817e+00
-7.785253098252255199e+00,5.014715371484030015e+00,6.981553265286196464e+00
-7.958739288389957700e+00,5.116321978090454081e+00,6.977281071547681179e+00
-8.064249227759756167e+00,5.225831497708989026e+00,7.180000306630805795e+00
-8.165298303068945884e+00,5.374659048917497906e+00,7.563257074887416387e+00
-8.319682999326573736e+00,5.576951311406774359e+00,8.040844744363209173e+00
-8.557065777313171751e+00,5.822004079259831322e+00,8.491218406052622569e+00
-8.867827195495102899e+00,6.075942801945284799e+00,8.793095236721738317e+00
-9.207009128063464942e+00,6.292327388105638519e+00,8.861052337702039594e+00
-9.511803314606845916e+00,6.428166970719222384e+00,8.669933646365247881e+00
-9.726224920860831347e+00,6.459830742327175912e+00,8.260525303800626773e+00
-9.824011995125999874e+00,6.393218133124835667e+00,7.725043682165855685e+00
-9.821311562788086036e+00,6.264370927900036357e+00,7.177485898690409982e+00
-9.774188263214549366e+00,6.129875743584475956e+00,6.718671647099325739e+00
-9.761245561028497164e+00,6.049858998063429638e+00,6.407295850814986871e+00
-9.856890588359737748e+00,6.068952042469216934e+00,6.246056904719491598e+00
-1.010420104636621907e+01,6.201421347918859794e+00,6.186719830476168802e+00
-1.049676935482867535e+01,6.425421772460135017e+00,6.151590869378806836e+00
-1.097612182175661921e+01,6.688431400038062691e+00,6.063471273913195958e+00
-1.144623727064232099e+01,6.922314781517431292e+00,5.873527632938760235e+00
-1.180100339951057009e+01,7.063330972142790820e+00,5.577515876827555452e+00
-1.214804285787207050e+01,6.678443076152327684e+00,5.277875658030852790e+00
-1.206330009046966190e+01,6.549702125231569916e+00,4.917977786988121380e+00
-1.176347539839917999e+01,6.317781919122936962e+00,4.624068244443582110e+00
-1.132598311051640039e+01,6.034218335547199885e+00,4.435473543471406543e+00
-1.085893004978513154e+01,5.757481697565661527e+00,4.347979754938298136e+00
-1.046907839069734791e+01,5.535197059447327206e+00,4.313100272373719513e+00
-1.023086903963771022e+01,5.390791788573093157e+00,4.254184597618441366e+00
-1.016621005279927914e+01,5.318700880719196888e+00,4.094090736787159734e+00
-1.024113628359505945e+01,5.289319523721410121e+00,3.784926266268658246e+00
-1.037989715310654582e+01,5.261615067611847607e+00,3.329370417509083246e+00
-1.049137860879771722e+01,5.198800168482584638e+00,2.785701274863571886e+00
-1.049888353073362524e+01,5.081560712475933883e+00,2.254022531683656183e+00
-1.036344842513485354e+01,4.914313446221434845e+00,1.847521721520283933e+00
-1.009330494793530519e+01,4.722484328177315227e+00,1.657760315147607688e+00
-9.736944885819394102e+00,4.541976001606949254e+00,1.725234799013275477e+00
-9.362854437120297746e+00,4.404737525652031138e+00,2.024967763583183089e+00
-9.033445680398187960e+00,4.325719384163310366e+00,2.472142965744805743e+00
-8.782530715096140028e+00,4.296021543846935131e+00,2.946338907502648485e+00
-8.604265480236696462e+00,4.284883411766743144e+00,3.326873866367867194e+00
-8.457347945874564843e+00,4.250060527299254431e+00,3.528153431852009803e+00
-8.282827486273035333e+00,4.153148812687392777e+00,3.523911578339688155e+00
-8.029041876315117676e+00,3.974582940910269091e+00,3.352858137569200814e+00
-7.674615452327143039e+00,3.722994513704319441e+00,3.104287093438821810e+00
-7.241024622126470689e+00,3.435405025806586909e+00,2.888659497595243764e+00
-6.789784411039740064e+00,3.167761984041693957e+00,2.802919823968542445e+00
-6.404631667423273278e+00,2.978590156411878631e+00,2.901784624985241035e+00
-6.164362092477514210e+00,2.910922439480704949e+00,3.184003587155114445e+00
-6.115405074564962185e+00,2.978378933596244504e+00,3.597424572588657554e+00
-6.253595302641336673e+00,3.160022319696880189e+00,4.060356727157468981e+00
-6.521753341782759783e+00,3.405826707464875369e+00,4.491355354505201625e+00
-6.824539862196502327e+00,3.651171082703665860e+00,4.836940482759596094e+00
-7.056307550513215787e+00,3.835839124951302637e+00,5.087753739019508892e+00
-7.133263513526243216e+00,3.921544801877993702e+00,5.277875658030852790e+00
-7.019664750107191153e+00,3.902492131451329005e+00,5.467997577042196689e+00
-6.739557027479291307e+00,3.805754285189077102e+00,5.718810833302108598e+00
-6.370164789304197051e+00,3.681565260788493443e+00,6.064395961556503067e+00
-6.018939017839752381e+00,3.586860517183025898e+00,6.495394588904234823e+00
-5.791526407464660409e+00,3.567512041990086757e+00,6.958326743473046250e+00
-5.760803487726258609e+00,3.644992816405404845e+00,7.371747728906591135e+00
-5.946680107060366538e+00,3.811600952293832112e+00,7.653966691076464102e+00
-6.312778324035850375e+00,4.035432835213730307e+00,7.752831492093163135e+00
-6.780543414336497321e+00,4.273017233276368287e+00,7.667091818466463593e+00
-7.255692834928087365e+00,4.485011925886507989e+00,7.451464222622883327e+00
-7.658027144572544742e+00,4.649456232591801630e+00,7.202893178492505655e+00
-7.944780426651123051e+00,4.768054131402868379e+00,7.031839737722018313e+00
-8.120118432132748865e+00,4.863478735579493062e+00,7.027597884209695778e+00
-8.228242717498655878e+00,4.968866278011203619e+00,7.228877449693836610e+00
-8.333166242902807497e+00,5.113412484334627806e+00,7.609412408559059315e+00
-8.492687920479085051e+00,5.309354097870993883e+00,8.083608350316897173e+00
-8.735911182311703271e+00,5.545143072577271681e+00,8.530783552478521159e+00
-9.052233146172470768e+00,5.787462032358773989e+00,8.830516517048430103e+00
-9.395588637023550405e+00,5.991625586243649160e+00,8.897991000914098336e+00
-9.702305431884939324e+00,6.116928086430217348e+00,8.708229594541421648e+00
-9.916086727808115953e+00,6.141664161534427180e+00,8.301728784378049397e+00
-1.001105393621771000e+01,6.072507504408102719e+00,7.770050041198135915e+00
-1.000435555858754810e+01,5.944722692115070650e+00,7.226380898552622334e+00
-9.953395412562857203e+00,5.812718225095757418e+00,6.770825049793048223e+00
-9.938055430658073064e+00,5.733712597730013627e+00,6.461660579274547622e+00
-1.003356981501813650e+01,5.749677745849888666e+00,6.301566718443264214e+00
-1.028313417091924542e+01,5.873428339594639169e+00,6.242651043687985180e+00
-1.067970826329891665e+01,6.083484916949734256e+00,6.207771561123408333e+00
-1.116362427937303892e+01,6.329547953033423546e+00,6.120277772590299925e+00
-1.163746502208571343e+01,6.546993942724474991e+00,5.931683071618125247e+00
-1.199393583239910654e+01,6.675875242264569742e+00,5.637773529073583312e+00
-1.232677711442173774e+01,6.280806650043373018e+00,5.340707511102649185e+00
-1.223867812568616209e+01,6.155708101081216022e+00,4.983428691034865743e+00
-1.193395041164136572e+01,5.934938418405117488e+00,4.691657988799987855e+00
-1.149101402064037813e+01,5.667219250479901937e+00,4.504435730332181365e+00
-1.101895933595761257e+01,5.407195772124758548e+00,4.417578652128855587e+00
-1.062520435726829504e+01,5.198794054230157613e+00,4.382952994746826647e+00
-1.038434232065887741e+01,5.062938273046984961e+00,4.324466061498021929e+00
-1.031793759230429508e+01,4.993423507169302056e+00,4.165537236683981348e+00
-1.039136569229563989e+01,4.961933993828928635e+00,3.858622619729727532e+00
-1.052818491328186212e+01,4.930117853823635876e+00,3.406381944762039815e+00
-1.063684178111959255e+01,4.864314607032299342e+00,2.866669194506317186e+00
-1.064063263050389097e+01,4.747751736510679166e+00,2.338859587108309768e+00
-1.050103432302172912e+01,4.586026650315504938e+00,1.935316967111750053e+00
-1.022700741560846716e+01,4.404111141142701413e+00,1.746936493599076101e+00
-9.867786579140959802e+00,4.236116915004371819e+00,1.813919951740583958e+00
-9.492322317094897599e+00,4.111609332222401214e+00,2.111471697758667165e+00
-9.163008138619256115e+00,4.043476610969320539e+00,2.555392713820770378e+00
-8.913116000316973597e+00,4.021833510145004453e+00,3.026137833988647330e+00
-8.735888050114230197e+00,4.016340586566821358e+00,3.403903561537965139e+00
-8.589025778970011515e+00,3.986369381842144843e+00,3.603718374144600389e+00
-8.412838911159850497e+00,3.895652313609522022e+00,3.599507389474445151e+00
-8.155456395422309157e+00,3.726386960438776264e+00,3.429698739842955479e+00
-7.795937746164883109e+00,3.487804421659919996e+00,3.182936598425968988e+00
-7.356746973550999158e+00,3.215968962890309868e+00,2.968878169033649428e+00
-6.900665877364577483e+00,2.964475371222440536e+00,2.883762440681070682e+00
-6.512605846913802843e+00,2.788782752389375563e+00,2.981907782166817622e+00
-6.272092432242287074e+00,2.729132742623502583e+00,3.262072978789597677e+00
-6.225619106479555853e+00,2.797591884823183328e+00,3.672485414514785163e+00
-6.368400039602034823e+00,2.973515364696596830e+00,4.132048716394234766e+00
-6.642139996351243525e+00,3.209048824992697391e+00,4.559910877911019789e+00
-6.950225128867430158e+00,3.443046054286791779e+00,4.902981111969292094e+00
-7.185951016325577534e+00,3.619052748754319815e+00,5.151969148476072569e+00
-7.264981747698689318e+00,3.701693090564990740e+00,5.340707511102649185e+00
-7.151671208373898914e+00,3.686330659966982726e+00,5.529445873729224914e+00
-6.870722601194457546e+00,3.599078550311985758e+00,5.778433910236005389e+00
-6.500326968715295806e+00,3.487372562848501278e+00,6.121504144294277694e+00
-6.148876087051449169e+00,3.404355380182389812e+00,6.549366305811062716e+00
-5.922626475326328688e+00,3.392248405815156076e+00,7.008929607690511432e+00
-5.894558201374771045e+00,3.470085390311893114e+00,7.419342043415699806e+00
-6.084186311112414813e+00,3.629603434116817073e+00,7.699507240038480305e+00
-6.454420588437736583e+00,3.840281063302434461e+00,7.797652581524228133e+00
-6.925960920261198694e+00,4.061434196701966037e+00,7.712536853171649831e+00
-7.404030285164902914e+00,4.256966121804326875e+00,7.498478423779329383e+00
-7.808367373555743285e+00,4.407587521099603833e+00,7.251716282362343335e+00
-8.096591567778215648e+00,4.516322672068409538e+00,7.081907632730853663e+00
-8.273543260204696992e+00,4.605538687474178161e+00,7.077696648060697981e+00
-8.384113951265600662e+00,4.706736128531749053e+00,7.277511460667331455e+00
-8.492729795212349941e+00,4.846887892652779861e+00,7.655277188216652817e+00
-8.657122345148104969e+00,5.036333383821608223e+00,8.126022308384525772e+00
-8.905808891993649112e+00,5.262706741945912370e+00,8.569943324446629873e+00
-9.227229998386363263e+00,5.493279989763799165e+00,8.867495070464714857e+00
-9.574284892280905623e+00,5.685151222605199450e+00,8.934478528606222270e+00
-9.882526605650907570e+00,5.799916394163490807e+00,8.746098055093547430e+00
-1.009541877518256037e+01,5.817794176711286624e+00,8.342555435096988603e+00
-1.018749191298592471e+01,5.746213378878788802e+00,7.814745827698983405e+00
-1.017686095344985553e+01,5.619629948225600913e+00,7.275033077443258556e+00
-1.012218043108370225e+01,5.490239815410623336e+00,6.822792402475572615e+00
-1.010449602824189341e+01,5.412326163109623778e+00,6.515877785521318799e+00
-1.019976637520624507e+01,5.425188962655866476e+00,6.356948960707277330e+00
-1.045125116392365960e+01,5.540196418954502988e+00,6.298462027458471724e+00
-1.085129506484764406e+01,5.736255432003044774e+00,6.263836370076443671e+00
-1.133912525970554519e+01,5.965317728358765947e+00,6.176979291873117006e+00
-1.181606609461099566e+01,6.166299417443217301e+00,5.989757033405311404e+00
-1.217378697601905557e+01,6.283064153132187357e+00,5.697986331170431740e+00
-1.249213415588825704e+01,5.878352129872567389e+00,5.403539364174444692e+00
-1.240083438047956932e+01,5.756993333280259861e+00,5.048921860543678086e+00
-1.209164289329922681e+01,5.547476686410840685e+00,4.759324514584300836e+00
-1.164387618053981832e+01,5.295692170361354201e+00,4.573496846687917561e+00
-1.116746225986216956e+01,5.052450065553029113e+00,4.487286753855428856e+00
-1.077033585453738063e+01,4.857978782854631916e+00,4.452919017810902602e+00
-1.052715038226246591e+01,4.730710812264516285e+00,4.394867744970896162e+00
-1.045910556852472872e+01,4.663818183246172921e+00,4.237122757177234078e+00
-1.053096900935938685e+01,4.630289400919224363e+00,3.932494301251798774e+00
-1.066571015035674463e+01,4.594460253537990368e+00,3.483622299360087382e+00
-1.077145289954418850e+01,4.525791821534633996e+00,2.947929788572382748e+00
-1.077157959927964370e+01,4.410036112193375324e+00,2.424051755913446460e+00
-1.062804744067728535e+01,4.253947125512257621e+00,2.023515064472713565e+00
-1.035052438647945650e+01,4.082019051397956844e+00,1.836537808901918201e+00
-9.988917745823794547e+00,3.926557817433407482e+00,1.903022317292846211e+00
-9.612552403612877328e+00,3.814744420921711843e+00,2.198357644905856390e+00
-9.283728364196008442e+00,3.757419536419233097e+00,2.638971959785507249e+00
-9.035145260907135878e+00,3.743739085303943170e+00,3.106210570035693674e+00
-8.859153003355659806e+00,3.743815165633680220e+00,3.481162377241572514e+00
-8.712522209337778989e+00,3.718660584202420516e+00,3.679488799226428242e+00
-8.534905754589429350e+00,3.634156623893567861e+00,3.675309181550590054e+00
-8.274289349855056486e+00,3.474259362450002442e+00,3.506765411125559062e+00
-7.910186543981064133e+00,3.248779474082003293e+00,3.261841363953459805e+00
-7.466007381874074866e+00,2.992794568494407059e+00,3.049377423751727267e+00
-7.005706175977529426e+00,2.757516629757672533e+00,2.964895709715670513e+00
-6.615249273443658318e+00,2.595317231020563664e+00,3.062309981247528956e+00
-6.374785506485560305e+00,2.543639194705924478e+00,3.340388269268475874e+00
-6.330815450493830099e+00,2.613003755064125411e+00,3.747743604209059498e+00
-6.477947629366495264e+00,2.783079195816225759e+00,4.203883687861048379e+00
-6.756857646227214076e+00,3.008208515016731699e+00,4.628558768198472784e+00
-7.069792291005960294e+00,3.230743026598775103e+00,4.969073523449528906e+00
-7.309134164429461400e+00,3.398003296474845669e+00,5.216206885352171696e+00
-7.390113961476315829e+00,3.477523664358727284e+00,5.403539364174444692e+00
-7.277223999628736451e+00,3.465815848499657736e+00,5.590871842996717689e+00
-6.995785494827439166e+00,3.388015474026932150e+00,5.838005204899360479e+00
-6.624847656873375179e+00,3.288744022330973404e+00,6.178519960150415713e+00
-6.273598599364053285e+00,3.217342989651164942e+00,6.603195040487840117e+00
-6.048767639516199779e+00,3.212385863393791396e+00,7.059335124139828110e+00
-6.023348895700605610e+00,3.290480008631700315e+00,7.466690459080412623e+00
-6.216444880766113457e+00,3.442819705390610885e+00,7.744768747101359097e+00
-6.590308262101382653e+00,3.640282131648326924e+00,7.842183018633218872e+00
-7.065000060779733637e+00,3.844978504047860568e+00,7.757701304597163450e+00
-7.545370274159156843e+00,4.024053510781262943e+00,7.545237364395429580e+00
-7.951193377325200373e+00,4.160873254387376541e+00,7.300313317223331211e+00
-8.240519483250793087e+00,4.259759295180576721e+00,7.131769546798299331e+00
-8.418847892966475399e+00,4.342750274169434377e+00,7.127589929122461143e+00
-8.531695816818638534e+00,4.439697109102566763e+00,7.325916351107315094e+00
-8.643818882890403899e+00,4.575349969599310285e+00,7.700868158313197931e+00
-8.812812685124384871e+00,4.758166294882216540e+00,8.168106768563379916e+00
-9.066582598904517454e+00,4.974989315204488172e+00,8.608721083443032995e+00
-9.392640599671734591e+00,5.193711254188004389e+00,8.904056411056043174e+00
-9.742922286786036778e+00,5.373239239483918794e+00,8.970540919446971628e+00
-1.005229499715006725e+01,5.477483348967183474e+00,8.783563663876176264e+00
-1.026405446963287815e+01,5.488581913288387071e+00,8.383026972435443369e+00
-1.035316501515634968e+01,5.414698823379866965e+00,7.859148939776508414e+00
-1.033867198630153084e+01,5.289451728906057859e+00,7.323456428988802003e+00
-1.028039158315830903e+01,5.162793537347834416e+00,6.874584427097092387e+00
-1.026041847278147223e+01,5.086049754311036786e+00,6.569955971171657083e+00
-1.035533352593860812e+01,5.095840217924523685e+00,6.412210983377993223e+00
-1.060840743664588715e+01,5.202094187182257023e+00,6.354159710537986783e+00
-1.101138803302127833e+01,5.384124680631794391e+00,6.319791974493461417e+00
-1.150248695806691401e+01,5.596159562634865914e+00,6.233581881660971824e+00
-1.198190750653269276e+01,5.780676253712964119e+00,6.047754213764590325e+00
-1.234042892888238541e+01,5.885361452172685581e+00,5.758156867805210410e+00
-1.264400848615534123e+01,5.471551064863784397e+00,5.466371217246240199e+00
-1.254966586827103470e+01,5.354021981140686393e+00,5.114454669116541119e+00
-1.223644980125640735e+01,5.155841688888870067e+00,4.827063050558250801e+00
-1.178446427533330443e+01,4.920055759957213226e+00,4.642650745007822266e+00
-1.130433004179175782e+01,4.693635972618508845e+00,4.557097274090775585e+00
-1.090436086266371873e+01,4.513120148495296746e+00,4.522991301001484388e+00
-1.065917956782375953e+01,4.394464299537078844e+00,4.465382177528375962e+00
-1.058960119505879760e+01,4.330234976566648797e+00,4.308838659454017339e+00
-1.065983695248090868e+01,4.294737893154335850e+00,4.006530415857046279e+00
-1.079236900415456901e+01,4.254999098572772809e+00,3.561077261851781195e+00
-1.089511408081079402e+01,4.183591145503382513e+00,3.029464870119336073e+00
-1.089163147231014328e+01,4.068769827193172262e+00,2.509576971167031711e+00
-1.074439728531745963e+01,3.918420246379708871e+00,2.112090980182564248e+00
-1.046376463309065308e+01,3.756536672770204088e+00,1.926537842828827785e+00
-1.010024329028556167e+01,3.613607468625633423e+00,1.992515969845921386e+00
-9.723443452458173653e+00,3.514432334391312196e+00,2.285601866537984694e+00
-9.395498027125228191e+00,3.467822082095905145e+00,2.722860228467094412e+00
-9.148503551030382042e+00,3.462001240320081941e+00,3.186540100973809242e+00
-8.973940295772086628e+00,3.467562649756217308e+00,3.558636075808361277e+00
-8.827714015737319286e+00,3.447182681163714069e+00,3.755451938289011693e+00
-8.648903241108920170e+00,3.368900302491769416e+00,3.751304154804205204e+00
-8.385415208135345466e+00,3.218423011292419478e+00,3.584044103370028989e+00
-8.017235346810942076e+00,3.006120548141120175e+00,3.340985527997206272e+00
-7.568677357571726105e+00,2.766056449524443295e+00,3.130139826157063432e+00
-7.104773480857031309e+00,2.547034011250185248e+00,3.046301569784345631e+00
-6.712425703721457637e+00,2.398320569791358992e+00,3.142973882417157583e+00
-6.472300304474174482e+00,2.354557067302446516e+00,3.418934178308365546e+00
-6.430848877772858074e+00,2.424729957142012893e+00,3.823186878377483389e+00
-6.582089881509444851e+00,2.588840396751668216e+00,4.275852756567013913e+00
-6.865756616954684866e+00,2.803450721082800801e+00,4.697293285641007898e+00
-7.183091285338971232e+00,3.014426672556447695e+00,5.035214499422808743e+00
-7.425706759037435489e+00,3.172870445508848114e+00,5.280465562210224562e+00
-7.508508887169371704e+00,3.249221941136408720e+00,5.466371217246240199e+00
-7.396169085022722633e+00,3.241127982809673735e+00,5.652276872282255837e+00
-7.114586824956341538e+00,3.172731140183498333e+00,5.897527935069670768e+00
-6.743561446338366849e+00,3.085827099540014107e+00,6.235449148851471612e+00
-6.392934009982958798e+00,3.025953825180680123e+00,6.656889677925464710e+00
-6.169771056669553388e+00,3.028045204764460152e+00,7.109555556114996122e+00
-6.146992675666010264e+00,3.106298643045904750e+00,7.513808256184114853e+00
-6.343272043121206849e+00,3.251384346770127109e+00,7.789768552075321928e+00
-6.720260011776272080e+00,3.435592211377150651e+00,7.886440864708134768e+00
-7.197484554213691155e+00,3.623832407387242327e+00,7.802602608335417855e+00
-7.679542824050348493e+00,3.786481925176434782e+00,7.591756906495273682e+00
-8.086341117742783524e+00,3.909542456598535498e+00,7.348698331122451854e+00
-8.376404312585368217e+00,3.998608172138744976e+00,7.181438279688275195e+00
-8.555874108997878480e+00,4.075367641322674928e+00,7.177290496203468706e+00
-8.670829243538165088e+00,4.168010963453641082e+00,7.374106358684117346e+00
-8.786271921723535883e+00,4.299069146771886452e+00,7.746202333518673377e+00
-8.959594486554394166e+00,4.475135730599705930e+00,8.209882206025383766e+00
-9.218065990008163624e+00,4.682290743858366078e+00,8.647140567954494372e+00
-9.548298789984430712e+00,4.889075953331813551e+00,8.940226464646558568e+00
-9.901337178908669046e+00,5.056229834584970995e+00,9.006204591663653503e+00
-1.021145149527581708e+01,5.149985302076594884e+00,8.820651454309915707e+00
-1.042184035943439646e+01,5.154393034854710898e+00,8.423165463325450020e+00
-1.050792550781191181e+01,5.078331146045105271e+00,7.903277564373146546e+00
-1.048964582047443628e+01,4.954551100926765095e+00,7.371665172640699204e+00
-1.042788972259994296e+01,4.830736316304971467e+00,6.926212018635435008e+00
-1.040568629829646419e+01,4.755237226902263359e+00,6.623903775038464836e+00
-1.050013713341390797e+01,4.761989680639785227e+00,6.467360256964104437e+00
-1.075447167057504316e+01,4.859493634602813472e+00,6.409751133490995123e+00
-1.115985978714675930e+01,5.027487033144770301e+00,6.375645160401705702e+00
-1.165358720877225984e+01,5.222494816199882095e+00,6.290091689484658133e+00
-1.213487313744316687e+01,5.390571509377514836e+00,6.105679383934230486e+00
-1.249375150527318112e+01,5.483232450322418572e+00,5.818287765375938392e+00
-1.278231247113176394e+01,5.060875524525472180e+00,5.529203070318036595e+00
-1.268508707763964161e+01,4.947258683545391555e+00,5.180024451236466376e+00
-1.236828463606522810e+01,4.760479084985787424e+00,4.894868754418205903e+00
-1.191268827917899209e+01,4.540729777229756792e+00,4.711891186196506709e+00
-1.142946790345343899e+01,4.331146449696032796e+00,4.627003325732951922e+00
-1.102718030542684957e+01,4.164589020858344703e+00,4.593162698888195727e+00
-1.078032850124969322e+01,4.054555828387240268e+00,4.536001777392041134e+00
-1.070932372186160109e+01,3.993026165734697930e+00,4.380676176030351421e+00
-1.077787233831330127e+01,3.955633636445105683e+00,4.080719906292046062e+00
-1.090806988151157952e+01,3.912092923376761622e+00,3.638732400993593075e+00
-1.100773976454682135e+01,3.838073296995545114e+00,3.111255981318743036e+00
-1.100070739097061434e+01,3.724310051411663380e+00,2.595412837260396177e+00
-1.085000492713409059e+01,3.579792566285867395e+00,2.201019307959599214e+00
-1.056664768421381062e+01,3.427994017969086649e+00,2.016909783665357114e+00
-1.020167795051010451e+01,3.297576433637772642e+00,2.082374597422641749e+00
-9.824903186371226838e+00,3.210964930900884973e+00,2.373180270594626329e+00
-9.498217082881133422e+00,3.174961001517754067e+00,2.807036739725498720e+00
-9.253083750735623170e+00,3.176886220210946021e+00,3.267109158707462324e+00
-9.080137401974946343e+00,3.187842143773690573e+00,3.636310207504561021e+00
-8.934485192604805448e+00,3.172188054506468013e+00,3.831594832338439005e+00
-8.754713342477279170e+00,3.100125928776589213e+00,3.827479318824876575e+00
-8.488714431315838027e+00,2.959105001127880996e+00,3.661520559290290855e+00
-8.116962589950217577e+00,2.760033039712203262e+00,3.420352992275691228e+00
-7.664632090140466758e+00,2.535934117331752446e+00,3.211147680962249229e+00
-7.197738400433062900e+00,2.333181123858487638e+00,3.127961690584657894e+00
-6.804000343250001137e+00,2.197925551502919461e+00,3.223881887597122020e+00
-6.564496747624462003e+00,2.162007797836879242e+00,3.497695198033209607e+00
-6.525575144896667013e+00,2.232892273239537317e+00,3.898802791070031581e+00
-6.680680166672645193e+00,2.390931941658783977e+00,4.347946905183452060e+00
-6.968689704037838162e+00,2.594926647387038710e+00,4.766108605021528888e+00
-7.289975481979045213e+00,2.794267727608640950e+00,5.101400774184345011e+00
-7.535522729092128280e+00,2.943839779123615497e+00,5.344743770947418149e+00
-7.620019712243987442e+00,3.016979231668146522e+00,5.529203070318036595e+00
-7.508356661845958513e+00,3.012453432723576796e+00,5.713662369688654152e+00
-7.226971307158437163e+00,2.953398108437036207e+00,5.957005366451727291e+00
-6.856305695044218496e+00,2.878776252609179132e+00,6.292297535614542525e+00
-6.506711792475785572e+00,2.830325897961937009e+00,6.710459235452619353e+00
-6.285459500007259948e+00,2.839355164355898964e+00,7.159603349566039832e+00
-6.265308364832615773e+00,2.917671393601078744e+00,7.560710942602863582e+00
-6.464486366521806637e+00,3.055439971256062037e+00,7.834524253038949837e+00
-6.844097868246848293e+00,3.226375149863574876e+00,7.930444450051414407e+00
-7.323242695285072656e+00,3.398185302571355315e+00,7.847258459673825293e+00
-7.806383707629505508e+00,3.544465753285102050e+00,7.638053148360381961e+00
-8.213653272229835878e+00,3.653830185944324516e+00,7.396885581345782334e+00
-8.504093601292082027e+00,3.733119138694296790e+00,7.230926821811197058e+00
-8.684471559744011415e+00,3.803650409544161448e+00,7.226811308297634184e+00
-8.801363412393286012e+00,3.891944867973951006e+00,7.422095933131510392e+00
-8.919936029099249097e+00,4.018321315060674692e+00,7.791296981928613086e+00
-9.097312634883895299e+00,4.187530052175800321e+00,8.251369400910572693e+00
-9.360102941003999533e+00,4.384916343882864886e+00,8.685225870041445972e+00
-9.694049577204015833e+00,4.579699349992083057e+00,8.976031543213430552e+00
-1.004937804294857706e+01,4.734467997508903458e+00,9.041496356970716519e+00
-1.035984984032451806e+01,4.817782998682867301e+00,8.857386832676473531e+00
-1.056863623473540947e+01,4.815597221387935889e+00,8.462993303375679233e+00
-1.065163891497427251e+01,4.737481375383051585e+00,7.947150159317332374e+00
-1.062965261816400542e+01,4.615294659957664081e+00,7.419673739642480115e+00
-1.056454836292612320e+01,4.494428494719877598e+00,6.977686234344028904e+00
-1.054017551978823342e+01,4.420245756960401451e+00,6.677729964605723545e+00
-1.063405572885669770e+01,4.423998679468096995e+00,6.522404363244032943e+00
-1.088932585318640456e+01,4.512769622324386276e+00,6.465243441747876574e+00
-1.129659729723026729e+01,4.666739293017843515e+00,6.431402814903122156e+00
-1.179231945157910033e+01,4.844746732143873302e+00,6.346514954439567369e+00
-1.227486365517087741e+01,4.996433548470279540e+00,6.163537386217868175e+00
-1.263366212980963077e+01,5.077143275408869449e+00,5.878381689399605925e+00
-1.290697617957303933e+01,4.646797354125528301e+00,5.592034923389832102e+00
-1.280702981452318312e+01,4.537167836165652446e+00,5.245628504898036226e+00
-1.248707730369661562e+01,4.361834553946125403e+00,4.962736717573937639e+00
-1.202847335185299826e+01,4.158134465508807054e+00,4.781211845751214717e+00
-1.154279500248233958e+01,3.965375473642803072e+00,4.696997927402044581e+00
-1.113870801701611590e+01,3.812757749666870311e+00,4.663425968226414753e+00
-1.089050807288773015e+01,3.711344240455568766e+00,4.606718858996028843e+00
-1.081818442403829295e+01,3.652545801629329070e+00,4.452626419403620694e+00
-1.088499006000473202e+01,3.613332374094273103e+00,4.155051563939941239e+00
-1.101273341483862289e+01,3.566101518348043342e+00,3.716573087991807522e+00
-1.110925665374242399e+01,3.489599931826838919e+00,3.193284411671806655e+00
-1.109873853409855826e+01,3.377014704063713069e+00,2.681536652009992583e+00
-1.094480293553408323e+01,3.238411414501792596e+00,2.290274293733946198e+00
-1.065910378080483412e+01,3.096722138170949101e+00,2.107626452669834727e+00
-1.029314628509451879e+01,2.978776769570090188e+00,2.172571527859548990e+00
-9.916848318397470052e+00,2.904636114132307600e+00,2.461068435217644179e+00
-9.591793830661083931e+00,2.879115642709797029e+00,2.891480428960059079e+00
-9.348786652921374341e+00,2.888663327817867721e+00,3.347900238757086644e+00
-9.177639423442132127e+00,2.904916154239799653e+00,3.714170124793096051e+00
-9.032727073712942811e+00,2.893932733243722133e+00,3.907904344984324041e+00
-8.852224915955394735e+00,2.828079938904341617e+00,3.903821505375652201e+00
-8.584073629907271297e+00,2.696536532001800879e+00,3.739180326431395862e+00
-8.209251825755503162e+00,2.510726795168626069e+00,3.499927438137018676e+00
-7.753750663965139900e+00,2.302611985199044309e+00,3.292383050647985865e+00
-7.284474230086880553e+00,2.116116994262502882e+00,3.209857490889520992e+00
-6.889840132845415965e+00,1.994270876453038799e+00,3.305016157807649346e+00
-6.651236000772173362e+00,1.966119126910079284e+00,3.576655608278669352e+00
-6.614851315867589676e+00,2.037618987377761925e+00,3.974578725963294978e+00
-6.773573734340208041e+00,2.189493295649539650e+00,4.420156992942908758e+00
-7.065512475027437844e+00,2.382793810304529192e+00,4.834998821381181422e+00
-7.390301966539050582e+00,2.570442989926735144e+00,5.167629037324912744e+00
-7.638440434873981388e+00,2.711102747735901985e+00,5.409040084185329889e+00
-7.724504342490394748e+00,2.780992684980913676e+00,5.592034923389832102e+00
-7.613641439304914549e+00,2.779984607798746676e+00,5.775029762594333427e+00
-7.332787559390947507e+00,2.730195401420164814e+00,6.016440809454751459e+00
-6.962920866318980551e+00,2.667752965807307142e+00,6.349071025398481893e+00
-6.614763815268323910e+00,2.630604815333290158e+00,6.763912853836754557e+00
-6.395657762390852596e+00,2.646452503848729432e+00,7.209491120816368337e+00
-6.378116917618271486e+00,2.724736564213328549e+00,7.607414238500994408e+00
-6.579909161673807461e+00,2.855137266219820891e+00,7.879053688972014413e+00
-6.961647598198721809e+00,3.012802459621336304e+00,7.974212355890143655e+00
-7.442107686215431173e+00,3.168233656171096868e+00,7.891686796131679671e+00
-7.925734735971267320e+00,3.298225806955344730e+00,7.684142408642646416e+00
-8.332979483537673815e+00,3.393977353935921482e+00,7.444889520348269230e+00
-8.623442523758065192e+00,3.463547479526706496e+00,7.280248341404012891e+00
-8.804497977563768174e+00,3.527863434970486711e+00,7.276165501795340163e+00
-8.923155958104274532e+00,3.611771171770264299e+00,7.469899721986566377e+00
-9.044667223419857294e+00,3.733387539609993144e+00,7.836169608022579780e+00
-9.225821548423423835e+00,3.895642762196029008e+00,8.292589417819602460e+00
-9.492547696562411375e+00,4.083176429461746970e+00,8.723001411562020024e+00
-9.829749295523825481e+00,4.265911423885211384e+00,9.011498318920114770e+00
-1.018690559968762699e+01,4.408303042448285858e+00,9.076443394109830365e+00
-1.049735672567977574e+01,4.481241073751399462e+00,8.893795553045716673e+00
-1.070431520473317200e+01,4.472567647052972717e+00,8.502533194769672065e+00
-1.078418408027540742e+01,4.392523739908602565e+00,7.990785435107859769e+00
-1.075857559296686894e+01,4.272052026355130039e+00,7.467496758787856237e+00
-1.069025372689975484e+01,4.154233347632925621e+00,7.029018282839723852e+00
-1.066377467912667321e+01,4.081435367407110881e+00,6.731443427376044397e+00
-1.075698054379864566e+01,4.082231220439742181e+00,6.577350987783635361e+00
-1.101286529126165803e+01,4.162299367237785042e+00,6.520643878553248562e+00
-1.142150186331983619e+01,4.302280128313431540e+00,6.487071919377620510e+00
-1.191859266889458091e+01,4.463339803606968026e+00,6.402858001028450374e+00
-1.240179641006327316e+01,4.598711348610089011e+00,6.221333129205728341e+00
-1.276008569700261219e+01,4.667560138741780662e+00,5.938441341881627977e+00
-1.301794718942074347e+01,4.229787446362601955e+00,5.654866776461628497e+00
-1.291544301121496474e+01,4.124212884647183941e+00,5.311264094273961511e+00
-1.259277394787830140e+01,3.960353136231476778e+00,5.030661969992809901e+00
-1.213175970856592478e+01,3.772689957638141856e+00,4.850606320003353567e+00
-1.164424434388905638e+01,3.596717509954397762e+00,4.767074010329959144e+00
-1.123887068877057338e+01,3.457999685148037461e+00,4.733773775105494686e+00
-1.098964140729522221e+01,3.365189679045684557e+00,4.677525640571777110e+00
-1.091610657327076872e+01,3.309149274069961510e+00,4.524680390823478504e+00
-1.098111704734680316e+01,3.268190992494710567e+00,4.229514039882007026e+00
-1.110629240304766086e+01,3.217385490373788848e+00,3.794584510939380095e+00
-1.119960363770543310e+01,3.138533205080427102e+00,3.275531216474385499e+00
-1.118566803269293430e+01,3.027242029499473297e+00,2.767925429061720788e+00
-1.102873530048643680e+01,2.894624501553652252e+00,2.379829861063735397e+00
-1.074107381944967798e+01,2.763052769398838926e+00,2.198660330895512161e+00
-1.037458265036966054e+01,2.657521716922420563e+00,2.263079755129114190e+00
-9.999204567615597838e+00,2.595741565161811426e+00,2.549241632852623951e+00
-9.676144965718158630e+00,2.580567710685912175e+00,2.976169967897714486e+00
-9.435521045451363165e+00,2.597604705676323622e+00,3.428895617533902929e+00
-9.266349192414311986e+00,2.619050383811629246e+00,3.792200996788948508e+00
-9.122338452419109345e+00,2.612676201560331979e+00,3.984367175403847661e+00
-8.941333840515065745e+00,2.553012456853624990e+00,3.980317381388512210e+00
-8.671385720950857134e+00,2.430952779217471882e+00,3.817008771432354841e+00
-8.293991909715915156e+00,2.258416034573553333e+00,3.579692342663465698e+00
-7.835916281125937743e+00,2.066279354823373104e+00,3.373827773165261945e+00
-7.364857215162244231e+00,1.896006116023764676e+00,3.291970156884637344e+00
-6.969814048412954932e+00,1.787501258659777825e+00,3.386358630772703826e+00
-6.732380798021843304e+00,1.767025218035074730e+00,3.655799492106042603e+00
-6.698536098337715572e+00,1.839044999698868033e+00,4.050501908811274809e+00
-6.860628042968394347e+00,1.984670497557916802e+00,4.492473764659996149e+00
-7.156083581167297147e+00,2.167216073446012636e+00,4.903957955846835581e+00
-7.483931828900740157e+00,2.343135305651176559e+00,5.233895936997828180e+00
-7.734322939062804991e+00,2.474856616425966216e+00,5.473353056678584849e+00
-7.821825668725621128e+00,2.541465220269074621e+00,5.654866776461628497e+00
-7.711882918359434846e+00,2.543919898718598915e+00,5.836380496244672145e+00
-7.431888411111860826e+00,2.503308475798346144e+00,6.075837615925427926e+00
-7.063250876834647585e+00,2.452925759282069240e+00,6.405775597076420524e+00
-6.716924727971278486e+00,2.426943824362049362e+00,6.817259788263259956e+00
-6.500193070114478999e+00,2.449482072375011033e+00,7.259231644111980408e+00
-6.485241841793151885e+00,2.527640715014791262e+00,7.653934060817213947e+00
-6.689364891093785737e+00,2.650635013155655972e+00,7.923374922150552280e+00
-7.072739081466306033e+00,2.795053287010109688e+00,8.017763396038620982e+00
-7.553917969811804412e+00,2.934180915066088247e+00,7.935905779757995937e+00
-8.037444044831683954e+00,3.047989174825209702e+00,7.730041210259791740e+00
-8.444176605672931046e+00,3.130230532804497923e+00,7.492724781490903041e+00
-8.734314100414039217e+00,3.190153702832848825e+00,7.329416171534744784e+00
-8.915819376739799296e+00,3.248276560891194542e+00,7.325366377519409333e+00
-9.036073163091167260e+00,3.327767128265557428e+00,7.517532556134306709e+00
-9.160330613834698710e+00,3.444553766651084370e+00,7.880837935389356730e+00
-9.344985360184914214e+00,3.599772176813029301e+00,8.333563585025540732e+00
-9.615265036197310877e+00,3.777385940278646270e+00,8.760491920070633043e+00
-9.955265746550510997e+00,3.948046448665912145e+00,9.046653797794142804e+00
-1.031379292692912841e+01,4.078088138058877377e+00,9.111073222027744833e+00
-1.062385187749410953e+01,4.140727546972302164e+00,8.929903691859522041e+00
-1.082876375194489782e+01,4.125680458705082820e+00,8.541808123861537538e+00
-1.090545320494368298e+01,4.043835149444245047e+00,8.034202336448872828e+00
-1.087631104074443300e+01,3.925195342991571579e+00,7.515149041983876899e+00
-1.080490477558750051e+01,3.810516600336565141e+00,7.080219513041251744e+00
-1.077638487111679311e+01,3.739168456575358235e+00,6.785053162099780266e+00
-1.086881552509834492e+01,3.737053507547692277e+00,6.632207912351479884e+00
-1.112499860215989678e+01,3.808461931453506644e+00,6.575959777817762308e+00
-1.153448906987390643e+01,3.934509509908973968e+00,6.542659542593298738e+00
-1.203233129447470873e+01,4.078699150814119712e+00,6.459127232919904316e+00
-1.251560529750275030e+01,4.197853821078338044e+00,6.279071582930448869e+00
-1.287296439686426552e+01,4.254948616716344389e+00,5.998469458649295483e+00
-1.311519036088722956e+01,3.810315030989293916e+00,5.717698629533424004e+00
-1.301029250336446275e+01,3.708855635443121912e+00,5.376928452415007165e+00
-1.268533675312142428e+01,3.556478590573350473e+00,5.098639485104600411e+00
-1.222250246395119078e+01,3.384815693400261338e+00,4.920068132438130348e+00
-1.173376266919218658e+01,3.225566991290642171e+00,4.837224425336432709e+00
-1.132760779646771354e+01,3.100688706437662923e+00,4.804198702186437409e+00
-1.107766381337524741e+01,3.016453149112567900e+00,4.748414251827675514e+00
-1.100302539236437127e+01,2.963192884618210954e+00,4.596828989172511370e+00
-1.106619221006275389e+01,2.920567093639947931e+00,4.304095856097649886e+00
-1.118869173544359263e+01,2.866305831358229916e+00,3.872751689433492572e+00
-1.127873169816212595e+01,2.785235341663634845e+00,3.357977235513113889e+00
-1.126145086866501543e+01,2.675350182466300630e+00,2.854555920575672978e+00
-1.110175733962771716e+01,2.548779533418061849e+00,2.469659636869384389e+00
-1.081250928385197341e+01,2.427317986153616047e+00,2.289983586348432798e+00
-1.044593116800071364e+01,2.334125395895197297e+00,2.353871965991410686e+00
-1.007190666749233721e+01,2.284578476818085235e+00,2.637674854651978151e+00
-9.751195625879514495e+00,2.279601029926194844e+00,3.061083785641423471e+00
-9.513203788402515571e+00,2.303985115981341814e+00,3.510077369830945759e+00
-9.346177371517391919e+00,2.330513522355529332e+00,3.870387823895437229e+00
-9.203225698331749527e+00,2.328681202406054140e+00,4.060969871468053327e+00
-9.021943150727661731e+00,2.275177120012390919e+00,4.056953462122490528e+00
-8.750550084902402048e+00,2.162592755758580676e+00,3.894991094467493475e+00
-8.371077189331304069e+00,2.003319265830309170e+00,3.659630994977597140e+00
-7.911016490516253441e+00,1.827130391145024513e+00,3.455463479859092413e+00
-7.438766823684010099e+00,1.673018483482267671e+00,3.374280660735448745e+00
-7.043793413018661909e+00,1.577767505112532387e+00,3.467891038745263721e+00
-6.807795782108703619e+00,1.564866758691492166e+00,3.735110751510346550e+00
-6.776490192954307545e+00,1.637311921489701616e+00,4.126559420052016591e+00
-6.941703101404940845e+00,1.776616224024195834e+00,4.564887859865137898e+00
-7.240265077625773316e+00,1.948363665456339877e+00,4.972979961531510895e+00
-7.570730457769279553e+00,2.112533538578254433e+00,5.300198083226813850e+00
-7.823038281467482591e+00,2.235304398200890219e+00,5.537681226741128171e+00
-7.911851836268267490e+00,2.298605444919660457e+00,5.717698629533424004e+00
-7.802945674804727005e+00,2.304463603958229356e+00,5.897716032325718949e+00
-7.524131217205283662e+00,2.272929176655175354e+00,6.135199175840034158e+00
-7.157143451391457134e+00,2.234470179564319370e+00,6.462417297535336225e+00
-6.813032356286711000e+00,2.219503833677996862e+00,6.870509399201708334e+00
-6.598895506074590855e+00,2.248596843226189801e+00,7.308837839014829640e+00
-6.586509629828043444e+00,2.326538690745787008e+00,7.700286507556501014e+00
-6.792681585565261138e+00,2.442100084475801403e+00,7.967506220321583399e+00
-7.177206692479258798e+00,2.573314360245582133e+00,8.061116598331398819e+00
-7.658517563545776063e+00,2.696237398362147708e+00,7.979933779207756928e+00
-8.141366379014868926e+00,2.793989061044452438e+00,7.775766264089250868e+00
-8.547108945350043285e+00,2.862841751121110168e+00,7.540406164599355421e+00
-8.836579408676783487e+00,2.913203305047400438e+00,7.378443796944358368e+00
-9.018310247012351510e+00,2.965164360622395634e+00,7.374427387598794681e+00
-9.139990142806132312e+00,3.040214618600546537e+00,7.565009435171409002e+00
-9.266800579915402736e+00,3.152110522557721506e+00,7.925319889235904469e+00
-9.454678087659345920e+00,3.300221090858387107e+00,8.374313473425422316e+00
-9.728130425525151281e+00,3.467864062991635965e+00,8.797722404414869857e+00
-1.007047832297648959e+01,3.626442564943265001e+00,9.081525293075436878e+00
-1.042992555002157928e+01,3.744179835464234163e+00,9.145413672718415654e+00
-1.073922811249410358e+01,3.796613317914402597e+00,8.965737622197462287e+00
-1.094188176380018973e+01,3.775314256217000342e+00,8.580841338491175918e+00
-1.101535186338890426e+01,3.691794679192472728e+00,8.077420023553736783e+00
-1.098276834911492017e+01,3.575098776165702485e+00,7.562645569633355436e+00
-1.090841321723506141e+01,3.463645949076995745e+00,7.131301402969199899e+00
-1.087791975005055001e+01,3.393809329931089191e+00,6.838568269894338414e+00
-1.096947733004915371e+01,3.388833467211430417e+00,6.686983007239172494e+00
-1.122564768349009867e+01,3.451637717226347490e+00,6.631198556880409711e+00
-1.163548871574533550e+01,3.563828157753238024e+00,6.598172833730416187e+00
-1.213347509442044903e+01,3.691249909266544726e+00,6.515329126628717660e+00
-1.261624058965581696e+01,3.794309145183193621e+00,6.336757773962249374e+00
-1.297225750771941399e+01,3.839772949156894377e+00,6.058468806651839955e+00
-1.319868757760943367e+01,3.388846984057730438e+00,5.780530482605219511e+00
-1.309156077628096426e+01,3.291555585888782609e+00,5.442618783980644359e+00
-1.276474371961711007e+01,3.150652768398288117e+00,5.166664184762119305e+00
-1.230067145122780303e+01,2.994929851457214909e+00,4.989590740086100595e+00
-1.181131032404393721e+01,2.852317807407536598e+00,4.907441949884416843e+00
-1.140487150880530542e+01,2.741198758774569644e+00,4.874693256021919829e+00
-1.115452271742443990e+01,2.665496084462088522e+00,4.819376741716101087e+00
-1.107888799343774622e+01,2.615033426239358860e+00,4.669063019947955695e+00
-1.114016636479992428e+01,2.570818575165853659e+00,4.378785416791836305e+00
-1.125988829921866952e+01,2.513223495462875601e+00,3.951059489359408872e+00
-1.134660379920511808e+01,2.430068216620650645e+00,3.440603111974228856e+00
-1.132605375836197226e+01,2.321696823461250947e+00,2.941404640168949314e+00
-1.116383559180250629e+01,2.201223835109664240e+00,2.559736977460653318e+00
-1.087337216493067338e+01,2.089849862712780393e+00,2.381568101454254016e+00
-1.050714568348341516e+01,2.008902507913625346e+00,2.444920566948992402e+00
-1.013489836711189618e+01,1.971445290575110310e+00,2.726342835155663114e+00
-9.816879432345565704e+00,1.976501306923893253e+00,3.146200089958041790e+00
-9.581759886419558114e+00,2.008081718673446314e+00,3.591427386513090791e+00
-9.417042548998129092e+00,2.039577034765494457e+00,3.948715452607018506e+00
-9.275302870213701922e+00,2.042213536700694831e+00,4.137698843017481032e+00
-9.093963168077547010e+00,1.994830899199804275e+00,4.133716124471488840e+00
-8.821472721971245434e+00,1.891699167522567837e+00,3.973112343852094774e+00
-8.440407695298253188e+00,1.745659189380815324e+00,3.739726512733889674e+00
-7.978943422596024071e+00,1.585364084909065552e+00,3.537271613596167263e+00
-7.506086027920734871e+00,1.447329610381944187e+00,3.456769779365323814e+00
-7.111652220227721699e+00,1.365226577095781879e+00,3.549594926535385664e+00
-6.877347856133622095e+00,1.359791041678068080e+00,3.814573123307113178e+00
-6.848576654650084805e+00,1.432568149951784831e+00,4.202738207557660921e+00
-7.016661820468788946e+00,1.565489834012531833e+00,4.637389822042227827e+00
-7.317922751283036931e+00,1.726413179828520494e+00,5.042058729501923686e+00
-7.650567840101654582e+00,1.878832523724427661e+00,5.366532051251496682e+00
-7.904459756601849740e+00,1.992654772567991284e+00,5.602023117688744058e+00
-7.994456516389992551e+00,2.052627558266348906e+00,5.780530482605219511e+00
-7.886699644749041838e+00,2.061825841309471219e+00,5.959037847521694076e+00
-7.609378175735875161e+00,2.039255674710005906e+00,6.194528913958942340e+00
-7.244450483394311746e+00,2.012568770223631454e+00,6.519002235708513560e+00
-6.902928104189959946e+00,2.008453412854123155e+00,6.923671143168210307e+00
-6.691598440902696510e+00,2.043957926324078134e+00,7.358322757652776325e+00
-6.681750197654245049e+00,2.121593624481626694e+00,7.746487841903324956e+00
-6.889691266231528388e+00,2.229707416745868365e+00,8.011466038675052914e+00
-7.274889684688555569e+00,2.347779916271379719e+00,8.104291185845115209e+00
-7.755756393606786148e+00,2.454620171377904558e+00,8.023789351614272647e+00
-8.237363373897119700e+00,2.536464609391957836e+00,7.821334452476549792e+00
-8.641648498337278994e+00,2.592068277664262954e+00,7.587948621358344248e+00
-8.930117787160343212e+00,2.632966525840335414e+00,7.427344840738951071e+00
-9.111853739204104130e+00,2.678805871844812447e+00,7.423362122192957990e+00
-9.234791022056111132e+00,2.749399867122971575e+00,7.612345512603418740e+00
-9.363960940913209186e+00,2.856352605495553032e+00,7.969633578697350451e+00
-9.554783790227055817e+00,2.997296436373202422e+00,8.414860875252394123e+00
-9.831030152690878765e+00,3.154933847531645519e+00,8.834718130054776353e+00
-1.017527811473009969e+01,3.301441350098534677e+00,9.116140398261446620e+00
-1.053520151241460034e+01,3.406937595346715142e+00,9.179492863756184562e+00
-1.084339137409232379e+01,3.449271662439985953e+00,9.001323987749785260e+00
-1.104358254184123922e+01,3.421849575728711734e+00,8.619656325041489708e+00
-1.111379899672932581e+01,3.336783057656596441e+00,8.120457853236212387e+00
-1.107786998593105210e+01,3.222138020606204911e+00,7.610001475851030150e+00
-1.100070349630922451e+01,3.113990585748031670e+00,7.182275548418604494e+00
-1.096830551709686041e+01,3.045723735848475222e+00,6.891997945262485104e+00
-1.105889530197341308e+01,3.037940277525385646e+00,6.741684223494338823e+00
-1.131474766169073298e+01,3.092207968382829186e+00,6.686367709188518305e+00
-1.172444472045507879e+01,3.190636996324401231e+00,6.653619015326023067e+00
-1.222197902135218506e+01,3.301416630452344236e+00,6.571470225124338427e+00
-1.270366873754304038e+01,3.388524118446232691e+00,6.394396780448321493e+00
-1.305794115746718020e+01,3.422495356049232385e+00,6.118442181229794663e+00
-1.326843745728556456e+01,2.965847158367831859e+00,5.843362335677015906e+00
-1.315924668192475799e+01,2.872769275024666502e+00,5.508332267997707810e+00
-1.283098841126073353e+01,2.743315006983199744e+00,5.234730944252727447e+00
-1.236625101760441225e+01,2.603448796976403301e+00,5.059167539980283124e+00
-1.187686110520922078e+01,2.477362807475501416e+00,4.977719295207848837e+00
-1.147062657776352346e+01,2.379903400311849548e+00,4.945249874451419281e+00
-1.122017757967497431e+01,2.312679922891020201e+00,4.890405086280139813e+00
-1.114365330031301227e+01,2.265027770509614680e+00,4.741373204335559421e+00
-1.120300214642451131e+01,2.219303218602636907e+00,4.453571019838745038e+00
-1.131985087122039957e+01,2.158498985738743325e+00,4.029492637826021628e+00
-1.140319476182219738e+01,2.073392945861030512e+00,3.523389311546409886e+00
-1.137945502161310962e+01,1.966638724775625846e+00,3.028447886093889707e+00
-1.121494769773796207e+01,1.852303984163826467e+00,2.650034994830750890e+00
-1.092363487011078682e+01,1.750980142474740653e+00,2.473385500806903892e+00
-1.055818971595823186e+01,1.682168042624205828e+00,2.536197711478349603e+00
-1.018813242552811182e+01,1.656641436120368072e+00,2.815220077225140116e+00
-9.873138524860197052e+00,1.671555892868082704e+00,3.231496888784629817e+00
-9.641122556142994071e+00,1.710173847669916425e+00,3.672927392388582124e+00
-9.478871329450957006e+00,1.746514945494486826e+00,4.027168590463966247e+00
-9.338491824930075680e+00,1.753541858118739638e+00,4.214540375274015815e+00
-9.157311629430008537e+00,1.712233913023072152e+00,4.210591620408639102e+00
-8.884066407534607634e+00,1.618518261148255366e+00,4.051357430797914105e+00
-8.501889334472089388e+00,1.485662593071368276e+00,3.819961858779569397e+00
-8.039594029060301850e+00,1.341184202388177926e+00,3.619233447078508803e+00
-7.566701593871584919e+00,1.219120532470929774e+00,3.539418113426409995e+00
-7.173267467615431769e+00,1.150041632695783189e+00,3.631451669723255282e+00
-6.940906546462926485e+00,1.151952025814101610e+00,3.894170195182191208e+00
-6.914661264638457538e+00,1.224968921797525256e+00,4.279025099515317621e+00
-7.085370373500878394e+00,1.351457392947705394e+00,4.709970107961066965e+00
-7.388926454994214410e+00,1.501547556071416878e+00,5.111188094807271654e+00
-7.723318864455942290e+00,1.642233004261829166e+00,5.432894384907235086e+00
-7.978466193251260385e+00,1.747121989029476463e+00,5.666377239296360280e+00
-8.069519178918023172e+00,1.803751240734633887e+00,5.843362335677015906e+00
-7.963020411606053450e+00,1.816222443906288619e+00,6.020347432057671533e+00
-7.687496648520260045e+00,1.802492385930561269e+00,6.253830286446795839e+00
-7.325028399835965764e+00,1.787411022136200511e+00,6.575536576546759271e+00
-6.986457362034515839e+00,1.793968768711070361e+00,6.976754563392963959e+00
-6.778138970595957602e+00,1.835734555797674528e+00,7.407699571838712416e+00
-6.770797329346227578e+00,1.912976916072721467e+00,7.792554476171839717e+00
-6.980230370912409832e+00,2.013639959842742577e+00,8.055273001630775198e+00
-7.365632576720664737e+00,2.118651606126469300e+00,8.147306557927620929e+00
-7.845490627889144974e+00,2.209552901503193834e+00,8.067491224275524786e+00
-8.325303833285325084e+00,2.275660712748378778e+00,7.866762812574462416e+00
-8.727675180058755089e+00,2.318172393619937210e+00,7.635367240556118595e+00
-9.014817032650611850e+00,2.349718093566279808e+00,7.476133050945392711e+00
-9.196341842508997999e+00,2.389484322647579262e+00,7.472184296080015109e+00
-9.320369101932223899e+00,2.455613149270474693e+00,7.659556080890064678e+00
-9.451705114252535012e+00,2.557578770054961037e+00,8.013797278965451909e+00
-9.645196713914751641e+00,2.691308935062763474e+00,8.455227782569400219e+00
-9.923861449772754639e+00,2.838921818874633907e+00,8.871504594128891696e+00
-1.026956799754946559e+01,2.973387385710133390e+00,9.150526959875682209e+00
-1.062953142634477821e+01,3.066723315069340039e+00,9.213339170547127921e+00
-1.093626074704524775e+01,3.099077731420187831e+00,9.036689676523280923e+00
-1.113379278887523860e+01,3.065668376894772784e+00,8.658276785260142105e+00
-1.120072688466026278e+01,2.979182159459925483e+00,8.163335359807623703e+00
-1.116155146715302848e+01,2.866689809553608193e+00,7.657232033528010184e+00
-1.108171276310449826e+01,2.761920727490038807e+00,7.233153651515288551e+00
-1.104748088892825386e+01,2.695278406310159802e+00,6.945351467018473279e+00
-1.113701142674793054e+01,2.684743903181494584e+00,6.796319585073892000e+00
-1.139224682007423795e+01,2.730554279229613357e+00,6.741474796902612532e+00
-1.180131500749134688e+01,2.815336620415742175e+00,6.709005376146183863e+00
-1.229781304271647002e+01,2.909622696377097917e+00,6.627557131373748689e+00
-1.277787214459984355e+01,2.980943524071841821e+00,6.451993727101306142e+00
-1.313000805462913689e+01,3.003575374224439098e+00,6.178392403356323115e+00
-1.332445503329282843e+01,2.541775736603143265e+00,5.906194188748811413e+00
-1.321336512805034857e+01,2.452949656580797999e+00,5.574066060644357279e+00
-1.288407967813274979e+01,2.334901542613882608e+00,5.302834597355805535e+00
-1.241923979705157244e+01,2.210786546037788902e+00,5.128791875672488842e+00
-1.193040208780765354e+01,2.101093315705104381e+00,5.048049113504779584e+00
-1.152485021157457901e+01,2.017175359324380413e+00,5.015860934064146903e+00
-1.127459979494725495e+01,1.958365689955846811e+00,4.961491196572261231e+00
-1.119729195569514779e+01,1.913532463016002216e+00,4.813750188366643812e+00
-1.125467390424786096e+01,1.866378286474561943e+00,4.528440868330340763e+00
-1.136855999469491962e+01,1.802491950784089303e+00,4.108035738238339007e+00
-1.144849112376937939e+01,1.715569487913697344e+00,3.606316141698775013e+00
-1.142164443707444832e+01,1.610531387782118795e+00,3.115661764628819164e+00
-1.125508226857156657e+01,1.502365454469885453e+00,2.740526583191541299e+00
-1.096328012240280181e+01,1.411039915686418844e+00,2.565407179171664165e+00
-1.059903639976991663e+01,1.354236990583394862e+00,2.627675327511051595e+00
-1.023157059948636771e+01,1.340467073720839064e+00,2.904280877205960731e+00
-9.919923591337088453e+00,1.365053546520047734e+00,3.316952011931947553e+00
-9.691233288669987900e+00,1.410542785265781696e+00,3.754558964244432140e+00
-9.531598419905561670e+00,1.451603619804324730e+00,4.105731821144174454e+00
-9.392722322237943899e+00,1.462937463430562302e+00,4.291480642375708143e+00
-9.211913812369266097e+00,1.427649236484175965e+00,4.287566090553941223e+00
-8.938250846226726054e+00,1.343299664243104319e+00,4.129711144303973569e+00
-8.555434084042312648e+00,1.223560236836965354e+00,3.900319857968216564e+00
-8.092870326660873914e+00,1.094799221739674255e+00,3.701330101325036814e+00
-7.620504377705252352e+00,9.885777933800852235e-01,3.622206106444438412e+00
-7.228519499296240269e+00,9.323820496690277126e-01,3.713442493039225578e+00
-6.998344375521215355e+00,9.415103751165639911e-01,3.973885421888707192e+00
-6.974612911811924221e+00,1.014676344830089061e+00,4.355406817426050736e+00
-7.147698564641256525e+00,1.134691675731163363e+00,4.782619097095373917e+00
-7.453150447202106399e+00,1.273956041636080005e+00,5.180361842563284469e+00
-7.788863627271345180e+00,1.402941551377121954e+00,5.499281600035931028e+00
-8.044942235144137754e+00,1.498925755161576889e+00,5.730742089268714423e+00
-8.136925365135876831e+00,1.552201528090702443e+00,5.906194188748811413e+00
-8.031789493692691906e+00,1.567874840444979379e+00,6.081646288228908404e+00
-7.758359483470623985e+00,1.562849873165184311e+00,6.313106777461690911e+00
-7.398738529563250843e+00,1.559193302899374967e+00,6.632026534934337469e+00
-7.063469919184210077e+00,1.576233698005497175e+00,7.029769280402247134e+00
-6.858358359135618976e+00,1.624104052099480278e+00,7.456981560071570314e+00
-6.853489126195691838e+00,1.700868184768862479e+00,7.838502955608914746e+00
-7.064140183195995348e+00,1.794088601604339583e+00,8.098945884458396804e+00
-7.449285538980874755e+00,1.886138378518271708e+00,8.190182271053185303e+00
-7.927583006854501235e+00,1.961265695794825348e+00,8.111058276172586901e+00
-8.405064002777796972e+00,2.011827807932448753e+00,7.912068519529406707e+00
-8.805077049813345269e+00,2.041421153235833064e+00,7.682677233193650146e+00
-9.090573589341499172e+00,2.063736961368937362e+00,7.524822286943682492e+00
-9.271675553025565009e+00,2.097486849542490095e+00,7.520907735121914683e+00
-9.396627016973727820e+00,2.159148492173385225e+00,7.706656556353447485e+00
-9.529936262931387958e+00,2.256091405275053585e+00,8.057829413253193351e+00
-9.725821423236684637e+00,2.382572745194443620e+00,8.495436365565673498e+00
-1.000653259901000425e+01,2.520157584944550777e+00,8.908107500291661651e+00
-1.035326270396729065e+01,2.642627823389410047e+00,9.184713049986571676e+00
-1.071283850379848168e+01,2.723900856761380940e+00,9.246981198325958218e+00
-1.101776845095127655e+01,2.746408052770244357e+00,9.071861794306080640e+00
-1.121245257448009980e+01,2.707153535176686887e+00,8.696726612868804551e+00
-1.127608109611884224e+01,2.619374504082607302e+00,8.206072235798849590e+00
-1.123376130457732458e+01,2.509131430874105284e+00,7.704352639259283819e+00
-1.115139082435862683e+01,2.407807152076710366e+00,7.283947509167283840e+00
-1.111539704802639505e+01,2.342840603373912867e+00,6.998638189130980791e+00
-1.120378027075047456e+01,2.329614636922454629e+00,6.850897180925361596e+00
-1.145810650694412303e+01,2.367058111880817606e+00,6.796527443433475923e+00
-1.186607136542836116e+01,2.438326772322957581e+00,6.764339263992844131e+00
-1.236096194424759531e+01,2.516289749149326127e+00,6.683596501825133984e+00
-1.283884891297599928e+01,2.572009517079782093e+00,6.509553780141819068e+00
-1.318846719060385730e+01,2.583469215466376312e+00,6.238322316853265548e+00
-1.336677140886228443e+01,2.117088608538667316e+00,5.969026041820607809e+00
-1.325394674103975490e+01,2.032545495437404259e+00,5.639817298056588157e+00
-1.292404135483023175e+01,1.925844944930547475e+00,5.370969941441195772e+00
-1.245965046162417700e+01,1.817354247842998038e+00,5.198457043802440225e+00
-1.197193343377279007e+01,1.723898661139707800e+00,5.118424005188773052e+00
-1.156753193106383293e+01,1.653386102542036662e+00,5.086518757722442885e+00
-1.131777257806132297e+01,1.602913592015980937e+00,5.032626926637140841e+00
-1.123978621375850651e+01,1.560903327554913345e+00,4.886184552149350324e+00
-1.129516758384177777e+01,1.512400128841469238e+00,4.603383082218511113e+00
-1.140600784173546067e+01,1.445560792013299345e+00,4.186673285492081398e+00
-1.148249098557753811e+01,1.356956257264560595e+00,3.689363771115043988e+00
-1.145262308466974943e+01,1.253728671962967889e+00,3.203022213658286876e+00
-1.128423874296773377e+01,1.151752270862102634e+00,2.831184445723696985e+00
-1.099230084987611633e+01,1.070359305851932286e+00,2.657604329715105962e+00
-1.062966841820279562e+01,1.025424061828940969e+00,2.719325145137503341e+00
-1.026518362475973944e+01,1.023222839491544356e+00,2.993499350294190453e+00
-9.957193892021308557e+00,1.057284197333995923e+00,3.402543132963775196e+00
-9.732041907000036574e+00,1.109471534729554065e+00,3.836303549027921811e+00
-9.575166711136326114e+00,1.155121541746057856e+00,4.184389619677218342e+00
-9.437932125205223954e+00,1.170674078388208805e+00,4.368505721021242572e+00
-9.257702657108557887e+00,1.141342703767634692e+00,4.364625577851803051e+00
-8.983952824282347649e+00,1.066296217839274751e+00,4.208158166168005643e+00
-8.600960186329984936e+00,9.595867268898199409e-01,3.980783214109573809e+00
-8.138679644379367417e+00,8.464222555171163620e-01,3.783542564302862843e+00
-7.667389628129394730e+00,7.558934131444282611e-01,3.705114064118619766e+00
-7.277292356260087303e+00,7.124234279242982470e-01,3.795548488892760197e+00
-7.049537243146133392e+00,7.286334756600723050e-01,4.053702141575240780e+00
-7.028303982184743504e+00,8.018594067466531250e-01,4.431869989209161531e+00
-7.203520203536815103e+00,9.153721479747980450e-01,4.855327101117095978e+00
-7.510473735730909262e+00,1.043834134076140563e+00,5.249573714085576270e+00
-7.847087741055204901e+00,1.161170466667308832e+00,5.565690187924480448e+00
-8.103778621815770578e+00,1.248291108995928766e+00,5.795116154722948387e+00
-8.196566960105386102e+00,1.298208670558871791e+00,5.969026041820607809e+00
-8.092894631498140257e+00,1.317009919349570124e+00,6.142935928918266342e+00
-7.821845337636858631e+00,1.320544729483934754e+00,6.372361895716734281e+00
-7.465447473568674219e+00,1.328118765003113655e+00,6.688478369555637570e+00
-7.133820379739193029e+00,1.355439516049619098e+00,7.082724982524117863e+00
-6.932102484544109267e+00,1.409251758189218773e+00,7.506182094432053198e+00
-6.929668458608951198e+00,1.485455195593959221e+00,7.884349942065973949e+00
-7.141267262825532924e+00,1.571252067630522831e+00,8.142503594748454532e+00
-7.525704779404046363e+00,1.650456341390585502e+00,8.232938019522595852e+00
-8.001903171197682241e+00,1.709994920239871430e+00,8.154509519338354551e+00
-8.476527837789895159e+00,1.745221655959368290e+00,7.957268869531642252e+00
-8.873750527972042335e+00,1.762086133089122875e+00,7.729893917473210863e+00
-9.157292729836100875e+00,1.775306034172504210e+00,7.573426505789413454e+00
-9.337765033123982761e+00,1.803104207736740738e+00,7.569546362619973046e+00
-9.463476882206759200e+00,1.860303368323896755e+00,7.753662463963996387e+00
-9.598567431516585202e+00,1.952196206483648666e+00,8.101748534613296471e+00
-9.796572919881446850e+00,2.071405103470613795e+00,8.535508950677439088e+00
-1.007896302372952846e+01,2.198973441309712840e+00,8.944552733347025608e+00
-1.042628887673469507e+01,2.309511949827064647e+00,9.218726938503712276e+00
-1.078505856794705231e+01,2.378835577286254832e+00,9.280447753926109655e+00
-1.108785981293602241e+01,2.391640037800076168e+00,9.106867637917517300e+00
-1.127951527931915621e+01,2.346688340197331968e+00,8.735029869982929185e+00
-1.133982041925204953e+01,2.257742761501652318e+00,8.248688312526173405e+00
-1.129446093393034900e+01,2.149840250125137686e+00,7.751378798149134219e+00
-1.120970007536538304e+01,2.052020739939810490e+00,7.334669001422705392e+00
-1.117201757515033300e+01,1.988777672214731673e+00,7.051867531491866181e+00
-1.125916890075935051e+01,1.972922648346836283e+00,6.905425157004074777e+00
-1.151230102443936509e+01,2.002100322899122542e+00,6.851533325918771844e+00
-1.191869928771381382e+01,2.060005831451999114e+00,6.819628078452442566e+00
-1.241142510967057788e+01,2.121837136785767353e+00,6.739595039838775392e+00
-1.288661256389395859e+01,2.162161030396883454e+00,6.567082142200020733e+00
-1.323334351462517944e+01,2.162629147419631082e+00,6.298234785584626572e+00
-1.339543338545835027e+01,1.692236773601197175e+00,6.031857894892403316e+00
-1.328103750403116479e+01,1.612000788775602045e+00,5.705583099154518223e+00
-1.295091193610288371e+01,1.516573573552215226e+00,5.439131742603566799e+00
-1.248750945256617229e+01,1.423559685668562169e+00,5.268156300713169315e+00
-1.200146818252387249e+01,1.346165722410872068e+00,5.188836526191401788e+00
-1.159867341015983655e+01,1.288905415286703882e+00,5.157215622138179967e+00
-1.134969083468366868e+01,1.246682619153160809e+00,5.103804081550722849e+00
-1.127112981878468467e+01,1.207495079693494677e+00,4.958666819164934125e+00
-1.132448059512574901e+01,1.157723799831930744e+00,4.678385710039231427e+00
-1.143219806219027923e+01,1.088062282073906539e+00,4.265389681275333800e+00
-1.150520384350474679e+01,9.979097497835813790e-01,3.772512249264644790e+00
-1.147240317594506642e+01,8.965824361248974084e-01,3.290505026419455525e+00
-1.130242723357251755e+01,8.008066748270447066e-01,2.921981121515356605e+00
-1.101070006613904262e+01,7.292671650800951477e-01,2.749947972433939292e+00
-1.065007792982333612e+01,6.960434104956509938e-01,2.811118724505923705e+00
-1.028895119134045721e+01,7.052095936544090504e-01,3.082849456081566686e+00
-9.984917278259054285e+00,7.485387088662028843e-01,3.488247791230394856e+00
-9.763506618409957483e+00,8.072445911201544533e-01,3.918142482156211859e+00
-9.609527354046800696e+00,8.573490888898498419e-01,4.263126367765616820e+00
-9.474067096036879576e+00,8.770276391555077433e-01,4.445601604210545510e+00
-9.294618884661892011e+00,8.535827051576825308e-01,4.441756041344966377e+00
-9.021106359695657773e+00,7.877638009328618018e-01,4.286683086103654006e+00
-8.638392343588851219e+00,6.939803791340339867e-01,4.061334527038788167e+00
-8.176934873114033664e+00,5.962709589068478921e-01,3.865851709689858584e+00
-7.707257293623989369e+00,5.212648387962112162e-01,3.788122173757529243e+00
-7.319474133253670800e+00,4.903475709463364085e-01,3.877750636031928266e+00
-7.094364815120248302e+00,5.134954294107458850e-01,4.133603592229050605e+00
-7.075610754969247296e+00,5.866939604901729721e-01,4.508401162398809170e+00
-7.252713485138151839e+00,6.936849248720746708e-01,4.928084373457606304e+00
-7.560780424554575774e+00,8.113835029904987728e-01,5.318817413066206257e+00
-7.897882643423589144e+00,9.171376667494516299e-01,5.632116618767442517e+00
-8.154872468727985435e+00,9.954482754770811459e-01,5.859497913681633641e+00
-8.248342463512319256e+00,1.042007976626150523e+00,6.031857894892403316e+00
-8.146230073668240479e+00,1.063859876690105066e+00,6.204217876103172991e+00
-7.877838999848729706e+00,1.075799442983954135e+00,6.431599171017364114e+00
-7.525027476020678563e+00,1.094397232446558732e+00,6.744898376718599486e+00
-7.197368579889760198e+00,1.131784960898154502e+00,7.135631416327199439e+00
-6.999222286798458370e+00,1.191370949409084945e+00,7.555314627385996573e+00
-6.999183419228732994e+00,1.266933759134803994e+00,7.930112197555756026e+00
-7.211463875876294338e+00,1.345336795985978329e+00,8.185965153752878365e+00
-7.594752927033256995e+00,1.411828601355410884e+00,8.275593616027277832e+00
-8.068327985233953115e+00,1.455983000681897677e+00,8.197864080094948491e+00
-8.539587265404119165e+00,1.476103107829965344e+00,8.002381262746018464e+00
-8.933600605518169147e+00,1.480443170164607469e+00,7.777032703681153514e+00
-9.214888727423222292e+00,1.484711886820534676e+00,7.621959748439840254e+00
-9.394529761246193544e+00,1.506630473975249629e+00,7.618114185574261121e+00
-9.520840429711610042e+00,1.559378382677798491e+00,7.800589422019188035e+00
-9.657521670439939143e+00,1.646201841394533849e+00,8.145573307628596993e+00
-9.857376748030503677e+00,1.758125962419878174e+00,8.575467998554408666e+00
-1.014108336388022202e+01,1.875703973339127639e+00,8.980866333703239945e+00
-1.048858510475255912e+01,1.974390751844040892e+00,9.252597065278882482e+00
-1.084614004529698406e+01,2.031893860993579715e+00,9.313767817350868228e+00
-1.114649321992359887e+01,2.035151492849240462e+00,9.141734668269450026e+00
-1.133494751877291051e+01,1.984656001141233972e+00,8.773210763365351994e+00
-1.139191677124549251e+01,1.894669265683382786e+00,8.291203540520164950e+00
-1.134362462388216564e+01,1.789193241456391359e+00,7.798326108509472832e+00
-1.125661541411501076e+01,1.694932023647344410e+00,7.385330079745576093e+00
-1.121731836449073860e+01,1.633456601517196294e+00,7.105048970619874282e+00
-1.130315678637814614e+01,1.615037540849974196e+00,6.959911708234083783e+00
-1.155481749880503273e+01,1.636060700100439691e+00,6.906500167646626664e+00
-1.195919779202521305e+01,1.680770317308722284e+00,6.874879263593405732e+00
-1.244921627779155671e+01,1.726681376328598194e+00,6.795559489071637316e+00
-1.292119173345295202e+01,1.751833202116043431e+00,6.624584047181241608e+00
-1.326467758299267352e+01,1.741502898575590708e+00,6.358132690630288408e+00
-1.341050306707521855e+01,1.267665769953728816e+00,6.094689747964198823e+00
-1.329469837200900173e+01,1.191754213025709941e+00,5.771360568485664366e+00
-1.296474423130100817e+01,1.107511057975669733e+00,5.507314740827643718e+00
-1.250285669247485565e+01,1.029806797423738152e+00,5.337882869106199024e+00
-1.201903202488217026e+01,9.682784881858698123e-01,5.259279195308640631e+00
-1.161828830140104252e+01,9.241009940374820264e-01,5.227943765494714512e+00
-1.137036101831205137e+01,8.900301585228882484e-01,5.175014425507630911e+00
-1.129132787051962872e+01,8.536609502143074346e-01,5.031187465619938237e+00
-1.134262166743170752e+01,8.027026846717626452e-01,4.753436740707218888e+00
-1.144714561980599399e+01,7.303511948981566970e-01,4.344169249462202842e+00
-1.151665041026588199e+01,6.387841806930679711e-01,3.855741526091479354e+00
-1.148100787316960059e+01,5.394421921924816843e-01,3.378085875391255488e+00
-1.130966836356615701e+01,4.498688016364947861e-01,3.012889012662725019e+00
-1.101849074244260862e+01,3.880907785877832916e-01,2.842408982754780489e+00
-1.066026648786085751e+01,3.664083656082792739e-01,2.903027483889047744e+00
-1.030286191272304208e+01,3.867281718583315264e-01,3.172305024254243655e+00
-1.000307020594160612e+01,4.391086425104359092e-01,3.574043414034544508e+00
-9.785594061695206847e+00,5.041477103533302806e-01,4.000057005936037413e+00
-9.634639830974847996e+00,5.585683038309745552e-01,4.341926369198208846e+00
-9.501081287078143589e+00,5.822760692945971872e-01,4.522754215068006900e+00
-9.322611110955712377e+00,5.646399780512880717e-01,4.518943370031237805e+00
-9.049652849739112881e+00,5.079611469870795037e-01,4.365270416948569654e+00
-8.667661912167618610e+00,4.269830715664377774e-01,4.141956309788275448e+00
-8.207554717009388767e+00,3.445674233120614716e-01,3.948238315750029148e+00
-7.740012333430880354e+00,2.848948765254671889e-01,3.871210523831840611e+00
-7.354957340897705365e+00,2.663424455688219172e-01,3.960029818315086825e+00
-7.132710917446552834e+00,2.962770244124082186e-01,4.213572928218158431e+00
-7.116413803828846696e+00,3.693626855637421880e-01,4.584986817419975935e+00
-7.295161373203374211e+00,4.698227072104114166e-01,5.000881118926395530e+00
-7.603960062300341605e+00,5.768118913719465501e-01,5.388086611787372249e+00
-7.941145905916359382e+00,6.710665498266569218e-01,5.698557345150534914e+00
-8.198127545688352669e+00,7.406325068277643808e-01,5.923885836574782182e+00
-8.292157258120525398e+00,7.838396414076763685e-01,6.094689747964198823e+00
-8.191696860731651597e+00,8.086620477203845248e-01,6.265493659353615463e+00
-7.926231711838989114e+00,8.288422428824415711e-01,6.490822150777862731e+00
-7.577356794721705313e+00,8.582450655678249829e-01,6.801292884141024508e+00
-7.253980005405378684e+00,9.054760728302266859e-01,7.188498377002001227e+00
-7.059574215990576107e+00,9.706627167732762018e-01,7.604392678508419934e+00
-7.061887775657019972e+00,1.045507604506947130e+00,7.975806567710238326e+00
-7.274588423197856812e+00,1.116556786649187227e+00,8.229349677613310377e+00
-7.656299412094041301e+00,1.170485080939112521e+00,8.318168972096557923e+00
-8.126741854920059183e+00,1.199478205471613546e+00,8.241141180178368941e+00
-8.594142439204867756e+00,1.204737856009898689e+00,8.047423186140122198e+00
-8.984541045300186823e+00,1.196772088977636095e+00,7.824109078979828880e+00
-9.263285019148316479e+00,1.192244473650858172e+00,7.670436125897159840e+00
-9.441898671750010408e+00,1.208362742286034797e+00,7.666625280860390745e+00
-9.568649134387168687e+00,1.256676953573736544e+00,7.847453126730187911e+00
-9.706732148320957876e+00,1.338419610918573532e+00,8.189322489992362009e+00
-9.908169086119995583e+00,1.443057623859850480e+00,8.615336081893850917e+00
-1.019283553611618309e+01,1.550685656487184705e+00,9.017074471674153102e+00
-1.054010194161890368e+01,1.637616482232164161e+00,9.286352012039349901e+00
-1.089604393884383349e+01,1.683442656137382309e+00,9.346970513173616268e+00
-1.119364005094238124e+01,1.677320137145484669e+00,9.176490483265672182e+00
-1.137872904644622807e+01,1.621439160147763570e+00,8.811293620537142601e+00
-1.143235508861832983e+01,1.530535536837873689e+00,8.333637969836919623e+00
-1.138123936657945379e+01,1.427566527190542889e+00,7.845210246466194803e+00
-1.129212413803243287e+01,1.336910745613113516e+00,7.435942755221179645e+00
-1.125128752207060145e+01,1.277243591955945945e+00,7.158192030308461185e+00
-1.133573568559535794e+01,1.256327917444522768e+00,7.014365070420766735e+00
-1.158565573282923289e+01,1.269317510323745068e+00,6.961435730433682245e+00
-1.198757922014291566e+01,1.301014406770514054e+00,6.930100300619757903e+00
-1.247436327817648660e+01,1.331235635289782060e+00,6.851496626822199509e+00
-1.294262984532699789e+01,1.341456825038328082e+00,6.682064755100755704e+00
-1.328252518420772788e+01,1.320533088510380093e+00,6.418018927442733279e+00
-1.341205744222006047e+01,8.438151311641102215e-01,6.157521601035995218e+00
-1.329500486557514982e+01,7.722385976124879203e-01,5.837146799082408855e+00
-1.296560499919013409e+01,6.990758016466275260e-01,5.575513655179214823e+00
-1.250574527984168682e+01,6.364952165901169856e-01,5.407629944729917426e+00
-1.202466306129650420e+01,5.906176339691396882e-01,5.329744501583921767e+00
-1.162640204729340887e+01,5.593380519940265305e-01,5.298695395106869377e+00
-1.137980097412365055e+01,5.333116186473494391e-01,5.246249689948910166e+00
-1.130039667693855421e+01,4.997523189195485771e-01,5.103736929845038794e+00
-1.134961069227133557e+01,4.476881376651868916e-01,4.828524115369428493e+00
-1.145087661640043031e+01,3.727799478248178255e-01,4.422996251583265703e+00
-1.151686242438687735e+01,2.799311354749183800e-01,3.939031471800916062e+00
-1.147847109802768450e+01,1.826547719176355167e-01,3.465740336302720603e+00
-1.130599309408036746e+01,9.927636916592186278e-02,3.103880411505888670e+00
-1.101569567202731825e+01,4.715557853629159801e-02,2.934958120276602855e+00
-1.066024495305459929e+01,3.683116815621956253e-02,2.995022727890847669e+00
-1.030691328950973329e+01,6.807913961564426852e-02,3.261839780419741874e+00
-1.001163774368238002e+01,1.292860215925307199e-01,3.659907338907951946e+00
-9.798279349207241751e+00,2.004676765489273316e-01,4.082028288075293609e+00
-9.650472021756847596e+00,2.590626625072878220e-01,4.420773865340422049e+00
-9.518937026756599806e+00,2.866990523344872810e-01,4.599949420734661842e+00
-9.341635956548318021e+00,2.747873920528224878e-01,4.596173396789344778e+00
-9.069541215371256015e+00,2.271496523081772412e-01,4.443904609948374329e+00
-8.688707095368755517e+00,1.588400854636849990e-01,4.222631005845251195e+00
-8.230463945528001091e+00,9.153805496178235579e-02,4.030683084303053221e+00
-7.765565031154922693e+00,4.699160497379639700e-02,3.954359123624612948e+00
-7.383639271689451000e+00,4.060211958713366709e-02,4.042366843576212787e+00
-7.164463934891165842e+00,7.716568079423369309e-02,4.293593236915962841e+00
-7.150598401809979521e+00,1.500550248135865683e-01,4.661613380930657691e+00
-7.330751986091191164e+00,2.439846941157097771e-01,5.073707503377747230e+00
-7.639907991219426542e+00,3.403329960630507300e-01,5.457374957366111445e+00
-7.976781541485987503e+00,4.231858440199801064e-01,5.765008805551505411e+00
-8.233454552596008114e+00,4.840839067128848150e-01,5.988278387749348397e+00
-8.327923874905476254e+00,5.239485595034008014e-01,6.157521601035995218e+00
-8.229203105579882660e+00,5.516587219619948357e-01,6.326764814322642039e+00
-7.966921486711874500e+00,5.799069267900907043e-01,6.550034396520484137e+00
-7.622320069663963693e+00,6.198850039367381770e-01,6.857668244705878990e+00
-7.303526207745097309e+00,6.767260489468369666e-01,7.241335698694242318e+00
-7.113020679103951416e+00,7.473358234949168954e-01,7.653429821141331857e+00
-7.117641421137030022e+00,8.213882253618434159e-01,8.021449965156026707e+00
-7.330505865583448966e+00,8.851334256462936034e-01,8.272676358495775872e+00
-7.710220841224161070e+00,9.266623136756619861e-01,8.360684078447377487e+00
-8.177037039419635889e+00,9.407344099701234752e-01,8.284360117768937215e+00
-8.640101986261550238e+00,9.313961718091046116e-01,8.092412196226739241e+00
-9.026494574374190449e+00,9.113564180137896376e-01,7.871138592123616107e+00
-9.302414359208201589e+00,8.981968298232976267e-01,7.718869805282646546e+00
-9.479810284420850053e+00,9.086008129844100889e-01,7.715093781337328593e+00
-9.606844328596835680e+00,9.525049878734779263e-01,7.894269336731567499e+00
-9.746142252061559930e+00,1.029163105159939473e+00,8.233014913996697715e+00
-9.948896824883052048e+00,1.126524368993731429e+00,8.655135863164035825e+00
-1.023417277840247408e+01,1.224256455375628327e+00,9.053203421652249006e+00
-1.058080190693990374e+01,1.299542227159511842e+00,9.320020474181141878e+00
-1.093474378256311752e+01,1.333849015820646411e+00,9.380085081795387580e+00
-1.122928458996118195e+01,1.318523127794146488e+00,9.211162790566101322e+00
-1.141085263815699058e+01,1.257419414605486452e+00,8.849302865769271165e+00
-1.146113319863491853e+01,1.165721813303314480e+00,8.376011730271077482e+00
-1.140730475033786817e+01,1.065334926887095079e+00,7.892046950488724733e+00
-1.131622582392034104e+01,9.783254247766324241e-01,7.486519086702563719e+00
-1.127392524798746010e+01,9.205036334639378204e-01,7.211306272226953418e+00
-1.135690951412337490e+01,8.971609561632764018e-01,7.068793512123080269e+00
-1.160482804122450240e+01,9.022470589180500156e-01,7.016347806965121059e+00
-1.200386901933086392e+01,9.211294664771757512e-01,6.985298700488069557e+00
-1.248690774666852654e+01,9.359092323586917228e-01,6.907413257342073898e+00
-1.295098476185994940e+01,9.314578195191811627e-01,6.739529546892776501e+00
-1.328695694170655628e+01,9.001566844418631419e-01,6.477896402989580693e+00
-1.340018794540337588e+01,4.211178714031504899e-01,6.220353454107790725e+00
-1.328204664516813338e+01,3.538804263849992804e-01,5.902938875330820068e+00
-1.295357456472836510e+01,2.916805109997981371e-01,5.643723189016768060e+00
-1.249624116732116974e+01,2.440198342344979399e-01,5.477390703094548563e+00
-1.201841154547066282e+01,2.135601158499297325e-01,5.400224911720527210e+00
-1.162305167839645392e+01,1.949789381518354514e-01,5.369462695111360873e+00
-1.137803977043184744e+01,1.768800651113720257e-01,5.317501581722091863e+00
-1.129836359512523103e+01,1.461183592256599106e-01,5.176305621731245310e+00
-1.134547855454769660e+01,9.302913153825759229e-02,4.903635739305673091e+00
-1.144342810487414930e+01,1.569825617500664183e-02,4.501854902357521837e+00
-1.150588244904351853e+01,-7.830076594058210659e-02,4.022361896725452191e+00
-1.146483733075555556e+01,-1.734359932117969794e-01,3.553443912236777358e+00
-1.129144254325152552e+01,-2.506356213910860831e-01,3.194927527972907910e+00
-1.100234732733165188e+01,-2.932151326622777221e-01,3.027566057627457674e+00
-1.065003340039110569e+01,-2.923772854732581417e-01,3.087075675765408977e+00
-1.030111166756212882e+01,-2.504374501052920587e-01,3.351427372036583474e+00
-1.001061357577843758e+01,-1.806369041476738047e-01,3.745816835976439663e+00
-9.801546103609473093e+00,-1.035079323062053636e-01,4.164037440268216095e+00
-9.657000264382933352e+00,-4.088316062737185064e-02,4.499653050686134748e+00
-9.527605000218130726e+00,-9.422200038816608281e-03,4.677173046315603600e+00
-9.351658151615929171e+00,-1.570027184390598851e-02,4.673431912360166862e+00
-9.080728042049447168e+00,-5.440682376830729972e-02,4.522570070101396666e+00
-8.701473134319705593e+00,-1.102000648030172503e-01,4.303341006477877428e+00
-8.245593645337521593e+00,-1.625865617214150571e-01,4.113166659769241562e+00
-7.783831309799786879e+00,-1.922317307008004628e-01,4.037547922959699775e+00
-7.405422368503576713e+00,-1.866733232134880627e-01,4.124742462565238910e+00
-7.189517212279493918e+00,-1.436446278380028585e-01,4.373647555391943165e+00
-7.178054928420493752e+00,-7.103290371900000677e-02,4.738267239217101690e+00
-7.359378983395919782e+00,1.637647220890681155e-02,5.146553663415840418e+00
-7.668525695333528347e+00,1.021663270998817430e-01,5.526676078023816885e+00
-8.004700309542110759e+00,1.737294373443388773e-01,5.831467427854919450e+00
-8.260771391528562546e+00,2.260472381534105457e-01,6.052674026984727007e+00
-8.355562253927732996e+00,2.625841223337161967e-01,6.220353454107790725e+00
-8.258664269702929772e+00,2.930969418224738110e-01,6.388032881230853555e+00
-7.999813423609473340e+00,3.292326691281513007e-01,6.609239480360661112e+00
-7.659808688338863192e+00,3.795459872428556536e-01,6.914030830191763677e+00
-7.345885217260464728e+00,4.457550727986904771e-01,7.294153244799740143e+00
-7.159430483761745734e+00,5.216065346749075848e-01,7.702439668998477984e+00
-7.166310821540507803e+00,5.947946989014314401e-01,8.067059352823637397e+00
-7.379088144120329318e+00,6.512952839039310993e-01,8.315964445650342540e+00
-7.756401366516305629e+00,6.806032171622906635e-01,8.403158985255881674e+00
-8.219113955126175597e+00,6.800108430995743802e-01,8.327540248446341664e+00
-8.677383245430446479e+00,6.563526289222365584e-01,8.137365901737704021e+00
-9.059393066823121288e+00,6.244830957943467986e-01,7.918136838114184783e+00
-9.332218962210992785e+00,6.028647647443103885e-01,7.767274995855414588e+00
-9.508212823288996418e+00,6.076468753131165634e-01,7.763533861899977850e+00
-9.635377305397259562e+00,6.471705507440633776e-01,7.941053857529445814e+00
-9.775705674479324259e+00,7.187478550820928236e-01,8.276669467947368020e+00
-9.979517631536195310e+00,8.088520857102381445e-01,8.694890072239140011e+00
-1.026505967914961914e+01,8.967554223401992264e-01,9.089279536178997532e+00
-1.061065947059072023e+01,9.605214759027099758e-01,9.353631232450172917e+00
-1.096222557761462646e+01,9.834796443016989853e-01,9.413140850588124664e+00
-1.125342391979742551e+01,9.591365927706843042e-01,9.245779380242673540e+00
-1.143132395705743320e+01,8.929768492140823799e-01,8.887262995978804980e+00
-1.147826167252622120e+01,8.006065938837552132e-01,8.418345011490131924e+00
-1.142183281517261761e+01,7.028715166490198119e-01,7.938852005858059613e+00
-1.132893219174900246e+01,6.195429329510799832e-01,7.537071168909910135e+00
-1.128524370312447012e+01,5.636000919476991111e-01,7.264401286484337916e+00
-1.136669419919357971e+01,5.379019957033197574e-01,7.123205326493489586e+00
-1.161235906976656906e+01,5.352232616464729364e-01,7.071244213104220577e+00
-1.200810550625560857e+01,5.415036011127289939e-01,7.040481996495055128e+00
-1.248690482203927488e+01,5.411071582270200464e-01,6.963316205121032887e+00
-1.294632841510977528e+01,5.222567305415732886e-01,6.796983719198814278e+00
-1.327805789593282171e+01,4.808044850628523381e-01,6.537768032884761382e+00
-1.337500000000000000e+01,-3.216245299353273102e-15,6.283185307179587120e+00
-1.325592706753654326e+01,-6.290063249506032406e-02,5.968733875848014847e+00
-1.292874641943691749e+01,-1.142682498383412321e-01,5.711938035218645737e+00
-1.247442282510819211e+01,-1.472296173007164588e-01,5.547158306207108147e+00
-1.200033961450910169e+01,-1.625212182823401741e-01,5.470712877516057837e+00
-1.160828559903474755e+01,-1.686172296537211124e-01,5.440237834180128296e+00
-1.136511751851356067e+01,-1.789141319255883322e-01,5.388761791265545220e+00
-1.128526686098707899e+01,-2.068943060669009015e-01,5.248883932194194912e+00
-1.133026695296636888e+01,-2.609280814939976545e-01,4.978759493864667540e+00
-1.142484789188150174e+01,-3.405471993864668256e-01,4.580729385270583265e+00
-1.148376366125357961e+01,-4.355661914170916305e-01,4.105712571249497067e+00
-1.144016140058168141e+01,-5.284895786360814807e-01,3.641172057805765583e+00
-1.126606779768183841e+01,-5.995351727512892026e-01,3.286002517005288226e+00
-1.097848771067793905e+01,-6.327004494710720683e-01,3.120203409407078521e+00
-1.062966102014970815e+01,-6.209076936536193081e-01,3.179157489820072513e+00
-1.028547219091522713e+01,-5.685222961061376923e-01,3.441041394421087585e+00
-1.000000000000000000e+01,-4.903678936625303075e-01,3.831749130391584934e+00
-9.795386489267423613e+00,-4.074909803405947772e-01,4.246065536835880394e+00
-9.654209410069066521e+00,-3.409835305194734434e-01,4.578548088455813847e+00
-9.527064324405627005e+00,-3.058051841163640372e-01,4.754410888868908280e+00
-9.352650635856390338e+00,-3.065465479596769516e-01,4.750704679369575523e+00
-9.083177716451691808e+00,-3.364421669133160764e-01,4.601251171549064267e+00
-8.705912496155569613e+00,-3.798858134413090060e-01,4.384068668112970357e+00
-8.252881471063275853e+00,-4.175718162027403646e-01,4.195669648271175944e+00
-7.794733047033632900e+00,-4.325568442758821464e-01,4.120756831988867219e+00
-7.420214594173393685e+00,-4.152778909510652094e-01,4.207137387944756668e+00
-7.207769457000834379e+00,-3.659534779692614759e-01,4.453718887152042782e+00
-7.198679277292972856e+00,-2.936984201797917526e-01,4.814934751628918264e+00
-7.380941951952667779e+00,-2.127901190544968790e-01,5.219409716128744492e+00
-7.689721146447149991e+00,-1.374629541948443334e-01,5.595983589374429634e+00
-8.024820017420765339e+00,-7.706381072365128815e-02,5.897929632877412232e+00
-8.280003434175558397e+00,-3.322828479740814328e-02,6.117071211012777177e+00
-8.375000000000000000e+00,-3.255279584992871844e-15,6.283185307179587120e+00
-8.280003434175558397e+00,3.322828479740162766e-02,6.449299403346397064e+00
-8.024820017420765339e+00,7.706381072364471008e-02,6.668440981481761121e+00
-7.689721146447149991e+00,1.374629541948376998e-01,6.970387024984743718e+00
-7.380941951952669555e+00,2.127901190544902177e-01,7.346960898230428860e+00
-7.198679277292973744e+00,2.936984201797849803e-01,7.751435862730255089e+00
-7.207769457000834379e+00,3.659534779692549256e-01,8.112651727207129682e+00
-7.420214594173392797e+00,4.152778909510587146e-01,8.359233226414417572e+00
-7.794733047033631124e+00,4.325568442758757071e-01,8.445613782370307021e+00
-8.252881471063272301e+00,4.175718162027341473e-01,8.370700966088000072e+00
-8.705912496155567837e+00,3.798858134413026222e-01,8.182301946246203883e+00
-9.083177716451691808e+00,3.364421669133098036e-01,7.965119442810109973e+00
-9.352650635856388561e+00,3.065465479596706233e-01,7.815665934989599606e+00
-9.527064324405627005e+00,3.058051841163575424e-01,7.811959725490265072e+00
-9.654209410069066521e+00,3.409835305194667820e-01,7.987822525903358617e+00
-9.795386489267423613e+00,4.074909803405886710e-01,8.320305077523295623e+00
-1.000000000000000000e+01,4.903678936625234797e-01,8.734621483967586641e+00
-1.028547219091522358e+01,5.685222961061311420e-01,9.125329219938086212e+00
-1.062966102014970815e+01,6.209076936536128688e-01,9.387213124539101727e+00
-1.097848771067793727e+01,6.327004494710656290e-01,9.446167204952095275e+00
-1.126606779768183841e+01,5.995351727512826523e-01,9.280368097353886014e+00
-1.144016140058167963e+01,5.284895786360752634e-01,8.925198556553409546e+00
-1.148376366125357784e+01,4.355661914170855242e-01,8.460658043109678061e+00
-1.142484789188150174e+01,3.405471993864604419e-01,7.985641229088590975e+00
-1.133026695296636888e+01,2.609280814939915483e-01,7.587611120494508476e+00
-1.128526686098707899e+01,2.068943060668947120e-01,7.317486682164981104e+00
-1.136511751851356067e+01,1.789141319255818929e-01,7.177608823093629020e+00
-1.160828559903474577e+01,1.686172296537145898e-01,7.126132780179045945e+00
-1.200033961450909992e+01,1.625212182823338736e-01,7.095657736843117291e+00
-1.247442282510819211e+01,1.472296173007101028e-01,7.019212308152066093e+00
-1.292874641943691572e+01,1.142682498383350148e-01,6.854432579140529391e+00
-1.325592706753654326e+01,6.290063249505382925e-02,6.597636738511159393e+00
-1.333661254437994614e+01,-4.191199339367782661e-01,6.346017160251382627e+00
-1.321676272630575255e+01,-4.776921675483317697e-01,6.034528876365208738e+00
-1.289122680702264567e+01,-5.183704780945764812e-01,5.780152881420522526e+00
-1.244038089082765453e+01,-5.368689585137317311e-01,5.616925909319666843e+00
-1.197052100671653463e+01,-5.372579996050519391e-01,5.541200843311588464e+00
-1.158216336154783477e+01,-5.310949173354715391e-01,5.511012973248894831e+00
-1.134108518158286216e+01,-5.337236380374935640e-01,5.460022000808996800e+00
-1.126115540853966657e+01,-5.589419374903606963e-01,5.321462242657143626e+00
-1.130402821041181483e+01,-6.138402966237138658e-01,5.053883248423661101e+00
-1.139519433099038537e+01,-6.956130924251773262e-01,4.659603868183643804e+00
-1.145056963229651181e+01,-7.915234050536374966e-01,4.189063245773540167e+00
-1.140450826833130193e+01,-8.821690597864275674e-01,3.728900203374752031e+00
-1.122992971707848398e+01,-9.470935666008275522e-01,3.377077506037666321e+00
-1.094416819904578020e+01,-9.709821207282555156e-01,3.212840761186698035e+00
-1.059916601366611921e+01,-9.484525932461683739e-01,3.271239303874734272e+00
-1.026001874966143923e+01,-8.858770849915948986e-01,3.530655416805591251e+00
-9.979807920243471742e+00,-7.996149492691708716e-01,3.917681424806729318e+00
-9.779801238181981660e+00,-7.111930113815417842e-01,4.328093633403542917e+00
-9.642092872566452755e+00,-6.409520924566529665e-01,4.657443126225492058e+00
-9.517302617324244096e+00,-6.021663445546633353e-01,4.831648731422212961e+00
-9.344594652955008129e+00,-5.974735184715928016e-01,4.827977446378982407e+00
-9.076862558602186937e+00,-6.186882240632678442e-01,4.679932272996730980e+00
-8.701985058798133110e+00,-6.499627364706991317e-01,4.464796329748060622e+00
-8.252271893937766833e+00,-6.731792395132023543e-01,4.278172636773108550e+00
-7.798198389456771906e+00,-6.737605536447875965e-01,4.203965741018031999e+00
-7.427929800709101471e+00,-6.449998147081194011e-01,4.289532313324271762e+00
-7.219125141151064184e+00,-5.895541249455218402e-01,4.533790218912141512e+00
-7.212373262848807087e+00,-5.177324217221244140e-01,4.891602264040732173e+00
-7.395346789722562875e+00,-4.432971459981266960e-01,5.292265768841646789e+00
-7.703409146702416166e+00,-3.783242184252231244e-01,5.665291100725040607e+00
-8.037065817138561385e+00,-3.289502760670801607e-01,5.964391837899904125e+00
-8.291083783618885761e+00,-2.934892215408699823e-01,6.181468395040825570e+00
-8.386172632198272581e+00,-2.635460922249355242e-01,6.346017160251382627e+00
-8.293151564386656460e+00,-2.276913706311049224e-01,6.510565925461939685e+00
-8.041861462375054614e+00,-1.763503703106157894e-01,6.727642482602860241e+00
-7.711963402653276844e+00,-1.061233804682062964e-01,7.026743219777722871e+00
-7.408588620242414713e+00,-2.193526668402479007e-02,7.399768551661117577e+00
-7.230649979461635013e+00,6.384213083896650431e-02,7.800432056462031305e+00
-7.241898256533257694e+00,1.350981563907631133e-01,8.158244101590623742e+00
-7.453772351458400003e+00,1.773234836961867233e-01,8.402502007178492605e+00
-7.825116201465871058e+00,1.827781128314778791e-01,8.488068579484732368e+00
-8.278257194592665513e+00,1.536864345396857789e-01,8.413861683729656704e+00
-8.725625176961688823e+00,1.022780207018773035e-01,8.227237990754703745e+00
-9.097799198770410101e+00,4.752646842815311246e-02,8.012102047506035163e+00
-9.363670902606841651e+00,9.542587912840239106e-03,7.864056874123782848e+00
-9.536332732247593924e+00,3.381730966015517037e-03,7.860385589080552293e+00
-9.663312119687805790e+00,3.425529909542784912e-02,8.034591194277272308e+00
-9.805159213091785730e+00,9.571083379129929902e-02,8.363940687099225002e+00
-1.001032328707116115e+01,1.713997677066017022e-01,8.774352895696033272e+00
-1.029539762874306419e+01,2.398971012519949264e-01,9.161378903697173115e+00
-1.063780481176617165e+01,2.810538981312443729e-01,9.420795016628030538e+00
-1.098354085487658871e+01,2.818761022784895820e-01,9.479193559316067663e+00
-1.126723851310500102e+01,2.400915725770524922e-01,9.314956814465098489e+00
-1.143739592995253673e+01,1.643333015144190501e-01,8.963134117128014111e+00
-1.147767471458393196e+01,7.097429830160961739e-02,8.502971074729227752e+00
-1.141638642542748983e+01,-2.126971329540161548e-02,8.032430452319122338e+00
-1.132026564403122393e+01,-9.715678108896869114e-02,7.638151072079105930e+00
-1.127403034534892079e+01,-1.492548053476800418e-01,7.370572077845623404e+00
-1.135221892511894382e+01,-1.794421742223920591e-01,7.232012319693768454e+00
-1.159265633362624648e+01,-1.972031319117643622e-01,7.181021347253870424e+00
-1.198063462683168190e+01,-2.154373893805436035e-01,7.150833477191177678e+00
-1.244954292169854959e+01,-2.453284090174580045e-01,7.075108411183098411e+00
-1.289833766726786024e+01,-2.920992362166340839e-01,6.911881439082243617e+00
-1.322067700352309672e+01,-3.531378469063309322e-01,6.657505444137556516e+00
-1.328515754323620257e+01,-8.358312662450211317e-01,6.408849013323178134e+00
-1.316468297850180669e+01,-8.900894353149710891e-01,6.100320952613619063e+00
-1.284113429593265288e+01,-9.202331246579672497e-01,5.848362415258075764e+00
-1.239421780735801981e+01,-9.245199342397981690e-01,5.686686667684298868e+00
-1.192904076820157400e+01,-9.102866909342712809e-01,5.611681253448193907e+00
-1.154475543000372895e+01,-8.921025124339019285e-01,5.581780273253386326e+00
-1.130600437369698774e+01,-8.872044823456077811e-01,5.531273892582179386e+00
-1.122608867950319400e+01,-9.096839998214714118e-01,5.394030934543351030e+00
-1.126682507506204267e+01,-9.653676710455365573e-01,5.128994872359905699e+00
-1.135453610716493600e+01,-1.049159757020308614e+00,4.738462518957900826e+00
-1.140637410023687437e+01,-1.145834561648526151e+00,4.272393670698077628e+00
-1.135795280205409163e+01,-1.234141391427155732e+00,3.816603779308810118e+00
-1.118309873283553557e+01,-1.292985626420960266e+00,3.468124622504688226e+00
-1.089944938353522197e+01,-1.307744797500066891e+00,3.305448698537555074e+00
-1.055859548421465455e+01,-1.274706596897992261e+00,3.363292251749296913e+00
-1.022478392300270045e+01,-1.202204724010782044e+00,3.620243008422433295e+00
-9.950056834075247991e+00,-1.108086550869081810e+00,4.003590921875217923e+00
-9.754799670368369036e+00,-1.014325488089794725e+00,4.410102785596466290e+00
-9.620652671523979294e+00,-9.405020159571015892e-01,4.736322311571205645e+00
-9.498316061232801033e+00,-8.982213189329332215e-01,4.908872357003154718e+00
-9.327479839251880733e+00,-8.882020517222180001e-01,4.905235961949806267e+00
-9.061762948887421842e+00,-9.008750278719999116e-01,4.758597733149754205e+00
-8.689658291604759555e+00,-9.201737565418697251e-01,4.545506330380687743e+00
-8.243716447363189204e+00,-9.291666876110260542e-01,4.360656212239297780e+00
-7.794162064625169251e+00,-9.156149458592593993e-01,4.287154540353119714e+00
-7.428488096690015752e+00,-8.756217029169458543e-01,4.371907932313298772e+00
-7.223494901723997330e+00,-8.142336570925643446e-01,4.613844537388123612e+00
-7.219045024362195306e+00,-7.429195468705074301e-01,4.968256122327177948e+00
-7.402506086055234746e+00,-6.749207633344216362e-01,5.365111928879739978e+00
-7.709511666344873504e+00,-6.201815726155111008e-01,5.734592221382746935e+00
-8.041370496287935765e+00,-5.816817950495487555e-01,6.030850460203318164e+00
-8.293953529459296092e+00,-5.544781454460401271e-01,6.245864034276205068e+00
-8.389023826268074302e+00,-5.277926426125950643e-01,6.408849013323178134e+00
-8.298047767505160266e+00,-4.894020952246027623e-01,6.571833992370151201e+00
-8.050865948362810443e+00,-4.307559062327075972e-01,6.786847566443037216e+00
-7.726449226029124873e+00,-3.509667706685484223e-01,7.083105805263608445e+00
-7.428725116213685808e+00,-2.581812127182742111e-01,7.452586097766614515e+00
-7.255233207208275914e+00,-1.677248518054935689e-01,7.849441904319176544e+00
-7.268586023990856404e+00,-9.753079216174886934e-02,8.203853489258232656e+00
-7.479656748671432709e+00,-6.231926939818221989e-02,8.445790094333057496e+00
-7.847459750606579298e+00,-6.847248595347388278e-02,8.530543486293236555e+00
-8.295167746375499362e+00,-1.113717081846895551e-01,8.457041814407059377e+00
-8.736466092848734988e+00,-1.761850606267329478e-01,8.272191696265668526e+00
-9.103217821698576628e+00,-2.419686929783634866e-01,8.059100293496602063e+00
-9.365251109936986396e+00,-2.878448960079992847e-01,7.912462064696550001e+00
-9.535995984438747186e+00,-2.993160898226288613e-01,7.908825669643201550e+00
-9.662667110492996869e+00,-2.727016316742180146e-01,8.081375715075148847e+00
-9.805008854659066131e+00,-2.162733568074072799e-01,8.407595241049891754e+00
-1.001047773449018230e+01,-1.477238397171855566e-01,8.814107104771135681e+00
-1.029483465324145008e+01,-8.878025088542862431e-02,9.197455018223923418e+00
-1.063510090475699243e+01,-5.868775928903691153e-02,9.454405774897059800e+00
-1.097740785378589479e+01,-6.863039614159049950e-02,9.512249328108801194e+00
-1.125697072860894998e+01,-1.188238768946069390e-01,9.349573404141668931e+00
-1.142307088301694584e+01,-1.991191334166023119e-01,9.001094247337547927e+00
-1.146004258427884892e+01,-2.927984353410852392e-01,8.545304355948280417e+00
-1.139649678339728922e+01,-3.822139069662552346e-01,8.079235507688455442e+00
-1.129897544589822722e+01,-4.543521600429146767e-01,7.688703154286452346e+00
-1.125158125441448753e+01,-5.044911247083265771e-01,7.423667092103007015e+00
-1.132804935887568831e+01,-5.368094768404312322e-01,7.286424134064176883e+00
-1.156553167774102597e+01,-5.618735110861712290e-01,7.235917753392969054e+00
-1.194906589315787571e+01,-5.919964443123161280e-01,7.206016773198163250e+00
-1.241235877082651484e+01,-6.361775768788635599e-01,7.131011358962057400e+00
-1.285521390969468669e+01,-6.964440723329969885e-01,6.969335611388281393e+00
-1.317243330820556224e+01,-7.669014722839031517e-01,6.717377074032736317e+00
-1.322077948605717346e+01,-1.249731611316528213e+00,6.471680866394974529e+00
-1.309982945891437289e+01,-1.299695741610937816e+00,6.166107183210364440e+00
-1.277859934053602053e+01,-1.319470459275273733e+00,5.916561329609647757e+00
-1.233604745002254610e+01,-1.309810562191350503e+00,5.756433743308017270e+00
-1.187599494944474365e+01,-1.281248920696789195e+00,5.682146559723474155e+00
-1.149614293430981249e+01,-1.251292647005743497e+00,5.652531902865540303e+00
-1.125994714938840247e+01,-1.239016372573679137e+00,5.602509157023458641e+00
-1.118013642395973939e+01,-1.258783470943996008e+00,5.466580398768451587e+00
-1.121873051301900048e+01,-1.315174026035770938e+00,5.204082247022114416e+00
-1.130295201340715039e+01,-1.400851480583092057e+00,4.817289521078962800e+00
-1.135126073542615188e+01,-1.498165987063925675e+00,4.355683616407514336e+00
-1.130057954652891006e+01,-1.584077673211243154e+00,3.904258240220274345e+00
-1.112565464131538029e+01,-1.636889968064085821e+00,3.559116021347850545e+00
-1.084440090411158941e+01,-1.642676271303834756e+00,3.397997836059375665e+00
-1.050800532339868454e+01,-1.599366623937455767e+00,3.455287495751095950e+00
-1.017980891765859930e+01,-1.517209570720004397e+00,3.709777764587930626e+00
-9.910774815185339648e+00,-1.415491889696317784e+00,4.089454846748624917e+00
-9.720399708577406983e+00,-1.316600032589100078e+00,4.492074067735721599e+00
-9.589899469715479796e+00,-1.239346241519440506e+00,4.815169807713418848e+00
-9.470109459497855653e+00,-1.193685186376959306e+00,4.986067562669809661e+00
-9.301304306246354514e+00,-1.178452046202746129e+00,4.982465988707912352e+00
-9.037867449444068058e+00,-1.182731029292604763e+00,4.837231926149557992e+00
-8.668907431152231169e+00,-1.190259359322591193e+00,4.626181026437662602e+00
-8.227173968391785053e+00,-1.185288540450505801e+00,4.443100980792319632e+00
-7.782565689570304812e+00,-1.157887562089335187e+00,4.370303140145892051e+00
-7.421816211353815085e+00,-1.106920719131908593e+00,4.454244957574424291e+00
-7.220795937249169683e+00,-1.039773175227972413e+00,4.693864846085926246e+00
-7.218609425813104608e+00,-9.690383654307179739e-01,5.044882685837858816e+00
-7.402339496819074327e+00,-9.074314207180652625e-01,5.437938313331091678e+00
-7.707958175365728692e+00,-8.627940858726053097e-01,5.803880566961485243e+00
-8.037674761929892497e+00,-8.350059077734706126e-01,6.097301920604289549e+00
-8.288561995290985251e+00,-8.159339001897459864e-01,6.310256585450770395e+00
-8.383505648981065761e+00,-7.924746066774426279e-01,6.471680866394974529e+00
-8.294639541681288364e+00,-7.516401751091857930e-01,6.633105147339177776e+00
-8.051769948832919965e+00,-6.858944056139155698e-01,6.846059812185659510e+00
-7.733100534839318030e+00,-5.968157051150468906e-01,7.139481165828462927e+00
-7.441259405801336158e+00,-4.957017904418205001e-01,7.505423419458856493e+00
-7.272327689764562564e+00,-4.007584918602076218e-01,7.898479046952088467e+00
-7.287729853718561301e+00,-3.316863014008920585e-01,8.249496886704022813e+00
-7.497771701157462942e+00,-3.033955683264215608e-01,8.489116775215524768e+00
-7.861681548350192728e+00,-3.209291997437695443e-01,8.573058592644056120e+00
-8.303549023551209274e+00,-3.773248518033637255e-01,8.500260751997629427e+00
-8.738389610815852748e+00,-4.552146767481893841e-01,8.317180706352285569e+00
-9.099403664434893457e+00,-5.317458726130198654e-01,8.106129806640391067e+00
-9.357372528767349706e+00,-5.853122076862151690e-01,7.960895744082037595e+00
-9.526042084494715567e+00,-6.019798198296335556e-01,7.957294170120139398e+00
-9.652266312834116846e+00,-5.795739570971703003e-01,8.128191925076528435e+00
-9.794930950612600995e+00,-5.281418493706843131e-01,8.451287665054229237e+00
-1.000046447687626205e+01,-4.666743766739734900e-01,8.853906886041322366e+00
-1.028379323853380889e+01,-4.171703592205480149e-01,9.233583968202017545e+00
-1.062157108026165098e+01,-3.979664072374938799e-01,9.488074237038853553e+00
-1.096012358905516670e+01,-4.184581389307563404e-01,9.545363896730574282e+00
-1.123531130422259139e+01,-4.768436458414057055e-01,9.384245711442098070e+00
-1.139724177121295057e+01,-5.614981484497716391e-01,9.039103492569676490e+00
-1.143092701222992602e+01,-6.553848102412187515e-01,8.587678116382436500e+00
-1.136523905033902437e+01,-7.419234574304194307e-01,8.126072211710987148e+00
-1.126645499020706787e+01,-8.103017932480258700e-01,7.739279485767836420e+00
-1.121797797222735227e+01,-8.584617054330273556e-01,7.476781334021499248e+00
-1.129267104540916122e+01,-8.928337127949527163e-01,7.340852575766491306e+00
-1.152698349805461042e+01,-9.250335616120699544e-01,7.290829829924407868e+00
-1.190572053562957144e+01,-9.667850658300355393e-01,7.261215173066474904e+00
-1.236297615954297946e+01,-1.024934571866763067e+00,7.186927989481932677e+00
-1.279949932359459019e+01,-1.098371733134685835e+00,7.026800403180303078e+00
-1.311133416083621128e+01,-1.177988708049386046e+00,6.777254549579584619e+00
-1.314363487470393466e+01,-1.660427224243944622e+00,6.534512719466770037e+00
-1.302235558419067729e+01,-1.706122792398943488e+00,6.231884652541510583e+00
-1.270376383263566566e+01,-1.715704408362039857e+00,5.984744327833724675e+00
-1.226599474458841676e+01,-1.692375458295634516e+00,5.826160311701046979e+00
-1.181149029299650266e+01,-1.649791798070654902e+00,5.752589228840713886e+00
-1.143641741565968140e+01,-1.608322505298249716e+00,5.723260046222074848e+00
-1.120299578482072889e+01,-1.588822997129860193e+00,5.673719500980365815e+00
-1.112337849282318913e+01,-1.605907138464449435e+00,5.539101045223455699e+00
-1.115982749323330125e+01,-1.662927136348708146e+00,5.279133277690101878e+00
-1.124053072039180456e+01,-1.750356783088842683e+00,4.896069089265832730e+00
-1.128532289985262160e+01,-1.848188444423846111e+00,4.438912893234348900e+00
-1.123248248749112221e+01,-1.931653401436344453e+00,3.991839089192074752e+00
-1.105768639257504660e+01,-1.978489238110381354e+00,3.650023912495218958e+00
-1.077910128021123803e+01,-1.975467702753954669e+00,3.490458846380217750e+00
-1.044746009342626891e+01,-1.922132124917603990e+00,3.547196255134220433e+00
-1.012514350180746270e+01,-1.830597659491056683e+00,3.799233332760608484e+00
-9.861998490761370917e+00,-1.721541101576620214e+00,4.175250469552774568e+00
-9.676627887250154103e+00,-1.617728668527332658e+00,4.573988591515547597e+00
-9.549852603940223617e+00,-1.537197730132940698e+00,4.893969809146010874e+00
-9.432696286844757694e+00,-1.488272720130554339e+00,5.063220173527271051e+00
-9.266074716571903735e+00,-1.467942680093710095e+00,5.059653317394183780e+00
-9.005172919396160935e+00,-1.463983338193231676e+00,4.915819256994474529e+00
-8.639715651414997311e+00,-1.459957821384010535e+00,4.706802809187150771e+00
-8.202610834121486505e+00,-1.441295916719328440e+00,4.525487586852490196e+00
-7.763358074547531018e+00,-1.400341602475712488e+00,4.453391490220203863e+00
-7.407847853897716384e+00,-1.338668783158440956e+00,4.536524139857583293e+00
-7.210952399267283930e+00,-1.265947997510008527e+00,4.773834182075034960e+00
-7.210988449914299991e+00,-1.195861593848273507e+00,5.121468340859026469e+00
-7.394774112889015427e+00,-1.140594093095993689e+00,5.510735058799880903e+00
-7.698685967688316367e+00,-1.105916036023137705e+00,5.873149765682652124e+00
-8.025927516345397805e+00,-1.088666119242338581e+00,6.163742646987381946e+00
-8.274866977532722601e+00,-1.077591871661363943e+00,6.374644508343918936e+00
-8.369578783505186692e+00,-1.057323685575942029e+00,6.534512719466770037e+00
-8.282883015990794462e+00,-1.014138393486508694e+00,6.694380930589620249e+00
-8.044518499125667077e+00,-9.415033372438510462e-01,6.905282791946158127e+00
-7.731847725332583465e+00,-8.434136945079158121e-01,7.195875673250887061e+00
-7.446107902407156587e+00,-7.342453074883890096e-01,7.558290380133658282e+00
-7.281840672518953284e+00,-6.350085011143664637e-01,7.947557098074512716e+00
-7.299235534287731753e+00,-5.671150252722068075e-01,8.295191256858505113e+00
-7.508030080122983563e+00,-5.456448052244062819e-01,8.532501299075956780e+00
-7.867708699930668459e+00,-5.743213475937249957e-01,8.615633948713336210e+00
-8.303346450121441791e+00,-6.438914076570871892e-01,8.543537852081049877e+00
-8.731359842765485269e+00,-7.345193487362274842e-01,8.362222629746389302e+00
-9.086336703965178785e+00,-8.215058276777884583e-01,8.153206181939065544e+00
-9.340026439708278616e+00,-8.825545142845780955e-01,8.009372121539357181e+00
-9.506469162318195387e+00,-9.043002793502077363e-01,8.005805265406268134e+00
-9.632111953493742718e+00,-8.860479297829684242e-01,8.175055629787527423e+00
-9.774931588137636851e+00,-8.395747498059122904e-01,8.495036847417994252e+00
-9.980295535528187045e+00,-7.851235697094656185e-01,8.893774969380764617e+00
-1.026229462524476865e+01,-7.449347272079409610e-01,9.269792106172932478e+00
-1.059724874431774211e+01,-7.364328621339191194e-01,9.521829183799319196e+00
-1.093173483220837205e+01,-7.672487288733378374e-01,9.578566592553322323e+00
-1.120231910627193983e+01,-8.336034207659133166e-01,9.419001526438320226e+00
-1.135997606150095329e+01,-9.224378446272925025e-01,9.077186349741465321e+00
-1.139039950439973836e+01,-1.016421472721849240e+00,8.630112545699192950e+00
-1.132268480880518524e+01,-1.100040210460194068e+00,8.172956349667707343e+00
-1.122277415294805358e+01,-1.164653017620224773e+00,7.789892161243439972e+00
-1.117328996807087194e+01,-1.210817129619244925e+00,7.529924393710086150e+00
-1.124615728325354347e+01,-1.247164556601509933e+00,7.395305937953174258e+00
-1.147709487481349910e+01,-1.286327260374493520e+00,7.345765392711464337e+00
-1.185069714173838662e+01,-1.339437633234721758e+00,7.316436210092827075e+00
-1.230151262586473493e+01,-1.411222477783902196e+00,7.242865127232493982e+00
-1.273133006696962433e+01,-1.497495194693504228e+00,7.084281111099817174e+00
-1.303752982180756703e+01,-1.586006333317631078e+00,6.837140786392029490e+00
-1.305389170205764771e+01,-2.067533331287516152e+00,6.597344572538566432e+00
-1.293242604855538680e+01,-2.108991014088022364e+00,6.297650453639440649e+00
-1.261678064501490582e+01,-2.108564865265029287e+00,6.052906128996095703e+00
-1.218419527751483500e+01,-2.071856138673526360e+00,5.895859568611776069e+00
-1.173564391347199809e+01,-2.015568209135211397e+00,5.823001749843342623e+00
-1.136568056425586981e+01,-1.962854116044173480e+00,5.793956910637812818e+00
-1.113524255126759499e+01,-1.936292314050417795e+00,5.744896655893948711e+00
-1.105590462287402964e+01,-1.950725883930382487e+00,5.611583312239038612e+00
-1.109020876550020418e+01,-2.008299006811745890e+00,5.354135905510823079e+00
-1.116737053992430617e+01,-2.097348682652524499e+00,4.974785485049085132e+00
-1.120866340120064564e+01,-2.195577386131820408e+00,4.522061371383950146e+00
-1.115376481141643339e+01,-2.276548707040241482e+00,4.079321901953242957e+00
-1.097929187526906425e+01,-2.317470340080860502e+00,3.740820588286878134e+00
-1.070363773777271632e+01,-2.305813840718805796e+00,3.582802489099051080e+00
-1.037703290563413994e+01,-2.242705299880152658e+00,3.638989834502641241e+00
-1.006084593472584565e+01,-2.142076924899086965e+00,3.888583438547984272e+00
-9.803773013785301416e+00,-2.025945499679350448e+00,4.260955127819394228e+00
-9.623519355591961144e+00,-1.917424064498228775e+00,4.655827524643838089e+00
-9.500540109402717093e+00,-1.833769715435230152e+00,4.972706557234409352e+00
-9.386098732739135642e+00,-1.781698643938340876e+00,5.140316056716573989e+00
-9.221806353074011753e+00,-1.756392666223148158e+00,5.136783780887347994e+00
-8.963684623417647046e+00,-1.744357971877491531e+00,4.994344176930122892e+00
-8.602074227594711076e+00,-1.729005449473897338e+00,4.787354122116365573e+00
-8.170001192000901469e+00,-1.696936904141716163e+00,4.607796732239487270e+00
-7.736495520741836884e+00,-1.642736150769462888e+00,4.536399599859112897e+00
-7.386524066504422947e+00,-1.570632795414533156e+00,4.618726286996750474e+00
-7.193895777034525096e+00,-1.492527889465466773e+00,4.853735632728845673e+00
-7.196111584700123132e+00,-1.423156335815395135e+00,5.197999514048674108e+00
-7.379744820486870083e+00,-1.374168534611749370e+00,5.583492331140391229e+00
-7.681640476574139065e+00,-1.349297176946917753e+00,5.942393464663282110e+00
-8.006086123516030995e+00,-1.342402178121922640e+00,6.230169077830344015e+00
-8.252834974634685850e+00,-1.339184275108224353e+00,6.439026267302605078e+00
-8.347212744863170997e+00,-1.322068618864991052e+00,6.597344572538566432e+00
-8.262743180143003130e+00,-1.276626327572380148e+00,6.755662877774527786e+00
-8.029065464115747730e+00,-1.197316331604238115e+00,6.964520067246787960e+00
-7.722629989221182711e+00,-1.090499579385859397e+00,7.252295680413849865e+00
-7.443195830449796269e+00,-9.735546243506727482e-01,7.611196813936740746e+00
-7.283688308035434211e+00,-8.702186662068069900e-01,7.996689631028456979e+00
-7.303017938720275382e+00,-8.035576758374510797e-01,8.340953512348287191e+00
-7.510354071925728903e+00,-7.888009111235472215e-01,8.575962858080380613e+00
-7.865477866151641351e+00,-8.283736720719718782e-01,8.658289545218019967e+00
-8.294515213553427913e+00,-9.107863119661546714e-01,8.586892412837647370e+00
-8.715350815062878453e+00,-1.013805223769537189e+00,8.407335022960767290e+00
-9.064006928699583909e+00,-1.110947864947970931e+00,8.200344968147010860e+00
-9.313214206761561087e+00,-1.179266191550186749e+00,8.057905364189785757e+00
-9.477285522192982370e+00,-1.205967913905757971e+00,8.054373088360557986e+00
-9.602216585210522126e+00,-1.191809712296882262e+00,8.221982587842722623e+00
-9.745027414181709702e+00,-1.150252375531984672e+00,8.538861620433296551e+00
-9.949993798117450439e+00,-1.102743801125273260e+00,8.933734017257735971e+00
-1.023037125871486630e+01,-1.071736153787635093e+00,9.306105706529148591e+00
-1.056217881575030937e+01,-1.073740029448301492e+00,9.555699310574491179e+00
-1.089230008121853643e+01,-1.114646684025619283e+00,9.611886655978082672e+00
-1.115806480132595624e+01,-1.188742507406287841e+00,9.453868556790254729e+00
-1.131135294411893000e+01,-1.281576395495039433e+00,9.115367243123889907e+00
-1.133854309145092998e+01,-1.375549295088559720e+00,8.672627773693184494e+00
-1.126891690794707657e+01,-1.456210147739012806e+00,8.219903660028048620e+00
-1.116801383639375800e+01,-1.517057122608182373e+00,7.840553239566311561e+00
-1.111759758462363656e+01,-1.561211853239014236e+00,7.583105832838095139e+00
-1.118859222002928711e+01,-1.599455762098870748e+00,7.449792489183184152e+00
-1.141595984210118431e+01,-1.645403249391540257e+00,7.400732234439320045e+00
-1.178410544677175587e+01,-1.709594129860376732e+00,7.371687395233791129e+00
-1.222809707124329570e+01,-1.794671122023501209e+00,7.298829576465356794e+00
-1.265085382421681004e+01,-1.893435278469210337e+00,7.141783016081038937e+00
-1.295118212932103674e+01,-1.990569780744539052e+00,6.897038691437691327e+00
-1.295172892369959250e+01,-2.470674428564994862e+00,6.660176425610361939e+00
-1.283021631304670684e+01,-2.507929843193932751e+00,6.363401691051671527e+00
-1.251781316871789684e+01,-2.497689972917921608e+00,6.121041473081485940e+00
-1.209079489988633860e+01,-2.447901298192870723e+00,5.965524736741726564e+00
-1.164858297100543538e+01,-2.378237093944039593e+00,5.893376641527336091e+00
-1.128404395024578299e+01,-2.314554629270594965e+00,5.864614734296108800e+00
-1.105678948171144782e+01,-2.281096826689572588e+00,5.816032385958827433e+00
-1.097781421510852162e+01,-2.292914954546780848e+00,5.684017676021745125e+00
-1.100997663229892432e+01,-2.350966136048648014e+00,5.429078119398993429e+00
-1.108357918304309919e+01,-2.441504947428666306e+00,5.053423032302826634e+00
-1.112139424246909059e+01,-2.540013191747249710e+00,4.605109000800219121e+00
-1.106453866168021882e+01,-2.618448579925428010e+00,4.166682350982711114e+00
-1.089057769844350432e+01,-2.653524648626822913e+00,3.831478450819034709e+00
-1.061810603324083502e+01,-2.633413232110213276e+00,3.674999639642492877e+00
-1.029680529560782887e+01,-2.560791310433768064e+00,3.730639652129092543e+00
-9.986982892279668178e+00,-2.451357422032778288e+00,3.977801911636213550e+00
-9.736152030246852718e+00,-2.328417806742812513e+00,4.346546248851222316e+00
-9.561117874647397485e+00,-2.215399778744294501e+00,4.737572109427326872e+00
-9.441998737376190221e+00,-2.128775958391309064e+00,5.051364355767453240e+00
-9.330347737632278537e+00,-2.073677892085760810e+00,5.217341135362108417e+00
-9.168523180624291058e+00,-2.043520512277985812e+00,5.213843268185209823e+00
-8.913416333096924049e+00,-2.023580111346084731e+00,5.072791198794154965e+00
-8.555982692858382421e+00,-1.997136831015569713e+00,4.867817478257721930e+00
-8.129327183038421722e+00,-1.951956805180327992e+00,4.690009195217313298e+00
-7.701942110661631702e+00,-1.884826418572893569e+00,4.619307557533293362e+00
-7.357793569609359707e+00,-1.802574884305891523e+00,4.700832282850285537e+00
-7.169565273853237386e+00,-1.719277318936485832e+00,4.933552352415378373e+00
-7.173916201073698318e+00,-1.650684347824387554e+00,5.274462685831784015e+00
-7.357194651880476499e+00,-1.607909555726668938e+00,5.656200335162113291e+00
-7.656775579936677012e+00,-1.592683026244636313e+00,6.011605336185573911e+00
-7.978116665218193404e+00,-1.595950372723912380e+00,6.296577665718892547e+00
-8.222441405694596028e+00,-1.600440457135426486e+00,6.503400332756839042e+00
-8.316386084569657555e+00,-1.586435491220184346e+00,6.660176425610361939e+00
-8.234194102990215924e+00,-1.538830660338538214e+00,6.816952518463884836e+00
-8.005373794059002179e+00,-1.453063499446341833e+00,7.023775185501830443e+00
-7.705395618553287918e+00,-1.337807858095555691e+00,7.308747515035149078e+00
-7.432457575380565729e+00,-1.213367493887927973e+00,7.664152516058610587e+00
-7.277796032657549929e+00,-1.106127200286724843e+00,8.045890165388938087e+00
-7.299001399644105881e+00,-1.040749385512687475e+00,8.386800498805344617e+00
-7.504675522008303901e+00,-1.032592725078296469e+00,8.619520568370438340e+00
-7.854935552391122400e+00,-1.082806710320558086e+00,8.701045293687430515e+00
-8.277020486648119402e+00,-1.177721393957191776e+00,8.630343656003411468e+00
-8.690346624054264169e+00,-1.292776437006686541e+00,8.452535372963001947e+00
-9.032414438756688924e+00,-1.399770195672891404e+00,8.247561652426568912e+00
-9.276947338150122846e+00,-1.475141173900035518e+00,8.106509583035514055e+00
-9.438509678047312335e+00,-1.506673143940727266e+00,8.103011715858615460e+00
-9.562603103247637293e+00,-1.496545731809441282e+00,8.268988495453269749e+00
-9.705245631220980940e+00,-1.459855619651574843e+00,8.582780741793399670e+00
-9.909592984326918597e+00,-1.419208484971683282e+00,8.973806602369499785e+00
-1.018806671266595387e+01,-1.397239120376266630e+00,9.342550939584510772e+00
-1.051641759929802511e+01,-1.409543297818578678e+00,9.589713199091631779e+00
-1.084188938247998735e+01,-1.460299833002209002e+00,9.645353211578230557e+00
-1.110263063606527822e+01,-1.541904220699142236e+00,9.488874400401687836e+00
-1.125146308704460729e+01,-1.638556426371211128e+00,9.153670500238014540e+00
-1.127545207696588037e+01,-1.732413741206329627e+00,8.715243850420506533e+00
-1.120402922052359429e+01,-1.810083738603946557e+00,8.266929818917898132e+00
-1.110226574010039258e+01,-1.867169690416208061e+00,7.891274731821732225e+00
-1.105099181564423638e+01,-1.909304538513200367e+00,7.636335175198979641e+00
-1.112007061846738765e+01,-1.949365490593409023e+00,7.504320465261896445e+00
-1.134368311823259390e+01,-2.001915162058879094e+00,7.455738116924614189e+00
-1.170606600674541653e+01,-2.076900467795358196e+00,7.426976209693388675e+00
-1.214286936402540462e+01,-2.174917397287789989e+00,7.354828114478997314e+00
-1.255822934304161720e+01,-2.285820967466701159e+00,7.199311378139238826e+00
-1.285246398842100390e+01,-2.391303444628849917e+00,6.956951160169052351e+00
-1.283733592457592820e+01,-2.869484548989678530e+00,6.723008278682157446e+00
-1.271591209014705370e+01,-2.902577985409681816e+00,6.429135483698320108e+00
-1.240703484575136706e+01,-2.882726378937257916e+00,6.189145126184564027e+00
-1.198594932645720945e+01,-2.820167065618319313e+00,6.035149072433932282e+00
-1.155044433931900194e+01,-2.737463704505834983e+00,5.963706459824266837e+00
-1.119162874880219150e+01,-2.663096577572351187e+00,5.935225793908836422e+00
-1.096774813135445115e+01,-2.622913846088656964e+00,5.887118496250949740e+00
-1.088921610714622723e+01,-2.632154222331991811e+00,5.756394660052829515e+00
-1.091924271523961387e+01,-2.690609767307398759e+00,5.503947967890589155e+00
-1.098927351357705540e+01,-2.782508333866455796e+00,5.131966132715144902e+00
-1.102363636798369306e+01,-2.881181391810953230e+00,4.688035830952584249e+00
-1.096492489189346564e+01,-2.957043079752009085e+00,4.253896229517641459e+00
-1.079165897091646009e+01,-2.986348211858502744e+00,3.921970039179825118e+00
-1.052261027507217506e+01,-2.957968422459434699e+00,3.767021318007254038e+00
-1.020686709522928304e+01,-2.876098485760322454e+00,3.822117268161794978e+00
-9.903629388407694023e+00,-2.758151543777614734e+00,4.066862711617035941e+00
-9.659197641259519074e+00,-2.628672386751799372e+00,4.432001371998540051e+00
-9.489475808253599709e+00,-2.511370505052898494e+00,4.819203681283177332e+00
-9.374273965953445753e+00,-2.421931004354467731e+00,5.129927586447661447e+00
-9.265483021805183128e+00,-2.363925872924671268e+00,5.294281402463800745e+00
-9.106257900306369280e+00,-2.329044786080624263e+00,5.290817738330511055e+00
-8.854390420582793908e+00,-2.301374365102686781e+00,5.151144912300215317e+00
-8.501448987245819211e+00,-2.264085095623912025e+00,4.948175477446370429e+00
-8.080579156914955874e+00,-2.206098397906135489e+00,4.772105849463841309e+00
-7.659669989958151959e+00,-2.126364008915175852e+00,4.702095550551322667e+00
-7.321613097935491865e+00,-2.034252676302509499e+00,4.782823106166256721e+00
-7.137908173439184267e+00,-1.945955735585557234e+00,5.013267579121895245e+00
-7.144347919724557627e+00,-1.878202329264711423e+00,5.350844403742517130e+00
-7.327075124965089614e+00,-1.841567323126728883e+00,5.728849324296420242e+00
-7.624053894269250620e+00,-1.835815172795561168e+00,6.080779083941586727e+00
-7.941994185633519443e+00,-1.849043843765651784e+00,6.362964880847588489e+00
-8.183670817535080744e+00,-1.861087212113353040e+00,6.567765182729192297e+00
-8.277086583555997024e+00,-1.850148052657451414e+00,6.723008278682157446e+00
-8.197219138896887358e+00,-1.800475506573117723e+00,6.878251374635121707e+00
-7.973415767560341649e+00,-1.708471766938051806e+00,7.083051676516725514e+00
-7.680102296711028842e+00,-1.585069034282890588e+00,7.365237473422727277e+00
-7.413837018729540596e+00,-1.453416923049206222e+00,7.717167233067893761e+00
-7.264098927166309672e+00,-1.342467118431321715e+00,8.095172153621795985e+00
-7.287120067860694661e+00,-1.278420092884252401e+00,8.432748978242418758e+00
-7.490936262082008135e+00,-1.276744384882618544e+00,8.663193451198058170e+00
-7.836038381201630543e+00,-1.337337183290080445e+00,8.743921006812991337e+00
-8.250837633753025813e+00,-1.444405758039323473e+00,8.673910707900473582e+00
-8.656341576877650823e+00,-1.571135483460497806e+00,8.497841079917945351e+00
-8.991569532438729695e+00,-1.687670297119585605e+00,8.294871645064100463e+00
-9.231247533970350361e+00,-1.769873308750608887e+00,8.155198819033804725e+00
-9.390170375780144241e+00,-1.806106717185826049e+00,8.151735154900514146e+00
-9.513304748876128869e+00,-1.799943036214442404e+00,8.316088970916652556e+00
-9.655623979528545675e+00,-1.768066315224998686e+00,8.626812876081139336e+00
-9.859137597515427842e+00,-1.734192441179051247e+00,9.014015185365773064e+00
-1.013543559856752374e+01,-1.721110173308359581e+00,9.379153845747278950e+00
-1.046003264442712322e+01,-1.743500925433079551e+00,9.623899289202519469e+00
-1.078058413882884103e+01,-1.803859699354052104e+00,9.678995239357060854e+00
-1.103611020388455444e+01,-1.892736261275573817e+00,9.524046518184489329e+00
-1.118040837806746346e+01,-1.993025378667578229e+00,9.192120327846673433e+00
-1.120123177417563909e+01,-2.086665216858817118e+00,8.757980726411732419e+00
-1.112812638920039632e+01,-2.161316277231134286e+00,8.314050424649170878e+00
-1.102563212179352625e+01,-2.214650922632765528e+00,7.942068589473727513e+00
-1.097357407396915541e+01,-2.254758373171053432e+00,7.689621897311486265e+00
-1.104069761310699072e+01,-2.296556625203535873e+00,7.558898061113365152e+00
-1.126037982724077757e+01,-2.355521933407161317e+00,7.510790763455478469e+00
-1.161670986300842578e+01,-2.441008793076321126e+00,7.482310097540048943e+00
-1.204597993535946543e+01,-2.551605559508641541e+00,7.410867484930382609e+00
-1.245362596472425665e+01,-2.674289694527344885e+00,7.256871431179751752e+00
-1.274155885428488943e+01,-2.787840958255553669e+00,7.016881073665993895e+00
-1.271091198258144672e+01,-3.263607497602144303e+00,6.785840131753953841e+00
-1.258970882566748983e+01,-3.292583644251296793e+00,6.494848967715384447e+00
-1.228462869887667352e+01,-3.263329463309457168e+00,6.257211885675172169e+00
-1.186982373121701784e+01,-3.188317235467120980e+00,6.104725872328114811e+00
-1.144137426954858761e+01,-3.092919843728780371e+00,6.033983805147698831e+00
-1.108856546027007717e+01,-3.008158121857396949e+00,6.005782412338334986e+00
-1.086823933282553867e+01,-2.961425740005659613e+00,5.958146840814988465e+00
-1.079022834043157886e+01,-2.968128430699413123e+00,5.828704844440433241e+00
-1.081812771687186370e+01,-3.026916126415116981e+00,5.578733570937497888e+00
-1.088457929795421641e+01,-3.120046811399566078e+00,5.210399281181756770e+00
-1.091551940662017728e+01,-3.218772877760478046e+00,4.770822030524763946e+00
-1.085505281719544612e+01,-3.292027533385805782e+00,4.340939475442580076e+00
-1.068265907891821875e+01,-3.315641942016700483e+00,4.012268056549921802e+00
-1.041726274324970447e+01,-3.279186147464158818e+00,3.858838717359902581e+00
-1.010731630196567110e+01,-3.188338522681055665e+00,3.913394412691151292e+00
-9.810868692725033924e+00,-3.062174235129449862e+00,4.155739953686511612e+00
-9.572980360057162130e+00,-2.926425476043172935e+00,4.517298170825126746e+00
-9.408654107746242445e+00,-2.805052319747955991e+00,4.900703687158667776e+00
-9.297420003688914747e+00,-2.712950442355639868e+00,5.208380724304609188e+00
-9.191553106548459695e+00,-2.652158735694582159e+00,5.371122934720334641e+00
-9.035051995612889186e+00,-2.612684385718232249e+00,5.367693234267661317e+00
-8.786637943996218780e+00,-2.577465040272853170e+00,5.229389999246032872e+00
-8.438489598013610760e+00,-2.529582187381900216e+00,5.028410823492048820e+00
-8.023755878008593356e+00,-2.459102211741128752e+00,4.854067682946181961e+00
-7.609659639420018884e+00,-2.367097198815646841e+00,4.784743884612408849e+00
-7.277947725837650594e+00,-2.265419588310529697e+00,4.864679849354125452e+00
-7.098880194754761952e+00,-2.172317874496980217e+00,5.092864650996972387e+00
-7.107360965850483048e+00,-2.105462236560302625e+00,5.427131295700173830e+00
-7.289346570273613324e+00,-2.074887681890256630e+00,5.801429610215258492e+00
-7.583447055916487045e+00,-2.078431603678884354e+00,6.149908449246933806e+00
-7.897702923400851560e+00,-2.101412913389927972e+00,6.429327214503327781e+00
-8.136517079316430312e+00,-2.120849112485893251e+00,6.632119304336808518e+00
-8.229311432514577973e+00,-2.112928051744968005e+00,6.785840131753953841e+00
-8.151811121051414588e+00,-2.061282752715561717e+00,6.939560959171099164e+00
-7.933173220608503939e+00,-1.963265226778188266e+00,7.142353049004579901e+00
-7.646717374300012082e+00,-1.832009983225518113e+00,7.421771814260972988e+00
-7.387287856784616302e+00,-1.693431556048891728e+00,7.770250653292647414e+00
-7.242542060003126281e+00,-1.578966635987699263e+00,8.144548967807732964e+00
-7.267318252850429872e+00,-1.516294951230615640e+00,8.478815612510935296e+00
-7.469088419212171814e+00,-1.520975738503774766e+00,8.707000414153782231e+00
-7.808753347369257192e+00,-1.591678402318859931e+00,8.786936378895500610e+00
-8.215952400438087722e+00,-1.710546179266484668e+00,8.717612580561727498e+00
-8.613340316933467022e+00,-1.848583599189437709e+00,8.543269440015858862e+00
-8.941492778470937708e+00,-1.974345280151096116e+00,8.342290264261874810e+00
-9.176146720387155398e+00,-2.063156714535362646e+00,8.203987029240247253e+00
-9.332306602468166901e+00,-2.103960063154909577e+00,8.200557328787573041e+00
-9.454365099666739880e+00,-2.101689651179720286e+00,8.363299539203296717e+00
-9.596210705926287332e+00,-2.074567599091282855e+00,8.670976576349241682e+00
-9.798682862515459391e+00,-2.047372267253928069e+00,9.054382092682779160e+00
-1.007254346098137532e+01,-2.043018301147637050e+00,9.415940309821396070e+00
-1.039310259031039152e+01,-2.075274418113537411e+00,9.658285850816756835e+00
-1.070847690428608523e+01,-2.144981874513320452e+00,9.712841546148005989e+00
-1.095860819905955452e+01,-2.240891078022061667e+00,9.559412206957986768e+00
-1.109830165538994784e+01,-2.344635858857783806e+00,9.230740788065329383e+00
-1.111599823212975124e+01,-2.437959404542335839e+00,8.800858232983145513e+00
-1.104132356302550733e+01,-2.509568204961923676e+00,8.361280982326150024e+00
-1.093822554896069832e+01,-2.559165952994565618e+00,7.992946692570411571e+00
-1.088545595061400562e+01,-2.597241376349368469e+00,7.742975419067476217e+00
-1.095058845849759877e+01,-2.640697071184684219e+00,7.613533422692919217e+00
-1.116617521242203992e+01,-2.705888094190655124e+00,7.565897851169571808e+00
-1.151617819970584833e+01,-2.801577771228116465e+00,7.537696458360209739e+00
-1.193758936899675760e+01,-2.924387501914716747e+00,7.466954391179793760e+00
-1.233722314943789122e+01,-3.058487602777187231e+00,7.314468377832737289e+00
-1.261866021164488316e+01,-3.179825440575536177e+00,7.076831295792523235e+00
-1.257266573097099638e+01,-3.652697055560088835e+00,6.848671984825749348e+00
-1.245181117971869611e+01,-3.677604719558039026e+00,6.560539299281020753e+00
-1.215078686013636577e+01,-3.639163538921890151e+00,6.325236585332691064e+00
-1.174259234086609460e+01,-3.552023476766354104e+00,6.174248479976085058e+00
-1.132152805095174131e+01,-3.444284085453411137e+00,6.104201329695682965e+00
-1.097499362628849084e+01,-3.349423281627182725e+00,6.076276966173818295e+00
-1.075839294685687086e+01,-3.296320168633428693e+00,6.029109330703414038e+00
-1.068097792295409931e+01,-3.300527428495311888e+00,5.900938875215878454e+00
-1.070676117859501275e+01,-3.359576646927598276e+00,5.653423131631685195e+00
-1.076963095204097698e+01,-3.453813773697826939e+00,5.288707081107673957e+00
-1.079718141303388812e+01,-3.552484098124386591e+00,4.853447906985879357e+00
-1.073505996425939912e+01,-3.623102719234750246e+00,4.427788195035857299e+00
-1.056370946263971966e+01,-3.641111794730587548e+00,4.102345397141190730e+00
-1.030218370729140176e+01,-3.596777515720075868e+00,3.950423232465724244e+00
-9.998258945694326272e+00,-3.497226679931635385e+00,4.004443013648733896e+00
-9.708792244360990864e+00,-3.363143204601266145e+00,4.244407934190196130e+00
-9.477579063841442775e+00,-3.221395413811851682e+00,4.602414475141745953e+00
-9.318722290289624510e+00,-3.096162929669914909e+00,4.982053703840813697e+00
-9.211499785936791085e+00,-3.001551166453816588e+00,5.286708353016190465e+00
-9.108615327418929652e+00,-2.938093640431652442e+00,5.447851906269763234e+00
-8.954955770298337114e+00,-2.894158814288226189e+00,5.444455896616659629e+00
-8.710198724099345924e+00,-2.851576420771010145e+00,5.307511248630635059e+00
-8.367129690692298283e+00,-2.793359147573794665e+00,5.108506341248341798e+00
-7.958864721352405525e+00,-2.710706817715341721e+00,4.935875816683257256e+00
-7.551900135909598077e+00,-2.606771240408247703e+00,4.867233003242283473e+00
-7.226771180519808269e+00,-2.495825141841014005e+00,4.946383737144247839e+00
-7.052445833762924110e+00,-2.398114083313875877e+00,5.172327022793739459e+00
-7.062918510145345330e+00,-2.332211620744988778e+00,5.503310083205818160e+00
-7.243978443991220928e+00,-2.307612499300196962e+00,5.873931572392349310e+00
-7.534935988447388766e+00,-2.320267049852368757e+00,6.218987217217347485e+00
-7.845236530062134506e+00,-2.352785429861000033e+00,6.495661182528010613e+00
-8.080983563784830181e+00,-2.379448852413927007e+00,6.696461195284424406e+00
-8.173067398820528240e+00,-2.374495581237428432e+00,6.848671984825749348e+00
-8.097972540831733568e+00,-2.320972409863973684e+00,7.000882774367073402e+00
-7.884637760655690109e+00,-2.217165504609431625e+00,7.201682787123488083e+00
-7.605218128734026806e+00,-2.078354336249129464e+00,7.478356752434150323e+00
-7.352773901549920055e+00,-1.933136078144097381e+00,7.823412397259148499e+00
-7.213080811617363253e+00,-1.815349588913699463e+00,8.194033886445678760e+00
-7.239550743792447562e+00,-1.754094758786590935e+00,8.525016946857759237e+00
-7.439094705506709815e+00,-1.765002775278111224e+00,8.750960232507249970e+00
-7.773058054342310896e+00,-1.845540692153676554e+00,8.830110966409215223e+00
-8.172361085794776159e+00,-1.975847511267899259e+00,8.761468152968241441e+00
-8.561357933418273447e+00,-2.124821151084197446e+00,8.588837628403156899e+00
-8.882215073608508149e+00,-2.259492262204249258e+00,8.389832721020864525e+00
-9.111687070118566822e+00,-2.354686141836279667e+00,8.252888073034839067e+00
-9.264967582296147697e+00,-2.399925649231128943e+00,8.249492063381735463e+00
-9.385838046508684585e+00,-2.401474937588120806e+00,8.410635616635307343e+00
-9.527064519027437228e+00,-2.379044274680784277e+00,8.715290265810686776e+00
-9.728294649697417640e+00,-2.358426706972734710e+00,9.094929494509749190e+00
-9.999466659188255946e+00,-2.362635306305704397e+00,9.452936035461302566e+00
-1.031571699747286175e+01,-2.404528898564497918e+00,9.692900956002764801e+00
-1.062567116621881347e+01,-2.483326378822568792e+00,9.746920737185774897e+00
-1.087024015932731480e+01,-2.586026216289746937e+00,9.594998572510306190e+00
-1.100526642769011865e+01,-2.693045971744272293e+00,9.269555774615641397e+00
-1.101987795224765954e+01,-2.785957582404484434e+00,8.843896062665621116e+00
-1.094374612497387034e+01,-2.854505417522147592e+00,8.408636888543824739e+00
-1.084016864197813668e+01,-2.900385146066718267e+00,8.043920838019815278e+00
-1.078675896577156834e+01,-2.936426690933970907e+00,7.796405094435622019e+00
-1.084986826973864815e+01,-2.981460042066247595e+00,7.668234638948085546e+00
-1.106120434290432364e+01,-3.052684048684650264e+00,7.621067003477680402e+00
-1.140462199527861920e+01,-3.158272853095797750e+00,7.593142639955816620e+00
-1.181786798642518654e+01,-3.292923005278606041e+00,7.523095489675413639e+00
-1.220920999830101827e+01,-3.438069778359287731e+00,7.372107384318809409e+00
-1.248397105219510017e+01,-3.566909712431454160e+00,7.136804670370477055e+00
-1.242281462147461291e+01,-4.036417153167242589e+00,6.911503837897545743e+00
-1.230243250856779369e+01,-4.057308976237983700e+00,6.626203657422068183e+00
-1.200571009972841985e+01,-4.009902025290968730e+00,6.393214100444481574e+00
-1.160443802756310028e+01,-3.910965518991199374e+00,6.243710292410863616e+00
-1.119106966960207039e+01,-3.791241975766749039e+00,6.174351744702157418e+00
-1.085106154277963064e+01,-3.686582149909509720e+00,6.146701893254761906e+00
-1.063834760918901523e+01,-3.627290307080787812e+00,6.099997941959312442e+00
-1.056160058819806657e+01,-3.629046391566065122e+00,5.973087473564912209e+00
-1.058528123539450583e+01,-3.688288182584869901e+00,5.728004947847328054e+00
-1.064457128577084610e+01,-3.783508236653902568e+00,5.366874259601787323e+00
-1.066876860766762647e+01,-3.882017241231569216e+00,4.935893926024609080e+00
-1.060509182074089196e+01,-3.949975038750841438e+00,4.514418686549809934e+00
-1.043494939231116092e+01,-3.962468937142250347e+00,4.192175172946841499e+00
-1.017750124321344529e+01,-3.910458182877774913e+00,4.041746487918645769e+00
-9.879808953339185962e+00,-3.802481966810621561e+00,4.095235224511030836e+00
-9.597499562131995177e+00,-3.660779132790453971e+00,4.332841155989552107e+00
-9.373080940443021092e+00,-3.513302871985269249e+00,4.687328292885455383e+00
-9.219758410700379159e+00,-3.384421921026529834e+00,5.063235456137856971e+00
-9.116584963692215382e+00,-3.287451638965935619e+00,5.364895180122680074e+00
-9.016735839318481993e+00,-3.221449030739444996e+00,5.524454602333969788e+00
-8.866028377539393546e+00,-3.173188458999380401e+00,5.521091977350638835e+00
-8.625121411722604492e+00,-3.123433052217038153e+00,5.385493571665773693e+00
-8.287403230146006550e+00,-3.055146407524246932e+00,5.188444993562473684e+00
-7.885921857563397808e+00,-2.960649132816876694e+00,5.017511523377088167e+00
-7.486389401029830637e+00,-2.845128680121991493e+00,4.949543507093096650e+00
-7.168066141716094464e+00,-2.725215298386138851e+00,5.027916145116807733e+00
-6.998578690588258766e+00,-2.623090672252172961e+00,5.251638282198044294e+00
-7.010992994549001267e+00,-2.558193987776733902e+00,5.579367594446560830e+00
-7.190949625584618587e+00,-2.539480029594687327e+00,5.946345667597491946e+00
-7.478511154921372750e+00,-2.561053349903447796e+00,6.288009222902022799e+00
-7.784598273885949382e+00,-2.602887127286733104e+00,6.561963328756996283e+00
-8.017083314285738282e+00,-2.636607604131514737e+00,6.760789365346969504e+00
-8.108370979218200603e+00,-2.634569435511294078e+00,6.911503837897545743e+00
-8.035715712367682784e+00,-2.579262979296615299e+00,7.062218310448121983e+00
-7.827810964756675816e+00,-2.469892139996855196e+00,7.261044347038094315e+00
-7.555592006361485424e+00,-2.323822882394761535e+00,7.534998452893066911e+00
-7.310269362679131078e+00,-2.172251639078829566e+00,7.876662008197598652e+00
-7.175681178552279604e+00,-2.051335875102557882e+00,8.243640081348528881e+00
-7.203783109732041723e+00,-1.991536409697737486e+00,8.571369393597047193e+00
-7.400928687165182041e+00,-2.008538075832754455e+00,8.795091530678282865e+00
-7.728940930991671010e+00,-2.098631829441766072e+00,8.873464168701994836e+00
-8.120070696563898238e+00,-2.240013105776330615e+00,8.805496152418003319e+00
-8.500420054363033273e+00,-2.399548034490147863e+00,8.634562682232617803e+00
-8.813777685246863669e+00,-2.542808745006592375e+00,8.437514104129316905e+00
-9.037921008984422855e+00,-2.644157337039274136e+00,8.301915698444453540e+00
-9.188212759078833614e+00,-2.693697337787491097e+00,8.298553073461121699e+00
-9.307787757299010423e+00,-2.698989948820385898e+00,8.458112495672409636e+00
-9.448254531002717727e+00,-2.681183173263610442e+00,8.759772219657236292e+00
-9.648049385460048200e+00,-2.667037015513685549e+00,9.135679382909632551e+00
-9.916292235425155255e+00,-2.679636170424001484e+00,9.490166519805539380e+00
-1.022797616662852249e+01,-2.730933466285847100e+00,9.727772451284060651e+00
-1.053228111563380942e+01,-2.818558010208483733e+00,9.781261187876445717e+00
-1.077113219774150465e+01,-2.927804651387896140e+00,9.630832502848249987e+00
-1.090143658458726783e+01,-3.037919637732761746e+00,9.308588989245281553e+00
-1.091300759619808325e+01,-3.130326927095050227e+00,8.887113749770485072e+00
-1.083552941145646287e+01,-3.195799556941440578e+00,8.456133416193303276e+00
-1.073159380960038689e+01,-3.237984381669698930e+00,8.095002727947765209e+00
-1.067761431250042392e+01,-3.271992862194313290e+00,7.849920202230181054e+00
-1.073867175618752690e+01,-3.318524331482321177e+00,7.723009733835779045e+00
-1.094561181419864226e+01,-3.395586336127760063e+00,7.676305782540329581e+00
-1.128220166916997336e+01,-3.510766520986750461e+00,7.648655931092934956e+00
-1.168699542875684649e+01,-3.656879964465236554e+00,7.579297383384227871e+00
-1.206978477382298465e+01,-3.812700455680253953e+00,7.429793575350610801e+00
-1.233770335180871847e+01,-3.948756482653101862e+00,7.196804018373023304e+00
-1.226158438995249078e+01,-4.414442012436017748e+00,6.974335690969341250e+00
-1.214179434914023581e+01,-4.431374183758719276e+00,6.691839246797992580e+00
-1.184960735680409982e+01,-4.375227595937447589e+00,6.461139352863353835e+00
-1.145555190227538489e+01,-4.264831315545578150e+00,6.313104766663001577e+00
-1.105017146614913592e+01,-4.133486215856284396e+00,6.244427827630071093e+00
-1.071692597067764297e+01,-4.019331093014050893e+00,6.217049700133840062e+00
-1.050825047444777915e+01,-3.954035054735324017e+00,6.170804723535060710e+00
-1.043224055101625858e+01,-3.953386031969578607e+00,6.045141444984768242e+00
-1.045383436810979561e+01,-4.012753207226280594e+00,5.802467423789392065e+00
-1.050955124629912874e+01,-4.108835023322241931e+00,5.444885682549358563e+00
-1.053043511628273521e+01,-4.207080404716325717e+00,5.018140730827186147e+00
-1.046530158486931583e+01,-4.272356675416840943e+00,4.600807463601537250e+00
-1.029652574440353163e+01,-4.279429905213662622e+00,4.281730740276628921e+00
-1.004335104988253491e+01,-4.219948517490831108e+00,4.132780366144322315e+00
-9.752088011573547988e+00,-4.103827326379516194e+00,4.185743451780593816e+00
-9.477098151136686965e+00,-3.954805878176984812e+00,4.421014353624530102e+00
-9.259581429752467230e+00,-3.801871084429123027e+00,4.772017831823109901e+00
-9.111849026633095150e+00,-3.669551008986087659e+00,5.144230834914671924e+00
-9.012755884745406121e+00,-3.570372155380141521e+00,5.442926052118530755e+00
-8.915989613146891202e+00,-3.501944909177241883e+00,5.600917432753492520e+00
-8.768337840063038513e+00,-3.449494874344007034e+00,5.597587853363497956e+00
-8.531463545462161235e+00,-3.392760033270568965e+00,5.463322016666731784e+00
-8.199353090939236921e+00,-3.314674091146031287e+00,5.268209898088920262e+00
-7.804952425801623406e+00,-3.208664737951539614e+00,5.098956245894363803e+00
-7.413134436337353250e+00,-3.081909695334898558e+00,5.031656173088211226e+00
-7.101824526459420639e+00,-2.953332815323736149e+00,5.109258618081861769e+00
-6.937261780609501827e+00,-2.846990286237040646e+00,5.330782166025416657e+00
-6.951566441295609522e+00,-2.783149180796269384e+00,5.655290777294540661e+00
-7.130248698696597387e+00,-2.770225298861753060e+00,6.018662439314578450e+00
-7.414172793877074952e+00,-2.800519831111306424e+00,6.356968357367676958e+00
-7.715801228087861396e+00,-2.851441999652038817e+00,6.628230228429911719e+00
-7.944839196705355988e+00,-2.892045386336676849e+00,6.825102337840222688e+00
-8.035248537492881482e+00,-2.892867479127717800e+00,6.974335690969341250e+00
-7.965062921478654800e+00,-2.835871829794672561e+00,7.123569044098459813e+00
-7.762704560822579758e+00,-2.721162981176633355e+00,7.320441153508770782e+00
-7.497836846027554181e+00,-2.568133986431838878e+00,7.591703024571004654e+00
-7.259759109133781863e+00,-2.410496295178091053e+00,7.930008942624103163e+00
-7.130320055942989121e+00,-2.286641915589635587e+00,8.293380604644141840e+00
-7.159991977590950185e+00,-2.228333364527534943e+00,8.617889215913265843e+00
-7.354575031706266586e+00,-2.251291279619621832e+00,8.839412763856820732e+00
-7.676401427720705328e+00,-2.350657495658924123e+00,8.917015208850472163e+00
-8.059099082346172338e+00,-2.502745242833817496e+00,8.849715136044318697e+00
-8.430562922658197067e+00,-2.672464077870921439e+00,8.680461483849763127e+00
-8.736232278704704868e+00,-2.823992996348594353e+00,8.485349365271950717e+00
-8.954911208322641869e+00,-2.931267407908127343e+00,8.351083528575184545e+00
-9.102111765268935173e+00,-2.984970743777646707e+00,8.347753949185189981e+00
-9.220288627271797210e+00,-2.993927787327064216e+00,8.505745329820150857e+00
-9.359860185928726040e+00,-2.980673513079144854e+00,8.804440547024011465e+00
-9.558033949332040535e+00,-2.972887320476707007e+00,9.176653550115570823e+00
-9.823117770085906031e+00,-2.993699412994578424e+00,9.527657028314152399e+00
-1.012999094525296151e+01,-3.054161547677002098e+00,9.762927930158088685e+00
-1.042843140633369181e+01,-3.150346680104075148e+00,9.815891015794360186e+00
-1.066142072467591184e+01,-3.265895107049932466e+00,9.666940641662053579e+00
-1.078695609845791203e+01,-3.378926893880468629e+00,9.347863918337145250e+00
-1.079553368605486696e+01,-3.470740800354195077e+00,8.930530651111498130e+00
-1.071681842468949242e+01,-3.533128288033552611e+00,8.503785699389323938e+00
-1.061264297764029862e+01,-3.571645324933651722e+00,8.146203958149291324e+00
-1.055816259389541401e+01,-3.603624102609465751e+00,7.903529936953916035e+00
-1.061714294916255241e+01,-3.651574570627808214e+00,7.777866658403622679e+00
-1.081955144368487787e+01,-3.734277875802880509e+00,7.731621681804841550e+00
-1.114908672489339203e+01,-3.858738515211461717e+00,7.704243554308612296e+00
-1.154516023676878334e+01,-4.015934591488813155e+00,7.635566615275681812e+00
-1.191915442037198858e+01,-4.182053195501614695e+00,7.487532029075329554e+00
-1.218007754935362108e+01,-4.325038504456220956e+00,7.256832135140689921e+00
-1.208920852637896282e+01,-4.786456259789657608e+00,7.037167544041137646e+00
-1.197012590787888087e+01,-4.799488226989140571e+00,6.757443300459562430e+00
-1.168269527372226335e+01,-4.734832299953990464e+00,6.529007316019085572e+00
-1.129613291002595687e+01,-4.613317185226162742e+00,6.382425426217710474e+00
-1.089901379369351453e+01,-4.470716826726579107e+00,6.314422429299164641e+00
-1.057275184524663203e+01,-4.347372935332214361e+00,6.287312969472059976e+00
-1.036825695771624112e+01,-4.276259231670140437e+00,6.241521805139050194e+00
-1.029305026110340648e+01,-4.273252794986110992e+00,6.117091688358039292e+00
-1.031257515391789426e+01,-4.332680002359688309e+00,5.876799081437289018e+00
-1.036472966039443300e+01,-4.429504936070326693e+00,5.522726369547574343e+00
-1.038234270972886364e+01,-4.527387752143035016e+00,5.100169161180252431e+00
-1.031584991585125266e+01,-4.589965741576995661e+00,4.686931278351135433e+00
-1.014859277851470942e+01,-4.591716750565089988e+00,4.370985726050977682e+00
-9.899876265164534672e+00,-4.524973758844453187e+00,4.223497035148801260e+00
-9.615225427822801763e+00,-4.400989813405133511e+00,4.275940382217504165e+00
-9.347703405846310432e+00,-4.244950680225223927e+00,4.508902518247549729e+00
-9.137184159870241018e+00,-4.086826075441697625e+00,4.856461521057672037e+00
-8.995089156995547341e+00,-3.951274287874012803e+00,5.225021914964298020e+00
-8.900101566962678845e+00,-3.850035110742144440e+00,5.520785969407067562e+00
-8.806460423787388692e+00,-3.779303115004031266e+00,5.677226945399378444e+00
-8.661961060912689803e+00,-3.722801069033351062e+00,5.673930039914274914e+00
-8.429291599173561522e+00,-3.659283313018684591e+00,5.540981783807838568e+00
-8.103031156334100871e+00,-3.571672326753851046e+00,5.347784343950248598e+00
-7.715990693843149728e+00,-3.454488208968232055e+00,5.180191615580102216e+00
-7.332151543949545491e+00,-3.316852447843373852e+00,5.113551973393075656e+00
-7.028047757600308643e+00,-3.179917621583870702e+00,5.190392888292389983e+00
-6.868487828051521582e+00,-3.069552298314042638e+00,5.409742576270877734e+00
-6.884630743843050737e+00,-3.006813783443371690e+00,5.731066712187804946e+00
-7.061874214002346939e+00,-2.999580509198829681e+00,6.090872527074036036e+00
-7.341931137916811956e+00,-3.038393706984553244e+00,6.425858573727329492e+00
-7.638868442506272949e+00,-3.098172688386688911e+00,6.694458491570479453e+00
-7.864284035539800044e+00,-3.145481443885428163e+00,6.889398651078135316e+00
-7.953736426384221403e+00,-3.149107025800214288e+00,7.037167544041137646e+00
-7.886046558203726242e+00,-3.090515586001289172e+00,7.184936437004139975e+00
-7.689340591088942745e+00,-2.970694592719920202e+00,7.379876596511794951e+00
-7.431961083017952774e+00,-2.811004022242305389e+00,7.648476514354944911e+00
-7.201238909376106889e+00,-2.647585468997062375e+00,7.983462561008238367e+00
-7.076985497165167338e+00,-2.520981134456953043e+00,8.343268375894469457e+00
-7.108165286783015624e+00,-2.464196139098878469e+00,8.664592511811397557e+00
-7.300029732256898107e+00,-2.492969568874759290e+00,8.883942199789883531e+00
-7.615450191002345548e+00,-2.601321743377505324e+00,8.960783114689199635e+00
-7.989475051201200273e+00,-2.763745570708009414e+00,8.894143472502173964e+00
-8.351833454590732231e+00,-2.943269453685719128e+00,8.726550744132026693e+00
-8.649640928884466007e+00,-3.102744435205972096e+00,8.533353304274438500e+00
-8.862730563106239856e+00,-3.215715190458577677e+00,8.400405048168000377e+00
-9.006744377372559285e+00,-3.273443592225244281e+00,8.397108142682895959e+00
-9.123425215962306822e+00,-3.285983959933753695e+00,8.553549118675206842e+00
-9.261971174802859252e+00,-3.277207255794802876e+00,8.849313173117979048e+00
-9.458345557894784150e+00,-3.275664978251869197e+00,9.217873567024600590e+00
-9.720051224260428668e+00,-3.304507442716475119e+00,9.565432569834724674e+00
-1.002188252245556299e+01,-3.373891235894487473e+00,9.798394705864771126e+00
-1.031425690367902703e+01,-3.478367736267756083e+00,9.850838052933474032e+00
-1.054125216085632921e+01,-3.599972358613700685e+00,9.703349362031296721e+00
-1.066197871855172785e+01,-3.715744178542002452e+00,9.387403809731139859e+00
-1.066761229767625174e+01,-3.806879019220498872e+00,8.974165926902024637e+00
-1.058776753881550370e+01,-3.866175559352699853e+00,8.551608718534701836e+00
-1.048346731166210510e+01,-3.901055681910260198e+00,8.197536006644988049e+00
-1.042855355452557120e+01,-3.931010542831139265e+00,7.957243399724237776e+00
-1.048543492445953795e+01,-3.980301471320925710e+00,7.832813282943225985e+00
-1.068318596197100412e+01,-4.068448195807670587e+00,7.787022118610214427e+00
-1.100545539059815958e+01,-4.201876041181074051e+00,7.759912658783111539e+00
-1.139255943046910957e+01,-4.369771595370161243e+00,7.691909661864564818e+00
-1.175753408625910978e+01,-4.545811036305320130e+00,7.545327772063190608e+00
-1.201132202885217382e+01,-4.695438702687008359e+00,7.316891787622711973e+00
-1.190592775089115740e+01,-5.152155009616592451e+00,7.099999397112933153e+00
-1.178766355561912071e+01,-5.161349189100413959e+00,6.823013082579486799e+00
-1.150519773524406375e+01,-5.088417658401064081e+00,6.596813019879039786e+00
-1.112638742828961469e+01,-4.956127932187098573e+00,6.451665867406393140e+00
-1.073778467679369442e+01,-4.802641296162621032e+00,6.384328480941340089e+00
-1.041871198481141469e+01,-4.670417129452120619e+00,6.357484367358770427e+00
-1.021853047450383478e+01,-4.593673762298198682e+00,6.312141405002712702e+00
-1.014419015472397234e+01,-4.588359044122102048e+00,6.188929204934371597e+00
-1.016166601569308092e+01,-4.647782832618061910e+00,5.950988571872287025e+00
-1.021027297674999090e+01,-4.745234916242455192e+00,5.600381508689384447e+00
-1.022466054463601282e+01,-4.842659657114477767e+00,5.181960272379656729e+00
-1.015690468572038085e+01,-4.902526413508271119e+00,4.772767144444498122e+00
-9.991311915468820359e+00,-4.899057177224420911e+00,4.459914053828010871e+00
-9.747227282247942881e+00,-4.825264167075053123e+00,4.313868975985328369e+00
-9.469357989778892204e+00,-4.693700767245358563e+00,4.365799009794221419e+00
-9.209438509749851676e+00,-4.530944359862755455e+00,4.596480922304190031e+00
-9.006000877919042580e+00,-4.367896887487296986e+00,4.940638032316075012e+00
-8.869582233461635212e+00,-4.229318481822245346e+00,5.305590972697949326e+00
-8.778719663513228966e+00,-4.126165267289717775e+00,5.598460101103265529e+00
-8.688240829192327652e+00,-4.053247603998323179e+00,5.753369839448804868e+00
-8.546983824534372332e+00,-3.992831796364961772e+00,5.750105203934944953e+00
-8.318681018803184557e+00,-3.922729994020404121e+00,5.618458239728099102e+00
-7.998498405262560951e+00,-3.825871567656853767e+00,5.427151808228732222e+00
-7.619080204379281795e+00,-3.697853460146698357e+00,5.261199470385285792e+00
-7.243466531429936239e+00,-3.549693453415008193e+00,5.195212094193386143e+00
-6.946747014782674867e+00,-3.404707212225885904e+00,5.271300893472353977e+00
-6.792259540694546516e+00,-3.290513223396315468e+00,5.488503595995720019e+00
-6.810187938318190248e+00,-3.228921543254125837e+00,5.806682624880351362e+00
-6.985834932775235373e+00,-3.227275461175064031e+00,6.162966675690472407e+00
-7.261806613807413768e+00,-3.274400490367297412e+00,6.494673893107850482e+00
-7.553833097835934041e+00,-3.342800882630272863e+00,6.760644766332014832e+00
-7.775460733331609475e+00,-3.396634638006182705e+00,6.953676859815328015e+00
-7.863881093037311310e+00,-3.403005226996171029e+00,7.099999397112933153e+00
-7.798709232183702156e+00,-3.342910527001555998e+00,7.246321934410537402e+00
-7.607751556946002580e+00,-3.218202675199472118e+00,7.439354027893850585e+00
-7.357983932386721548e+00,-3.052147820534508504e+00,7.705324901118014935e+00
-7.134715648970412438e+00,-2.883232425355649831e+00,8.037032118535393010e+00
-7.015676949443567345e+00,-2.754064456172259145e+00,8.393316169345514055e+00
-7.048302519270191802e+00,-2.698832810374063307e+00,8.711495198230146286e+00
-7.237300307856321169e+00,-2.733278167746152398e+00,8.928697900753512329e+00
-7.546109215484387178e+00,-2.850327474720158794e+00,9.004786700032479274e+00
-7.911238464995051345e+00,-3.022715554508203173e+00,8.938799323840580513e+00
-8.264289280463136933e+00,-3.211665094622245586e+00,8.772846985997134084e+00
-8.554076116051490430e+00,-3.378764019487178860e+00,8.581540554497767204e+00
-8.761462155625052262e+00,-3.497201616502148003e+00,8.449893590290923129e+00
-8.902200457720859106e+00,-3.558816075033556459e+00,8.446628954777061438e+00
-9.017292170827337472e+00,-3.574856731321946146e+00,8.601538693122599000e+00
-9.154687337334646458e+00,-3.570479459745734996e+00,8.894407821527918756e+00
-9.349091635760579777e+00,-3.575060925208318530e+00,9.259360761909789517e+00
-9.607210770009412926e+00,-3.611746901106276830e+00,9.603517871921676274e+00
-9.903782212731519152e+00,-3.689805620058023372e+00,9.834199784431644886e+00
-1.018990242371040722e+01,-3.802302272192189747e+00,9.886129818240537048e+00
-1.041078264230530515e+01,-3.929717520710356293e+00,9.740084740397854546e+00
-1.052666765835576079e+01,-4.048054599493651651e+00,9.427231649781369072e+00
-1.052940874824961526e+01,-4.138428109797849253e+00,9.018038521846211353e+00
-1.044854020066152067e+01,-4.194631848593838086e+00,8.599617285536481859e+00
-1.034422693450299491e+01,-4.225909440720855059e+00,8.249010222353581057e+00
-1.028894580691689953e+01,-4.253848468775424330e+00,8.011069589291496484e+00
-1.034370952048997871e+01,-4.304402054701146341e+00,7.887857389223153604e+00
-1.053668670104935501e+01,-4.397793645620766689e+00,7.842514426867095878e+00
-1.085149425824559444e+01,-4.539873957287238859e+00,7.815670313284527104e+00
-1.122939808952834539e+01,-4.718084339168118646e+00,7.748332926819473165e+00
-1.158514664899012203e+01,-4.903666619457919040e+00,7.603185774346827408e+00
-1.183167260668128762e+01,-5.059650272558998019e+00,7.376985711646378618e+00
-1.171198949757776653e+01,-5.511243919493123755e+00,7.162831250184728660e+00
-1.159465033007936796e+01,-5.516665407332775217e+00,6.888545891152349832e+00
-1.131734541409762862e+01,-5.435694736255022086e+00,6.664551555852990639e+00
-1.094652886974466277e+01,-5.292976944996417465e+00,6.520819765726297845e+00
-1.056667947258458895e+01,-5.128974708383315928e+00,6.454139001176686818e+00
-1.025498679969556726e+01,-4.988179911906958530e+00,6.427556650549353101e+00
-1.005924217978997603e+01,-4.905995846517963166e+00,6.382655837560193390e+00
-9.985828405325280599e+00,-4.898423234337728083e+00,6.260645107211154858e+00
-1.000127697087721579e+01,-4.957782109374162971e+00,6.025024686477534530e+00
-1.004635500886750776e+01,-5.055748191674803493e+00,5.677836471181078259e+00
-1.005756490567804384e+01,-5.152622835266226886e+00,5.263495353926611386e+00
-9.988640733232440283e+00,-5.209769055163708806e+00,4.858292359698083374e+00
-9.824851517122759503e+00,-5.201184668695422175e+00,4.548489969537861555e+00
-9.585561566490849117e+00,-5.120555165910362305e+00,4.403869009912238397e+00
-9.314629823615993232e+00,-4.981695979888566050e+00,4.455292662347297927e+00
-9.062434331599519055e+00,-4.812521517409645178e+00,4.683725143936317892e+00
-8.866151375456231776e+00,-4.644815808112504385e+00,5.024526300997662176e+00
-8.735440044951076288e+00,-4.503413195709556227e+00,5.385920503636065781e+00
-8.648716419866493865e+00,-4.398490023096340629e+00,5.675933799670055180e+00
-8.561432140345770492e+00,-4.323504730056845879e+00,5.829332978511388319e+00
-8.423500787877992835e+00,-4.259313847668511954e+00,5.826100177188560103e+00
-8.199716248116892814e+00,-4.182828640580440904e+00,5.695736931972568584e+00
-7.885824986642583134e+00,-4.077002920999505342e+00,5.506295972272479133e+00
-7.514273906686801396e+00,-3.938494099487019895e+00,5.341961872790622401e+00
-7.147114899877636596e+00,-3.780167966621645448e+00,5.276617954262061261e+00
-6.857943466632832497e+00,-3.627437060992419138e+00,5.351964794641982159e+00
-6.708589864373678324e+00,-3.509607151321890939e+00,5.567049505035609691e+00
-6.728250454170371597e+00,-3.449203814076559738e+00,5.882125899048776141e+00
-6.902150049966051526e+00,-3.453037993555439833e+00,6.234935744396438828e+00
-7.173830023070372874e+00,-3.508264421138257205e+00,6.563408410550385597e+00
-7.460738641568407381e+00,-3.585047731300077700e+00,6.826785742305295557e+00
-7.678422372756521064e+00,-3.645223846203093032e+00,7.017935536673381769e+00
-7.765739167329511972e+00,-3.654279469356239485e+00,7.162831250184728660e+00
-7.703103870199643488e+00,-3.592772994260956310e+00,7.307726963696075551e+00
-7.517980544330765014e+00,-3.463402495892724531e+00,7.498876758064161763e+00
-7.275935550730619816e+00,-3.291279129782941126e+00,7.762254089819071723e+00
-7.060207524535886847e+00,-3.117148762518496596e+00,8.090726755973017603e+00
-6.946405464304464594e+00,-2.985600819025409081e+00,8.443536601320680290e+00
-6.980414903970823204e+00,-2.931949538005218514e+00,8.758612995333846740e+00
-7.166405978802409038e+00,-2.971920855268249451e+00,8.973697705727474272e+00
-7.468411972871116689e+00,-3.097376930791714500e+00,9.049044546107396059e+00
-7.824440313913829215e+00,-3.279356932450053996e+00,8.983700627578835807e+00
-8.167998766911317432e+00,-3.477353114299754022e+00,8.819366528096978186e+00
-8.449620705510909602e+00,-3.651754635664001825e+00,8.629925568396888735e+00
-8.651199204627308958e+00,-3.775430081219581790e+00,8.499562323180898105e+00
-8.788579882574428126e+00,-3.840791206532519819e+00,8.496329521858069000e+00
-8.901994137569221976e+00,-3.860247475127671635e+00,8.649728700699402140e+00
-9.038118550648638561e+00,-3.860188629412658834e+00,8.939741996733394203e+00
-9.230389673864157984e+00,-3.870770023188950137e+00,9.301136199371793367e+00
-9.484724608791230693e+00,-3.915108997904714450e+00,9.641937356433139428e+00
-9.775831229188492344e+00,-4.001593103434861298e+00,9.870369838022160280e+00
-1.005552246339220979e+01,-4.121837422840994414e+00,9.921793490457218923e+00
-1.027017771808508506e+01,-4.254818319309340957e+00,9.777172530831595765e+00
-1.038119527715044654e+01,-4.375548185473555840e+00,9.467370140671373946e+00
-1.038109727893526468e+01,-4.465081544576364081e+00,9.062167146442847709e+00
-1.029930862600924435e+01,-4.518194392457224318e+00,8.647826029188379948e+00
-1.019509063942792260e+01,-4.545907098267475632e+00,8.300637813891924566e+00
-1.013950655384606847e+01,-4.571840544880537038e+00,8.065017393158303349e+00
-1.019213705283513960e+01,-4.623579865638995479e+00,7.943006662809263929e+00
-1.038023328015457381e+01,-4.722017592624346172e+00,7.898105849820104218e+00
-1.068739792248188181e+01,-4.872434943855706635e+00,7.871523499192771389e+00
-1.105588893587853505e+01,-5.060574974638312185e+00,7.804842734643159474e+00
-1.140222224518928940e+01,-5.255322288790448937e+00,7.661110944516467569e+00
-1.164137202545314764e+01,-5.417376750630197968e+00,7.437116609217106600e+00
-1.150764740761709959e+01,-5.863439217989506957e+00,7.225663103256525055e+00
-1.139133544750069404e+01,-5.865155502528957676e+00,6.954039060661163951e+00
-1.111937532428264674e+01,-5.776384190715960543e+00,6.732218081637304508e+00
-1.075677729053620979e+01,-5.623586275445176419e+00,6.589880882082034930e+00
-1.038590053494726462e+01,-5.449439856884700006e+00,6.523847102903260975e+00
-1.008176400212963131e+01,-5.300384444919898463e+00,6.497522673613429944e+00
-9.890570706793218037e+00,-5.212949118631822643e+00,6.453057521033068511e+00
-9.818140673641488902e+00,-5.203170073763780046e+00,6.332230627704408477e+00
-9.831585380467004143e+00,-5.262404542818932995e+00,6.098896367999607548e+00
-9.873156679133694880e+00,-5.360774412436413172e+00,5.755076825779127603e+00
-9.881238950020357237e+00,-5.457010464584943321e+00,5.344755947992677392e+00
-9.811239620365594050e+00,-5.511430331051631271e+00,4.943484528503221398e+00
-9.649386668337500694e+00,-5.497838605778490262e+00,4.636688066898825511e+00
-9.415043473109204086e+00,-5.410587478376370996e+00,4.493470325215081829e+00
-9.151192251074112605e+00,-5.264715859363944261e+00,4.544395027899561512e+00
-8.906829318288735919e+00,-5.089420728029949714e+00,4.770611091083509336e+00
-8.717763408419092030e+00,-4.917318595980965767e+00,5.108105546962399934e+00
-8.592782674947015309e+00,-4.773291166219026493e+00,5.465993239683113458e+00
-8.510206622391967457e+00,-4.666739681470494894e+00,5.753192615373663443e+00
-8.426144381890759760e+00,-4.589803528257863086e+00,5.905103403593217060e+00
-8.291615461223555528e+00,-4.521976348454237460e+00,5.901901969264706338e+00
-8.072490742905111816e+00,-4.439309591794100562e+00,5.772803603255173499e+00
-7.765090280434034042e+00,-4.324798484278152166e+00,5.585200737799970838e+00
-7.401634272850084351e+00,-4.176143795084205301e+00,5.422461127508701573e+00
-7.043142014192413036e+00,-4.008010380080159862e+00,5.357751223296663312e+00
-6.761668482972742922e+00,-3.847841049827257720e+00,5.432366993722694382e+00
-6.617502216002638882e+00,-3.726566198110671468e+00,5.645364795514488776e+00
-6.638841342788685651e+00,-3.667390016358769600e+00,5.957384088743050476e+00
-6.810849395661087158e+00,-3.676594439169509787e+00,6.306770715863253329e+00
-7.078042702090857397e+00,-3.739708907461721132e+00,6.632056300837838592e+00
-7.359638904839646223e+00,-3.824634266012731487e+00,6.892878153785532369e+00
-7.573232300689806351e+00,-3.890968370970220747e+00,7.082173273549480896e+00
-7.659377532456472792e+00,-3.902647780072416417e+00,7.225663103256525055e+00
-7.599293795220775749e+00,-3.839819808014576008e+00,7.369152932963569214e+00
-7.420081328935723697e+00,-3.706009329503573646e+00,7.558448052727516853e+00
-7.185857175537271324e+00,-3.528111089230284492e+00,7.819269905675210630e+00
-6.977744213067251344e+00,-3.349044917213809924e+00,8.144555490649796781e+00
-6.869193881836007876e+00,-3.215297703254710981e+00,8.493942117769998745e+00
-6.904525594513879483e+00,-3.163251100118928960e+00,8.805961410998561334e+00
-7.087377816145986387e+00,-3.208600490800373350e+00,9.018959212790354840e+00
-7.382403516859843862e+00,-3.342172190831595113e+00,9.093574983216386798e+00
-7.729142769620408693e+00,-3.533372178680562747e+00,9.028865079004349425e+00
-8.063041020586785734e+00,-3.740037231531325279e+00,8.866125468713079272e+00
-8.336367911000269970e+00,-3.921421489527594062e+00,8.678522603257876611e+00
-8.532044999848501732e+00,-4.050106810115158495e+00,8.549424237248343772e+00
-8.665992456565167146e+00,-4.119075177176686253e+00,8.546222802919833939e+00
-8.777645657237293619e+00,-4.141861022100898460e+00,8.698133591139384890e+00
-8.912384605059125775e+00,-4.146037060601278412e+00,8.985332966829938428e+00
-9.102367075348260173e+00,-4.162491398809976317e+00,9.343220659550649287e+00
-9.352730778476683327e+00,-4.214289837844994224e+00,9.680715115429540774e+00
-9.638180446855255212e+00,-4.308947710266874509e+00,9.906931178613488598e+00
-9.911280922744868604e+00,-4.436666646496329136e+00,9.957855881297968281e+00
-1.011961204172184736e+01,-4.574969348019291004e+00,9.814638139614224599e+00
-1.022574275669280652e+01,-4.697922121131009376e+00,9.507841678009828712e+00
-1.022286073353107128e+01,-4.786539963357411054e+00,9.106570258520374495e+00
-1.014025349223914318e+01,-4.836567401048714743e+00,8.696249380733922507e+00
-1.003623559970922763e+01,-4.860755872580214465e+00,8.352429838513444338e+00
-9.980411307197398330e+00,-4.884696023611978077e+00,8.119095578808643410e+00
-1.003089602599404095e+01,-4.937545172979925567e+00,7.998268685479981599e+00
-1.021401329020575410e+01,-5.040830602796120274e+00,7.953803532899620166e+00
-1.051336862026240837e+01,-5.199269653528570068e+00,7.927479103609790023e+00
-1.087225191974062888e+01,-5.396954555049271463e+00,7.861445324431015180e+00
-1.120899780664615975e+01,-5.600490165299877532e+00,7.719108124875747379e+00
-1.144066945615504594e+01,-5.768332058865246914e+00,7.497287145851886159e+00
-1.129316083330127718e+01,-6.208467706068562464e+00,7.288494956328320562e+00
-1.117797382489833247e+01,-6.206548383424453696e+00,7.019489964707906537e+00
-1.091153038342020665e+01,-6.110216296762304822e+00,6.799807825993708477e+00
-1.055735900515245085e+01,-5.947686697836755521e+00,6.658843068942809751e+00
-1.019565688262573389e+01,-5.763767341025869406e+00,6.593446000093817538e+00
-9.899238317857951941e+00,-5.606760944551489878e+00,6.567375395986535302e+00
-9.712701906088065940e+00,-5.514263794354746118e+00,6.523338984912647298e+00
-9.641309857866259492e+00,-5.502330674206625361e+00,6.403677127601229202e+00
-9.652775698694375350e+00,-5.561383282842268017e+00,6.172592721460675058e+00
-9.690865764675120175e+00,-5.660049775204406330e+00,5.832088353032082395e+00
-9.695872454525915174e+00,-5.755562294521372024e+00,5.425723867635420916e+00
-9.624889391946464201e+00,-5.807253308743998588e+00,5.028321583927874094e+00
-9.465098961534089028e+00,-5.788764375600683465e+00,4.724483312490290743e+00
-9.235844065992539598e+00,-5.695107255832108528e+00,4.582646503666548909e+00
-8.979203645554342472e+00,-5.542505588745630263e+00,4.633080180626867772e+00
-8.742769384381357867e+00,-5.361384734774947702e+00,4.857115025258990748e+00
-8.560972611531303400e+00,-5.185144705954334299e+00,5.191355295038363238e+00
-8.441738431525315889e+00,-5.038688512827304677e+00,5.545792166169110970e+00
-8.363313538401186520e+00,-4.930647720843352566e+00,5.830222310543759612e+00
-8.282496243220892396e+00,-4.851875999058500533e+00,5.980668345885806758e+00
-8.151440178458219776e+00,-4.780551056867146542e+00,5.977497780399462002e+00
-7.937106973265361631e+00,-4.691905278876196128e+00,5.849644205528926832e+00
-7.636382944859920308e+00,-4.568991688920477579e+00,5.663850242787116684e+00
-7.281233397755461745e+00,-4.410536651818044440e+00,5.502679798947105461e+00
-6.931603254537114900e+00,-4.232954637162578138e+00,5.438593840009190217e+00
-6.657963825928085555e+00,-4.065651914268450184e+00,5.512490150904270081e+00
-6.519030693921685327e+00,-3.941120974230636342e+00,5.723434187148971120e+00
-6.541994482906704711e+00,-3.883208114085205054e+00,6.032444930669177197e+00
-6.711973613850394926e+00,-3.897670095735901619e+00,6.378462705100017338e+00
-6.974496660835711737e+00,-3.968456979487645864e+00,6.700611824243656756e+00
-7.250598199438976543e+00,-4.061281833859346158e+00,6.958918782995227481e+00
-7.459964193630660212e+00,-4.133588356395191177e+00,7.146388683006044573e+00
-7.544873377208473286e+00,-4.147829239325734996e+00,7.288494956328320562e+00
-7.487352786365627288e+00,-4.083768691157754205e+00,7.430601229650596551e+00
-7.314118460547351930e+00,-3.945738907837682330e+00,7.618071129661412755e+00
-7.087801241302111421e+00,-3.762356712733253339e+00,7.876378088412984368e+00
-6.887367015716986174e+00,-3.578630682122920792e+00,8.198527207556622898e+00
-6.784076987804333214e+00,-3.442861672391535954e+00,8.544544981987462151e+00
-6.820669819418395008e+00,-3.392441441836354432e+00,8.853555725507670005e+00
-7.000258864520722213e+00,-3.443019550490633574e+00,9.064499761752371043e+00
-7.288140563484218681e+00,-3.584415679784031639e+00,9.138396072647450907e+00
-7.625419216593469329e+00,-3.784464971541799283e+00,9.074310113709536552e+00
-7.949505872918736671e+00,-3.999423197212613967e+00,8.913139669869524440e+00
-8.214421241655713857e+00,-4.187472497299454588e+00,8.727345707127714292e+00
-8.404112821887389728e+00,-4.320941224696827732e+00,8.599492132257179122e+00
-8.534557813508710566e+00,-4.393377704805898176e+00,8.596321566770834366e+00
-8.644371050206864027e+00,-4.419406004771205154e+00,8.746767602112880624e+00
-8.777615067101542934e+00,-4.427731180794665100e+00,9.031197746487531930e+00
-8.965160989345966058e+00,-4.449928776079974391e+00,9.385634617618276110e+00
-9.211376949404259662e+00,-4.508990738373466201e+00,9.719874887397651264e+00
-9.490990156690028101e+00,-4.611569380940284901e+00,9.943909732029773352e+00
-9.757350819634762473e+00,-4.746489992545433800e+00,9.994343408990092215e+00
-9.959269057188732788e+00,-4.889872308596653561e+00,9.852506600166350381e+00
-1.006049977395054817e+01,-5.014880965433044402e+00,9.548668328728767918e+00
-1.005489023406460447e+01,-5.102511377886655097e+00,9.151266045021221984e+00
-9.971563628194033413e+00,-5.149462256937280102e+00,8.744901559624558729e+00
-9.867847075406348978e+00,-5.170169900919748152e+00,8.404397191195966954e+00
-9.811843604118866580e+00,-5.192130941339594408e+00,8.173312785055413698e+00
-9.860172843083971017e+00,-5.246015155788984252e+00,8.053650927743992938e+00
-1.003822197768997526e+01,-5.353950605834629783e+00,8.009614516670104933e+00
-1.032961587224752797e+01,-5.520096843491227645e+00,7.983543912562824474e+00
-1.067871381029392097e+01,-5.726943126759312719e+00,7.918146843713832261e+00
-1.100571660387790729e+01,-5.938892197762815073e+00,7.777182086662933536e+00
-1.122982001005903996e+01,-6.112240522719843305e+00,7.557499947948734587e+00
-1.106879435440553650e+01,-6.546066733175214480e+00,7.351326809400116957e+00
-1.095482561431136759e+01,-6.540583226769401293e+00,7.084896018605470580e+00
-1.069405898538384747e+01,-6.436930950914081961e+00,6.867316093457936255e+00
-1.034850620895687179e+01,-6.265017749546442083e+00,6.727700276409297686e+00
-9.996163872140066076e+00,-6.071695646960800552e+00,6.662929014492807944e+00
-9.707611200135822571e+00,-5.907046795695591435e+00,6.637107888918310827e+00
-9.525828585660747194e+00,-5.809676806264321591e+00,6.593492877332467472e+00
-9.455525844442432160e+00,-5.795642690770985261e+00,6.474976105285261241e+00
-9.465039223944122782e+00,-5.854458049085599747e+00,6.246103024910544477e+00
-9.499676645540525044e+00,-5.953317136712816371e+00,5.908857059313461946e+00
-9.501661566253364555e+00,-6.048024744399008945e+00,5.506381214746733477e+00
-9.429784338880615735e+00,-6.096987551533880278e+00,5.112781809494041596e+00
-9.272176284215278841e+00,-6.073713472332244123e+00,4.811851070457709767e+00
-9.048140937900861047e+00,-5.973866200705531426e+00,4.671371546598082958e+00
-8.798829287346361383e+00,-5.814815280977319034e+00,4.721322606443768777e+00
-8.570407798297917878e+00,-5.628160639283950495e+00,4.943213584976684061e+00
-8.395922407095296691e+00,-5.448037513138128674e+00,5.274255395228268029e+00
-8.282443769973058423e+00,-5.299344988528370770e+00,5.625300538641059056e+00
-8.208168847480651564e+00,-5.189951064863821628e+00,5.907008873624321588e+00
-8.130615019848962177e+00,-5.109457393279399184e+00,6.056015239367384062e+00
-8.003096056547681414e+00,-5.034772664029607547e+00,6.052875014107232943e+00
-7.793676413586982932e+00,-4.940350546258764908e+00,5.926244913849665785e+00
-7.499800949250810866e+00,-4.809317650276256906e+00,5.742228877121166697e+00
-7.153153082121204598e+00,-4.641407597537187790e+00,5.582600728415247460e+00
-6.812564148073525949e+00,-4.454734657173970547e+00,5.519128029950397085e+00
-6.546881818866147285e+00,-4.280601703555841020e+00,5.592317201757158962e+00
-6.413220264440758100e+00,-4.153001068606476665e+00,5.801242642328148236e+00
-6.437754761691534711e+00,-4.096385107062049613e+00,6.107296356291582740e+00
-6.605574317508087212e+00,-4.115989710385686173e+00,6.450002968222036337e+00
-6.863254699335092468e+00,-4.194231754339860174e+00,6.769069332196246513e+00
-7.133691394291238552e+00,-4.294712538985622885e+00,7.024904463259734833e+00
-7.338702103915148101e+00,-4.372805211690321769e+00,7.210580399639960447e+00
-7.422314229418716991e+00,-4.389544398847069928e+00,7.351326809400116957e+00
-7.367365119233955539e+00,-4.324338699649866058e+00,7.492073219160272579e+00
-7.200167325888832792e+00,-4.182307877321812306e+00,7.677749155540498194e+00
-6.981831471680653323e+00,-3.993729382182476417e+00,7.933584286603986513e+00
-6.789128975214231865e+00,-3.805615734415369822e+00,8.252650650578196689e+00
-6.691101642761378088e+00,-3.667998926291798689e+00,8.595357262508649399e+00
-6.728895003867064517e+00,-3.619224234972595156e+00,8.901410976472085679e+00
-6.905104237581609183e+00,-3.674880673276043730e+00,9.110336417043074064e+00
-7.185691546292499510e+00,-3.823810682942364370e+00,9.183525588849837717e+00
-7.513354261252070287e+00,-4.032340666122013140e+00,9.120052890384986455e+00
-7.827493845723047627e+00,-4.255219222884987218e+00,8.960424741679066329e+00
-8.083894432450309253e+00,-4.449618676316005939e+00,8.776408704950569017e+00
-8.267525847422174223e+00,-4.587646306222298520e+00,8.649778604693000972e+00
-8.394405303649067562e+00,-4.663412382880100182e+00,8.646638379432850741e+00
-8.502304287161971175e+00,-4.692595198068986839e+00,8.795644745175911439e+00
-8.633949130029762387e+00,-4.704981884159025185e+00,9.077353080159175747e+00
-8.818918132983570857e+00,-4.732790801869305675e+00,9.428398223571964110e+00
-9.060820209944475678e+00,-4.798918537938791751e+00,9.759440033823549854e+00
-9.334429810914441461e+00,-4.909164255233591234e+00,9.981331012356465138e+00
-9.593913997990387799e+00,-5.051014355078938145e+00,1.003128207220215096e+01
-9.789340680316652055e+00,-5.199236235665002148e+00,9.890802548342524148e+00
-9.885664170795964267e+00,-5.326136853630231371e+00,9.589871809306192318e+00
-9.877384854201043396e+00,-5.412711360351560863e+00,9.196272404053502214e+00
-9.793435702088448380e+00,-5.456597699039750005e+00,8.793796559486771969e+00
-9.690118118102201805e+00,-5.473870423798082641e+00,8.456550593889691214e+00
-9.633994721193868571e+00,-5.493868300752632550e+00,8.227677513514974450e+00
-9.680161514230530173e+00,-5.548714075805954771e+00,8.109160741467766442e+00
-9.853061928816133630e+00,-5.661103045030541736e+00,8.065545729881922199e+00
-1.013635612695129673e+01,-5.834643490018724066e+00,8.039724604307426858e+00
-1.047550779215030126e+01,-6.050269800227855654e+00,7.974953342390937117e+00
-1.079262779853623222e+01,-6.270260190133068789e+00,7.835337525342298548e+00
-1.100908426183895017e+01,-6.448836864272470493e+00,7.617757600194762446e+00
-1.083481730827852907e+01,-6.875984149198897555e+00,7.414158662471912464e+00
-1.072215575035549584e+01,-6.867009434435945359e+00,7.150254681928426059e+00
-1.046721458437418306e+01,-6.756277654236761521e+00,6.934738268973569042e+00
-1.013045660935712000e+01,-6.575327753699667710e+00,6.796446558184159770e+00
-9.787642876295389982e+00,-6.372971213565967297e+00,6.732289582207005907e+00
-9.507090546769525474e+00,-6.200986654407154575e+00,6.706713342310337111e+00
-9.330150252462573235e+00,-6.098931928074613040e+00,6.663511972323690635e+00
-9.260985259985881513e+00,-6.082850450958864563e+00,6.546119204726757346e+00
-9.268573851419265708e+00,-6.141375250563895882e+00,6.319416740007913980e+00
-9.299790055721604887e+00,-6.240326116742712870e+00,5.985369190631763203e+00
-9.298808556739066589e+00,-6.334150991646457562e+00,5.586710397716093013e+00
-9.226124765423170615e+00,-6.380389201785505726e+00,5.196843860609297039e+00
-9.070812609793804882e+00,-6.352443590084265068e+00,4.898767126825203988e+00
-8.852118032263529557e+00,-6.246621683313585471e+00,4.759619900557412464e+00
-8.610241218085567638e+00,-6.081400129745845540e+00,4.809097228182817929e+00
-8.389905065152108321e+00,-5.889500090203730664e+00,5.028883808806147826e+00
-8.222763908092252549e+00,-5.705744535801847483e+00,5.356786042595073738e+00
-8.115043207878313680e+00,-5.555004230082507988e+00,5.704501899387690145e+00
-8.044912563974358832e+00,-5.444390352406370148e+00,5.983538533001340198e+00
-7.970636544879694085e+00,-5.362286497514404893e+00,6.131131733204020939e+00
-7.846712943964344156e+00,-5.284379095835220141e+00,6.128021289611952582e+00
-7.642319519888415513e+00,-5.184382975915461600e+00,6.002592140019591405e+00
-7.355451592005151973e+00,-5.045513523330868111e+00,5.820321298006000177e+00
-7.017484897872747318e+00,-4.868492777867684751e+00,5.662207051057909446e+00
-6.686100480106094146e+00,-4.673084771936603765e+00,5.599336323051020692e+00
-6.428485492167483883e+00,-4.492422254223914280e+00,5.671831374073005527e+00
-6.300126923524802081e+00,-4.361935547031896121e+00,5.878775380953886298e+00
-6.326178230491912302e+00,-4.306647537182396235e+00,6.181926503743296664e+00
-6.491714219061343272e+00,-4.331277976564022580e+00,6.521382911079967926e+00
-6.744390501150547834e+00,-4.416756911176997313e+00,6.837423272853434320e+00
-7.009003970784318582e+00,-4.524649691883582570e+00,7.090832082132379810e+00
-7.209540486202822507e+00,-4.608342040651602467e+00,7.274747081430070317e+00
-7.291797970117966265e+00,-4.627515705630112386e+00,7.414158662471912464e+00
-7.239425586123175549e+00,-4.561250658407157488e+00,7.553570243513753724e+00
-7.078314189405631396e+00,-4.415434263217091093e+00,7.737485242811445119e+00
-6.868022947017285773e+00,-4.221943349179795746e+00,7.990894052090389721e+00
-6.683094966180254559e+00,-4.029710173852198096e+00,8.306934413863857003e+00
-6.590326882372018247e+00,-3.890415864268716994e+00,8.646390821200526489e+00
-6.629260862336051829e+00,-3.843303447307015563e+00,8.949541943989938630e+00
-6.801981185413589870e+00,-3.903887214883853929e+00,9.156485950870818513e+00
-7.075136645867699414e+00,-4.060061866287343335e+00,9.228981001892805125e+00
-7.393043718534969777e+00,-4.276706769916831519e+00,9.166110273885916371e+00
-7.697116097478046370e+00,-4.507136410004704885e+00,9.007996026937824752e+00
-7.944911358044610239e+00,-4.707574534496854923e+00,8.825725184924234412e+00
-8.122417039793251803e+00,-4.849938956848223626e+00,8.700296035331872346e+00
-8.245673867425846737e+00,-4.928897025100797080e+00,8.697185591739803101e+00
-8.351588847234241442e+00,-4.961145855356470236e+00,8.844778791942482954e+00
-8.481535452012206378e+00,-4.977504860693417577e+00,9.123815425556136560e+00
-8.663794601948046292e+00,-5.010791363778086982e+00,9.471531282348749414e+00
-8.901226842056074062e+00,-5.083785894491935409e+00,9.799433516137677103e+00
-9.168677760305261160e+00,-5.201444943414868405e+00,1.001922009676100700e+01
-9.421160830210524750e+00,-5.349953712218031399e+00,1.006869742438641246e+01
-9.610026976490138040e+00,-5.502777705698167487e+00,9.929550198118620941e+00
-9.701441621550445760e+00,-5.631409682935921701e+00,9.631473464334529666e+00
-9.690551291333772355e+00,-5.716863215950579225e+00,9.241606927227733692e+00
-9.606073908268083272e+00,-5.757699991549647400e+00,8.842948134312061725e+00
-9.503249274331341923e+00,-5.771585955122951361e+00,8.508900584935911837e+00
-9.447063387324075023e+00,-5.789638240018732063e+00,8.282198120217067583e+00
-9.491063364359847654e+00,-5.845373436361589015e+00,8.164805352620135181e+00
-9.658742754736874048e+00,-5.962021012243079454e+00,8.121603982633487817e+00
-9.933812408582666009e+00,-6.142644885871671789e+00,8.096027742736820798e+00
-1.026287306874086624e+01,-6.366672801201104903e+00,8.031870766759665159e+00
-1.056998600591951742e+01,-6.594335806670763134e+00,7.893579055970256775e+00
-1.077872778525375708e+01,-6.777866171510937399e+00,7.678062643015397981e+00
-1.059150333494133989e+01,-7.197978233568862017e+00,7.476990515543707971e+00
-1.048023351229772793e+01,-7.185586568738602686e+00,7.215563461020122027e+00
-1.023125529152149049e+01,-7.068015475682659421e+00,7.002069822446553182e+00
-9.903453066525802484e+00,-6.878373824871575337e+00,6.865076077440324553e+00
-9.570320969034042946e+00,-6.667348484057166402e+00,6.801521260183280404e+00
-9.297890420810551504e+00,-6.488332538079997214e+00,6.776185071436884755e+00
-9.125872855984887622e+00,-6.381779888145434398e+00,6.733389176946269039e+00
-9.057891224827795185e+00,-6.363705073629632558e+00,6.617098223728984152e+00
-9.063583828029216249e+00,-6.421888095280795739e+00,6.392523522420456850e+00
-9.091412837483460407e+00,-6.520833191147163532e+00,6.061611246203996828e+00
-9.087521580511261021e+00,-6.613701050405939696e+00,5.666694148791370012e+00
-9.014116760880970247e+00,-6.657221055541215904e+00,5.280486785631323343e+00
-8.861207792027430585e+00,-6.624718708497227659e+00,4.985207713391842432e+00
-8.647965466767544740e+00,-6.513136853157320161e+00,4.847366482526734188e+00
-8.413618094514141887e+00,-6.342020556632844475e+00,4.896379430342717498e+00
-8.201428806218540757e+00,-6.145159469382139861e+00,5.114103158032758500e+00
-8.041655815509114902e+00,-5.958017657073220619e+00,5.438927796807080384e+00
-7.939689232578548861e+00,-5.805414007569656754e+00,5.783380093681245171e+00
-7.873692950485478015e+00,-5.693710207184338401e+00,6.059797770593750244e+00
-7.802705110428809654e+00,-5.610105919588556311e+00,6.206005703938426876e+00
-7.682429357854929641e+00,-5.529111815738570357e+00,6.202924454065417592e+00
-7.483165694184595651e+00,-5.423743214345478236e+00,6.078672545997187981e+00
-7.203451503195241301e+00,-5.277318863418482664e+00,5.898112445103615542e+00
-6.874330235221983720e+00,-5.091529958730812488e+00,5.741482212498833171e+00
-6.552298383829940676e+00,-4.887740172663018967e+00,5.679201570862637105e+00
-6.302848704908351252e+00,-4.700845675887291186e+00,5.751016204416797173e+00
-6.179817832648405229e+00,-4.567653463580073847e+00,5.956017895027001963e+00
-6.207332234302076479e+00,-4.513722007237074507e+00,6.256323729532194733e+00
-6.370467235403404871e+00,-4.543260041930868631e+00,6.592594097741216075e+00
-6.617988703123799610e+00,-4.635757175061030466e+00,6.905668196581463469e+00
-6.876632056377484759e+00,-4.750818265260868145e+00,7.156698584466073321e+00
-7.072584203778905731e+00,-4.839924076012053433e+00,7.338887411061586263e+00
-7.153432827984715914e+00,-4.861467929794703657e+00,7.476990515543707971e+00
-7.103639495701257189e+00,-4.794227601628567648e+00,7.615093620025829679e+00
-6.948656211499047330e+00,-4.644837939339804045e+00,7.797282446621341734e+00
-6.746462146669193416e+00,-4.446714243614466433e+00,8.048312834505951585e+00
-6.569341757688267336e+00,-4.250625068933651995e+00,8.361386933346198091e+00
-6.481823988282984672e+00,-4.109819656693121104e+00,8.697657301555219433e+00
-6.521839461439268959e+00,-4.064383919770350850e+00,8.997963136060413092e+00
-6.690969133363053878e+00,-4.129743808259293658e+00,9.202964826670617882e+00
-6.956567793277390166e+00,-4.292875801108166911e+00,9.274779460224777949e+00
-7.264594575671335264e+00,-4.517273420401633821e+00,9.212498818588583660e+00
-7.558494350140535722e+00,-4.754889178936970495e+00,9.055868585983800401e+00
-7.797605930031418886e+00,-4.961058457800982424e+00,8.875308485090227961e+00
-7.968929025012600142e+00,-5.107540357518762342e+00,8.751056577021998351e+00
-8.088511895882980696e+00,-5.189554005834596140e+00,8.747975327148989066e+00
-8.192377563475890412e+00,-5.224780039329564474e+00,8.894183260493663923e+00
-8.320531982282879824e+00,-5.245020919025725092e+00,9.170600937406172548e+00
-8.499955669982123041e+00,-5.283649899969390162e+00,9.515053234280333783e+00
-8.732772087329468746e+00,-5.363311573866234028e+00,9.839877873054657442e+00
-8.993920984079869285e+00,-5.488130784995663092e+00,1.005760160074469844e+01
-9.239289914524222880e+00,-5.643029351131446880e+00,1.010661454856068175e+01
-9.421535835470789877e+00,-5.800221030369492325e+00,9.968773317695573510e+00
-9.508045299249154425e+00,-5.930427282124162147e+00,9.673494245456094376e+00
-9.494603538199939408e+00,-6.014698139790533915e+00,9.287286882296047708e+00
-9.409689653598622527e+00,-6.052503078172253304e+00,8.892369784883419115e+00
-9.307448288411112713e+00,-6.063052438712285053e+00,8.561457508666959981e+00
-9.251255495994799460e+00,-6.079178188931289029e+00,8.336882807358433567e+00
-9.293086741078862900e+00,-6.135732128044994127e+00,8.220591854141147792e+00
-9.455480778602456837e+00,-6.256445368385125327e+00,8.177795959650531188e+00
-9.722213969473484596e+00,-6.443844721124700747e+00,8.152459770904135539e+00
-1.004105447366334047e+01,-6.675899502874737657e+00,8.088904953647091389e+00
-1.033805086877809742e+01,-6.910870555822362427e+00,7.951911208640863649e+00
-1.053902070267317193e+01,-7.099083844958533618e+00,7.738417570067293916e+00
-1.033912993839049754e+01,-7.511817602814148565e+00,7.539822368615504367e+00
-1.022933210178167229e+01,-7.496084267262647316e+00,7.280819911453619397e+00
-9.986443485019353972e+00,-7.371912996926258899e+00,7.069306313215848014e+00
-9.667743244519874324e+00,-7.173921858759907622e+00,6.933583112581230168e+00
-9.344430617323457255e+00,-6.954589944028326087e+00,6.870617732567112057e+00
-9.080230775472303506e+00,-6.768843904024056890e+00,6.845516523541932408e+00
-8.913208534343693756e+00,-6.657978472664886738e+00,6.803117538288819155e+00
-8.846453108625480510e+00,-6.637964578230048041e+00,6.687905122022784532e+00
-8.850279509939294798e+00,-6.695756690283657164e+00,6.465413232033421664e+00
-8.874757699434947966e+00,-6.794601775427138612e+00,6.137569991779329825e+00
-8.868014438239976371e+00,-6.886441841091370364e+00,5.746315541120009307e+00
-8.793971976092455733e+00,-6.927252628966904524e+00,5.363690046544657974e+00
-8.643567363319444752e+00,-6.890309171541757927e+00,5.071149531187982618e+00
-8.435879358889177837e+00,-6.773180745087849175e+00,4.934586704676618751e+00
-8.209145041597434300e+00,-6.596442354771836492e+00,4.983145083380844831e+00
-8.005153635001294177e+00,-6.394900075884484281e+00,5.198849538900686795e+00
-7.852764309810660315e+00,-6.204613345296112747e+00,5.520661601323171297e+00
-7.756542200861458625e+00,-6.050326473014343343e+00,5.861919285720235351e+00
-7.694666422278596762e+00,-5.937659506648656382e+00,6.135773335194139477e+00
-7.626973378847085705e+00,-5.852662373673300777e+00,6.280625267454332139e+00
-7.510392409751832865e+00,-5.768716128067647553e+00,6.277572594540683504e+00
-7.316353235591175341e+00,-5.658175301625762543e+00,6.154473057060254604e+00
-7.043926631388149673e+00,-5.504475991178985339e+00,5.975587555396868922e+00
-6.723800330861756436e+00,-5.310258935611897435e+00,5.820409985177882994e+00
-6.411254407945259359e+00,-5.098437365947974698e+00,5.758706963481105667e+00
-6.170056241608151915e+00,-4.905604847866605667e+00,5.829855554374285376e+00
-6.052371427931470649e+00,-4.769884383544381379e+00,6.032955962964909880e+00
-6.081295514084450460e+00,-4.717335710776511704e+00,6.330476620031709523e+00
-6.241918566688253733e+00,-4.751662025827187996e+00,6.663628258815180061e+00
-6.484144940775161459e+00,-4.850958808322380911e+00,6.973798761333124041e+00
-6.736682435991811602e+00,-4.972945355316146454e+00,7.222500975428372882e+00
-6.927948514273118086e+00,-5.067279117624896578e+00,7.403000097226117404e+00
-7.007337353737127295e+00,-5.091128595570570958e+00,7.539822368615504367e+00
-6.960122651768572588e+00,-5.022995216469398727e+00,7.676644640004891329e+00
-6.811301443781825782e+00,-4.870241102070474781e+00,7.857143761802635851e+00
-6.617246965624233646e+00,-4.667759587742014382e+00,8.105845975897883804e+00
-6.447958047506359591e+00,-4.468073009525880934e+00,8.416016478415828672e+00
-6.365676528954058000e+00,-4.325918823384741430e+00,8.749168117199298322e+00
-6.406715252444564968e+00,-4.282171949853947446e+00,9.046688774266097965e+00
-6.572159691838764140e+00,-4.352156928810110514e+00,9.249789182856721581e+00
-6.830088647123893963e+00,-4.521961491468200478e+00,9.320937773749903954e+00
-7.128124932948433745e+00,-4.753753863298088689e+00,9.259234752053126627e+00
-7.411760796430209908e+00,-4.998195696683483291e+00,9.104057181834139811e+00
-7.642121977599281024e+00,-5.209793094871168151e+00,8.925171680170754129e+00
-7.807213953293610231e+00,-5.360176321930396171e+00,8.802072142690326118e+00
-7.923077077866514273e+00,-5.445110595758321459e+00,8.799019469776675706e+00
-8.024832455870429371e+00,-5.483224947259178528e+00,8.943871402036869256e+00
-8.151105775526009012e+00,-5.507256302369578194e+00,9.217725451510775159e+00
-8.327575577688284270e+00,-5.551091700553354435e+00,9.558983135907835660e+00
-8.555639904024090470e+00,-5.637220727733874170e+00,9.880795198330321938e+00
-8.810354813013541175e+00,-5.768948094984100550e+00,1.009649965385016301e+01
-9.048507768054250278e+00,-5.929970078746025663e+00,1.014505803255438998e+01
-9.224082644173410728e+00,-6.091298434417114827e+00,1.000849520604302612e+01
-9.305695541471312282e+00,-6.222925565300397643e+00,9.715954690686352535e+00
-9.289762554836094921e+00,-6.305955358415705092e+00,9.333329196111000314e+00
-9.204501244235906654e+00,-6.340748721971023016e+00,8.942074745451678908e+00
-9.102929805360762572e+00,-6.348013391463849686e+00,8.614231505197587069e+00
-9.046783817568449848e+00,-6.362233012325770432e+00,8.391739615208225089e+00
-9.086446723300809936e+00,-6.419536561449143974e+00,8.276527198942190466e+00
-9.243498725174150721e+00,-6.544124849862035909e+00,8.234128213689075437e+00
-9.501795947939410070e+00,-6.737995148059556350e+00,8.209027004663896676e+00
-9.810302090976080081e+00,-6.977706439894359569e+00,8.146061624649778565e+00
-1.009708664352360330e+01,-7.219625753937180868e+00,8.010338424015161607e+00
-1.029023724963345288e+01,-7.412255522895831561e+00,7.798824825777389336e+00
-1.007797806520348871e+01,-7.817281097985769200e+00,7.602654221687299874e+00
-9.969728237237898583e+00,-7.798282138557194543e+00,7.346021640444045708e+00
-9.733045434707413790e+00,-7.667748239904051744e+00,7.136443394435822540e+00
-9.423579273573933435e+00,-7.461746506828198733e+00,7.001962062887344906e+00
-9.110209380715470928e+00,-7.234466146681088894e+00,6.939572816935575261e+00
-8.854337183792614141e+00,-7.042287717020350613e+00,6.914701284305937001e+00
-8.692375363324497783e+00,-6.927292618967012316e+00,6.872690250330301787e+00
-8.626886288456272922e+00,-6.905393984724724987e+00,6.758532029201363756e+00
-8.628877123182206788e+00,-6.962748132626151332e+00,6.538075942956700359e+00
-8.650042978726879994e+00,-7.061402299394581306e+00,6.213232472699688813e+00
-8.640506344880423129e+00,-7.152147251487556368e+00,5.825558005453789434e+00
-8.565907404985335205e+00,-7.190260217232034456e+00,5.446433539229229126e+00
-8.418102337101325716e+00,-7.148991760062129330e+00,5.156569773468541840e+00
-8.216061653489212802e+00,-7.026528380741928537e+00,5.021256498631226250e+00
-7.997013505024536784e+00,-6.844436829235183595e+00,5.069370567526195970e+00
-7.801261029861874974e+00,-6.638488307873715577e+00,5.283101324416767497e+00
-7.656262936473936520e+00,-6.445292872931375427e+00,5.601968802199333908e+00
-7.565770230819151898e+00,-6.289498407838031824e+00,5.940103974257469943e+00
-7.507997442476753491e+00,-6.175991649840040232e+00,6.211452255546085155e+00
-7.443602283625422089e+00,-6.089706964654896026e+00,6.354978790704674196e+00
-7.330757719655204063e+00,-6.002941481369576060e+00,6.351954049788677281e+00
-7.142029277902799400e+00,-5.887427001918360325e+00,6.229980874709077909e+00
-6.877012214292369308e+00,-5.726730360972556610e+00,6.052732177758781695e+00
-6.566016276741564184e+00,-5.524421948582442177e+00,5.898974484365690607e+00
-6.263075561469081620e+00,-5.304914637661102716e+00,5.837836046135912227e+00
-6.030203883276930910e+00,-5.106433925248095029e+00,5.908333626478652789e+00
-5.917877501755950398e+00,-4.968358916384767454e+00,6.109575663636598541e+00
-5.948158281184049656e+00,-4.917216971474489995e+00,6.404374002744702921e+00
-6.106164748230371586e+00,-4.956211544824312476e+00,6.734477299614134438e+00
-6.342965868798004614e+00,-5.062090108069634553e+00,7.041809737919709100e+00
-6.589272540752121543e+00,-5.190760647216150936e+00,7.288236323457016219e+00
-6.775759034457189856e+00,-5.290137973385037107e+00,7.467083875896038059e+00
-6.853640374171510175e+00,-5.316228414347246023e+00,7.602654221687299874e+00
-6.809001310803291851e+00,-5.247282288952789919e+00,7.738224567478561688e+00
-6.666368801000838396e+00,-5.091368747403826056e+00,7.917072119917583528e+00
-6.480486704993959179e+00,-4.884799314337223031e+00,8.163498705454889759e+00
-6.319044467555572808e+00,-4.681768664365678845e+00,8.470831143760463533e+00
-6.241980369972472076e+00,-4.538423817081595146e+00,8.800934440629895050e+00
-6.283985073020695644e+00,-4.496375879512559237e+00,9.095732779738000318e+00
-6.445656636724491406e+00,-4.570835462829784035e+00,9.296974816895946958e+00
-6.695814543950040942e+00,-4.747030903056074891e+00,9.367472397238687520e+00
-6.983763921351829218e+00,-4.985864930304375164e+00,9.306333959008910028e+00
-7.257057987565801227e+00,-5.236778302345697966e+00,9.152576265615817164e+00
-7.478613111681879033e+00,-5.453505738065933528e+00,8.975327568665521838e+00
-7.637433346229069997e+00,-5.607577645912728670e+00,8.853354393585922466e+00
-7.749536234187340611e+00,-5.695299292151153381e+00,8.850329652669925551e+00
-7.849124552109656427e+00,-5.736213230050008605e+00,8.993856187828512816e+00
-7.973432794794883982e+00,-5.763942997170935278e+00,9.265204469117131580e+00
-8.146837311039869078e+00,-5.812848200128156506e+00,9.603339641175264063e+00
-8.370022715615705877e+00,-5.905245160862893528e+00,9.922207118957832250e+00
-8.618182646426209459e+00,-6.043630397515547870e+00,1.013593787584840378e+01
-8.849028516324779048e+00,-6.210512418196952211e+00,1.018405194474337350e+01
-9.017889958199441836e+00,-6.375750218221593713e+00,1.004873866990605791e+01
-9.094619516554438121e+00,-6.508648670146468085e+00,9.758874904145370621e+00
-9.076255941658791571e+00,-6.590382256317409038e+00,9.379750437920812089e+00
-8.990733573499319675e+00,-6.622186631171719462e+00,8.992075970674910934e+00
-8.889915074565090336e+00,-6.626220033502251638e+00,8.667232500417899388e+00
-8.833867712223531399e+00,-6.638555141080163757e+00,8.446776414173237768e+00
-8.871364831241834281e+00,-6.696540787356640045e+00,8.332618193044298849e+00
-9.023025413685862972e+00,-6.824816161448397978e+00,8.290607159068661858e+00
-9.272799032368766348e+00,-7.024856830801017971e+00,8.265735626439024486e+00
-9.570870885358342406e+00,-7.271859305108637983e+00,8.203346380487255729e+00
-9.847361799872553334e+00,-7.520372469967245621e+00,8.068865048938777207e+00
-1.003265535551962628e+01,-7.717156986499769111e+00,7.859286802930553151e+00
-9.808331701444778616e+00,-8.114157653397750636e+00,7.665486074759096269e+00
-9.701701765916162401e+00,-8.091969640104865746e+00,7.411166309209990644e+00
-9.471330941933363334e+00,-7.955308578317740853e+00,7.203476817366074592e+00
-9.171217424268807150e+00,-7.741631136956202752e+00,7.070207454043409889e+00
-8.867899619153728707e+00,-7.506755726045826194e+00,7.008380470398648754e+00
-8.620440573519065453e+00,-7.308438506457291872e+00,6.983733084176004802e+00
-8.463597108799154611e+00,-7.189494499467615540e+00,6.942100660656747912e+00
-8.399411909772467766e+00,-7.165765404676551320e+00,6.828971252487427535e+00
-8.399598527693115102e+00,-7.222636591724024058e+00,6.610501953320489399e+00
-8.417492407722704684e+00,-7.321012273475783871e+00,6.288586026684448882e+00
-8.405221703120993482e+00,-7.410598189996938423e+00,5.904405346500672280e+00
-8.330145171465305864e+00,-7.446026946431491211e+00,5.528697613300702862e+00
-8.185029014471894016e+00,-7.400549758599144212e+00,5.241446148220500589e+00
-7.988719952558453130e+00,-7.272960865646314943e+00,5.107352339220899040e+00
-7.777421103099588784e+00,-7.085780934370546014e+00,5.155032796089247249e+00
-7.589939203154761671e+00,-6.875695842386869927e+00,5.366837375693739531e+00
-7.452332485502473070e+00,-6.679822533869239187e+00,5.682831166497839703e+00
-7.367549085764588668e+00,-6.522691468883469845e+00,6.017919007897915229e+00
-7.313858407961003394e+00,-6.408464823851351078e+00,6.286821853145228900e+00
-7.252760919875121282e+00,-6.320995471339602823e+00,6.429054903192015225e+00
-7.143689318336639005e+00,-6.231541771285105114e+00,6.426057421746454779e+00
-6.960349713414675676e+00,-6.111250134799282030e+00,6.305183489297010446e+00
-6.702852732884394094e+00,-5.943830931937990059e+00,6.129532187214069339e+00
-6.401109008947902801e+00,-5.733764102041524424e+00,5.977160183839964169e+00
-6.107879335147244682e+00,-5.506912523477927479e+00,5.916572735429049601e+00
-5.883398452082181151e+00,-5.303068852920707954e+00,5.986434979800704603e+00
-5.776437256155450228e+00,-5.162809257103874394e+00,6.185863390101115300e+00
-5.808022263160784959e+00,-5.113095790395385976e+00,6.478004957329378755e+00
-5.963313674921669083e+00,-5.156638244830422657e+00,6.805133308141723347e+00
-6.194569156175639080e+00,-5.268881908455632868e+00,7.109696015171593331e+00
-6.434530413720036535e+00,-5.403996883540892249e+00,7.353901763153025684e+00
-6.616151683845779452e+00,-5.508234901773753300e+00,7.531137511571929899e+00
-6.692480925612350973e+00,-5.536501718715008735e+00,7.665486074759096269e+00
-6.650412118048722121e+00,-5.466821150987523303e+00,7.799834637946262639e+00
-6.513988009344467756e+00,-5.307949149768139918e+00,7.977070386365165966e+00
-6.336302036047380959e+00,-5.097556287465148550e+00,8.221276134346597431e+00
-6.182713560210734371e+00,-4.891429341812255416e+00,8.525838841376469190e+00
-6.110843653474136161e+00,-4.747047610244206517e+00,8.852967192188813783e+00
-6.153758117877549338e+00,-4.706706685804238788e+00,9.145108759417077238e+00
-6.311575860143195271e+00,-4.785491277438339353e+00,9.344537169717487046e+00
-6.553872421841386853e+00,-4.967799491946477630e+00,9.414399414089142937e+00
-6.831651597024395173e+00,-5.213327515049101635e+00,9.353811965678229257e+00
-7.094538701491898358e+00,-5.470363929322459740e+00,9.201439962304123199e+00
-7.307242572703323447e+00,-5.691928700079445846e+00,9.025788660221182980e+00
-7.459757929778541907e+00,-5.849480451569544215e+00,8.904914727771737759e+00
-7.568065138952834836e+00,-5.939858143266586232e+00,8.901917246326176425e+00
-7.665433696390037355e+00,-5.983483304605282882e+00,9.044150296372963638e+00
-7.787697703286434070e+00,-6.014819033987890862e+00,9.313053141620278197e+00
-7.957932370013307555e+00,-6.068657261104561051e+00,9.648140983020351058e+00
-8.176121151377733653e+00,-6.167123587426736719e+00,9.964134773824453006e+00
-8.417615663674155257e+00,-6.311918646774168806e+00,1.017593935342894440e+01
-8.641073579940666605e+00,-6.484400791104732775e+00,1.022361981029729350e+01
-8.803187172909250791e+00,-6.653324905336776673e+00,1.008952600129769195e+01
-8.875050890981013296e+00,-6.787349080986460947e+00,9.802274536217488787e+00
-8.854317614422360094e+00,-6.867734487815614131e+00,9.426566803017522034e+00
-8.768617811537946949e+00,-6.896574571309435520e+00,9.042386122833743656e+00
-8.668631654808466536e+00,-6.897431405660212178e+00,8.720470196197704027e+00
-8.612732844126631093e+00,-6.907904691047010104e+00,8.502000897030766779e+00
-8.648068738381793352e+00,-6.966506604760527743e+00,8.388871488861443737e+00
-8.794295454601730455e+00,-7.098284056123190133e+00,8.347239065342186848e+00
-9.035469132280661952e+00,-7.304198980416124698e+00,8.322591679119543784e+00
-9.323020342987307529e+00,-7.558132930039427322e+00,8.260764695474783537e+00
-9.589148634870003463e+00,-7.812891452353019517e+00,8.127495332152118834e+00
-9.766556241374635405e+00,-8.013574046280835361e+00,7.919805840308201006e+00
-9.530477488766941008e+00,-8.402246148195773756e+00,7.728317927830891776e+00
-9.425535294375922746e+00,-8.376945940028234006e+00,7.476251635281591312e+00
-9.201572995433966895e+00,-8.234390634401785647e+00,7.270402435564411903e+00
-8.910917794201008491e+00,-8.013367781169209891e+00,7.138313943540918416e+00
-8.617748209545631255e+00,-7.771245399022336464e+00,7.077034795562811453e+00
-8.378776967646579976e+00,-7.567078413673952397e+00,7.052605804553172320e+00
-8.227102982886872695e+00,-7.444363596719533405e+00,7.011342277026385794e+00
-8.164256650557836892e+00,-7.418858123942789540e+00,6.899215284325022068e+00
-8.162670985090414888e+00,-7.475203383604704044e+00,6.682681794849854917e+00
-8.177334885442551382e+00,-7.573216347221963574e+00,6.363618296326570167e+00
-8.162389882399812890e+00,-7.661582631651727482e+00,5.982841758907598617e+00
-8.086912321842159912e+00,-7.694342819164280201e+00,5.610463091503032018e+00
-7.944568795225182889e+00,-7.644773017031994300e+00,5.325756900162426533e+00
-7.754067347166977875e+00,-7.512265482387994631e+00,5.192851267698648243e+00
-7.550571478008997417e+00,-7.320257408299919000e+00,5.240109238245734602e+00
-7.371382966809476578e+00,-7.106299813030572565e+00,5.450037062811768251e+00
-7.241160864838850131e+00,-6.907973859010874129e+00,5.763230900280955638e+00
-7.162062050128271906e+00,-6.749672432744470818e+00,6.095349600051290118e+00
-7.112429525894975235e+00,-6.634842268545905419e+00,6.361869754751420913e+00
-7.054626424297000931e+00,-6.546288628067796544e+00,6.502842508189847770e+00
-6.949359537740399162e+00,-6.454275642433441540e+00,6.499871586785699762e+00
-6.771479102790308069e+00,-6.329400906756623257e+00,6.380068692375972184e+00
-6.521601848714910332e+00,-6.155530540855505883e+00,6.205973798878773096e+00
-6.229219276272520922e+00,-5.938033788109578381e+00,6.054951931207996019e+00
-5.945793698944191519e+00,-5.704174284747226764e+00,5.994901335207377890e+00
-5.729757829041555617e+00,-5.495247886090117717e+00,6.064144545187202695e+00
-5.628163327364628543e+00,-5.352969734431217930e+00,6.261805863035966979e+00
-5.661000720462216584e+00,-5.304704399523112457e+00,6.551358826376333155e+00
-5.813484597669168252e+00,-5.352674338189855163e+00,6.875588562901129741e+00
-6.039083455529347333e+00,-5.471068086280205911e+00,7.177452604982337725e+00
-6.272594652329875231e+00,-5.612390334438750905e+00,7.419494498108504921e+00
-6.449272606889845605e+00,-5.721308054891731665e+00,7.595159798501868842e+00
-6.524008166600499870e+00,-5.751686896404287985e+00,7.728317927830891776e+00
-6.484502021966214613e+00,-5.681348127343087917e+00,7.861476057159913822e+00
-6.354299530926624584e+00,-5.519714341322796258e+00,8.037141357553277743e+00
-6.184824937537237943e+00,-5.305756824391742121e+00,8.279183250679444939e+00
-6.039089725169048073e+00,-5.096775552190863756e+00,8.581047292760652923e+00
-5.972386746399849677e+00,-4.951506283427400845e+00,8.905277029285450396e+00
-6.016155878067303675e+00,-4.912878572489342233e+00,9.194829992625816573e+00
-6.170045291411472732e+00,-4.995839790362778032e+00,9.392491310474580857e+00
-6.404400717152654465e+00,-5.183986731783804203e+00,9.461734520454406550e+00
-6.671938812561934995e+00,-5.435867046023634686e+00,9.401683924453788421e+00
-6.924365791691384331e+00,-5.698684523240492794e+00,9.250662056783010456e+00
-7.128183062072250387e+00,-5.924799685353391965e+00,9.076567163285812256e+00
-7.274367453260100369e+00,-6.085626525530727804e+00,8.956764268876083790e+00
-7.378848328299168813e+00,-6.178531066225676938e+00,8.953793347471934894e+00
-7.473948346505737028e+00,-6.224779658997588783e+00,9.094766100910362638e+00
-7.594093645313607865e+00,-6.259628780163063233e+00,9.361286255610494322e+00
-7.761060527770335504e+00,-6.318263447462168614e+00,9.693404955380826138e+00
-7.974143779527016918e+00,-6.422601876146283750e+00,1.000659879285001530e+01
-8.208872530777838961e+00,-6.573561435153232324e+00,1.021652661741604895e+01
-8.424871359150246874e+00,-6.751387685805719130e+00,1.026378458796313531e+01
-8.580210194789314571e+00,-6.923779375257395508e+00,1.013087895549935702e+01
-8.647229498693857153e+00,-7.058787737062664824e+00,9.846172764158751534e+00
-8.624187481771070196e+00,-7.137776074744386356e+00,9.473794096754186711e+00
-8.538391097444739231e+00,-7.163678464139922930e+00,9.093017559335212496e+00
-8.439313121272858709e+00,-7.161414474683328812e+00,8.773954060811929523e+00
-8.383610897393275252e+00,-7.170049570294373176e+00,8.557420571336763260e+00
-8.416791985947513766e+00,-7.229203657145009565e+00,8.445293578635396869e+00
-8.557548950874624083e+00,-7.364301402416913334e+00,8.404030051108611232e+00
-8.790057057037898858e+00,-7.575799376235551108e+00,8.379601060098973875e+00
-9.067014123910658085e+00,-7.836311250077650392e+00,8.318321912120865136e+00
-9.322722902151978630e+00,-8.096973039347139078e+00,8.186233420097373426e+00
-9.492224035737248045e+00,-8.301302411251731073e+00,7.980384220380191351e+00
-9.244704360494568007e+00,-8.681355242307924769e+00,7.791149780902687283e+00
-9.141513838167989903e+00,-8.653019764035548178e+00,7.541275394753063743e+00
-8.924047443881846675e+00,-8.504800162292902144e+00,7.337216208978902365e+00
-8.642944007700656073e+00,-8.276757071548045630e+00,7.206276325950533135e+00
-8.360006271552993695e+00,-8.027729957092505586e+00,7.145530046351064257e+00
-8.129587230987816326e+00,-7.817997230155015131e+00,7.121313483830732594e+00
-7.983127404190762277e+00,-7.691686770104564808e+00,7.080408773776701636e+00
-7.921652488987837692e+00,-7.664458677466592817e+00,6.969256809788589635e+00
-7.918326930483623904e+00,-7.720237037564151805e+00,6.754606242208788913e+00
-7.929804254036690203e+00,-7.817806360605054294e+00,6.438317241287873749e+00
-7.912245003705997703e+00,-7.904895657517860386e+00,6.060851842858467897e+00
-7.836440622952114410e+00,-7.935004754388992332e+00,5.691711288634095922e+00
-7.696947993356747730e+00,-7.881458007579157155e+00,5.409480832214315527e+00
-7.512322251637607806e+00,-7.744235780243274192e+00,5.277730914397679385e+00
-7.316674146428555403e+00,-7.547654904786515573e+00,5.324577941271853021e+00
-7.145793594289172823e+00,-7.330082985608313173e+00,5.532680285177689505e+00
-7.022942967595930064e+00,-7.129523829965847881e+00,5.843150666171419871e+00
-6.949499797262839174e+00,-6.970213438124122085e+00,6.172381343524650177e+00
-6.903898680812062594e+00,-6.854892539167662058e+00,6.436583904599620709e+00
-6.849383844572833446e+00,-6.765352404298956124e+00,6.576330793693725418e+00
-6.747948889383960314e+00,-6.670906788776671981e+00,6.573385706690412889e+00
-6.575590570812822833e+00,-6.541640242189212806e+00,6.454624588744728442e+00
-6.333422324141119830e+00,-6.361586275952353375e+00,6.282043581564291657e+00
-6.050497588113680436e+00,-6.136983112578565880e+00,6.132334962860247707e+00
-5.776957075165399580e+00,-5.896446388357639457e+00,6.072806552052845142e+00
-5.569410944238185834e+00,-5.682712115730192082e+00,6.141447640132300378e+00
-5.473179781013120859e+00,-5.538577364154065208e+00,6.337390143842215551e+00
-5.507218433458320739e+00,-5.491777819872543098e+00,6.624425225926138694e+00
-5.656808091450790776e+00,-5.544055144178518191e+00,6.945835540515274964e+00
-5.876648346390487276e+00,-5.668386068483568963e+00,7.245074647231352749e+00
-6.103614327312667953e+00,-5.815681268212943067e+00,7.485011803666360208e+00
-6.275278073616924246e+00,-5.929099920829823844e+00,7.659149561871362089e+00
-6.348381269708712971e+00,-5.961526823017498700e+00,7.791149780902687283e+00
-6.311428166943427343e+00,-5.890603981419450186e+00,7.923149999934012477e+00
-6.187454464314667391e+00,-5.726400590427802584e+00,8.097287758139014358e+00
-6.026198606157986859e+00,-5.509131217138707015e+00,8.337224914574020929e+00
-5.888309136710233815e+00,-5.297531570055078021e+00,8.636464021290098714e+00
-5.826742157420597756e+00,-5.151519613434924594e+00,8.957874335879235872e+00
-5.871312048820705343e+00,-5.114609560795761567e+00,9.244909417963159015e+00
-6.021204788122862084e+00,-5.201600537868426244e+00,9.440851921673074187e+00
-6.247549234373448002e+00,-5.395316637896161893e+00,9.509493009752528536e+00
-6.504787065234848953e+00,-5.653213955246812361e+00,9.449964598945127747e+00
-6.746712016734289996e+00,-5.921477454619543224e+00,9.300255980241082909e+00
-6.941616557620216454e+00,-6.151862155491188311e+00,9.127674973060646124e+00
-7.081450494574399457e+00,-6.315763650674151464e+00,9.008913855114961677e+00
-7.182078896783242072e+00,-6.411068157883661023e+00,9.005968768111648259e+00
-7.274865359538798870e+00,-6.459853149959171148e+00,9.145715657205752080e+00
-7.392822016836783305e+00,-6.498123223865152731e+00,9.409918218280726165e+00
-7.556429580832301873e+00,-6.561418288607926641e+00,9.739148895633952918e+00
-7.764306833469057700e+00,-6.671433284072794123e+00,1.004961927662768417e+01
-7.992179102810628599e+00,-6.828315188636290500e+00,1.025772162053352154e+01
-8.200656916985304079e+00,-7.011233811701814034e+00,1.030456864740769518e+01
-8.349201113842006805e+00,-7.186878981748020756e+00,1.017281872959105904e+01
-8.411401013061405862e+00,-7.322734126451646119e+00,9.890588273171278644e+00
-8.386111126065316057e+00,-7.400279490411072914e+00,9.521447718946907557e+00
-8.300296234437118059e+00,-7.423272473770865076e+00,9.143982320517501705e+00
-8.202198775058942459e+00,-7.417944226577947830e+00,8.827693319596587429e+00
-8.146739294359885974e+00,-7.424765575061123002e+00,8.613042752016786707e+00
-8.177773700440315707e+00,-7.484409517478972873e+00,8.501890788028672929e+00
-8.313031204265495688e+00,-7.622649239854851544e+00,8.460986077974641972e+00
-8.536818202841793379e+00,-7.839444374190992271e+00,8.436769515454310309e+00
-8.803119726618948704e+00,-8.106187255453797036e+00,8.376023235854841431e+00
-9.048363457215002015e+00,-8.372417054072714748e+00,8.245083352826473089e+00
-9.209945409308549102e+00,-8.580147542307360098e+00,8.041024167052311711e+00
-8.951303198370069936e+00,-8.951303198370077041e+00,7.853981633974483678e+00
-8.849924491334991927e+00,-8.920009229142836560e+00,7.606235424477422846e+00
-8.639032685650342103e+00,-8.766351919368862156e+00,7.403914207934911396e+00
-8.367562929066293620e+00,-8.531608165445755176e+00,7.274089538059215876e+00
-8.094928902992789332e+00,-8.276012248576371633e+00,7.213860633673611744e+00
-7.873116823107423556e+00,-8.060992427237380298e+00,7.189850323277619637e+00
-7.731909762400081654e+00,-7.931258314691782552e+00,7.149293998067101086e+00
-7.671836474856967847e+00,-7.902360916654481038e+00,7.039088713801914032e+00
-7.666803748549102515e+00,-7.957533355753708904e+00,6.826266322104491024e+00
-7.675139080499727484e+00,-8.054581388684304954e+00,6.512671150181395419e+00
-7.655025730333963274e+00,-8.140339488122084077e+00,6.138420619271890644e+00
-7.578966366088062401e+00,-8.167816622177229036e+00,5.772424029985742777e+00
-7.442397657096353036e+00,-8.110407877695537948e+00,5.492597326416543524e+00
-7.263708239931744082e+00,-7.968671661651966609e+00,5.361969520807546630e+00
-7.075944349414386103e+00,-7.767768122665048125e+00,5.408417552208946155e+00
-6.913378678848053127e+00,-7.546833931681004692e+00,5.614747491361864462e+00
-6.797880533029915462e+00,-7.344255090701034661e+00,5.922573600462327725e+00
-6.730060249093870794e+00,-7.184092225934069376e+00,6.249000224740542286e+00
-6.688461292219127330e+00,-7.068389766469784341e+00,6.510952576297476924e+00
-6.637225998133581939e+00,-6.977958281720035849e+00,6.649509243091404898e+00
-6.539645930686607933e+00,-6.881204251921933412e+00,6.646589239352914902e+00
-6.372865687893273012e+00,-6.747734113222281671e+00,6.528839608188004462e+00
-6.138485925280249944e+00,-6.561759850769690594e+00,6.357728471032329409e+00
-5.865104141419232420e+00,-6.330368322297088568e+00,6.209294918540244623e+00
-5.601518286846570049e+00,-6.083478989236062340e+00,6.150273510375236619e+00
-5.402497739147698930e+00,-5.865205997399067783e+00,6.218329983267404160e+00
-5.311622077548968868e+00,-5.719372405899919798e+00,6.412603647413305907e+00
-5.346811659461053523e+00,-5.674054422472925907e+00,6.697194055717052841e+00
-5.493425994682352709e+00,-5.730519631271855374e+00,7.015866923151474310e+00
-5.707414252175417424e+00,-5.860577340063182206e+00,7.312557414580247439e+00
-5.927748877968435082e+00,-6.013614421044878533e+00,7.550451029609208220e+00
-6.094334358639271976e+00,-6.131357764214937944e+00,7.723105658962740705e+00
-6.165769292437334848e+00,-6.165769292437336624e+00,7.853981633974483678e+00
-6.131357764214936168e+00,-6.094334358639273752e+00,7.984857608986225763e+00
-6.013614421044877645e+00,-5.927748877968436858e+00,8.157512238339759136e+00
-5.860577340063181317e+00,-5.707414252175419200e+00,8.395405853368719917e+00
-5.730519631271855374e+00,-5.493425994682353597e+00,8.692096344797493046e+00
-5.674054422472926795e+00,-5.346811659461055299e+00,9.010769212231913627e+00
-5.719372405899919798e+00,-5.311622077548968868e+00,9.295359620535661449e+00
-5.865205997399067783e+00,-5.402497739147699818e+00,9.489633284681563197e+00
-6.083478989236061452e+00,-5.601518286846571826e+00,9.557689757573729850e+00
-6.330368322297085903e+00,-5.865104141419232420e+00,9.498668349408724509e+00
-6.561759850769688818e+00,-6.138485925280252609e+00,9.350234796916637947e+00
-6.747734113222279007e+00,-6.372865687893275677e+00,9.179123659760964671e+00
-6.881204251921930748e+00,-6.539645930686610598e+00,9.061374028596052455e+00
-6.977958281720033185e+00,-6.637225998133585492e+00,9.058454024857562459e+00
-7.068389766469781677e+00,-6.688461292219130883e+00,9.197010691651488656e+00
-7.184092225934066711e+00,-6.730060249093874347e+00,9.458963043208427734e+00
-7.344255090701031108e+00,-6.797880533029919903e+00,9.785389667486636966e+00
-7.546833931681000252e+00,-6.913378678848055792e+00,1.009321577658710289e+01
-7.767768122665044572e+00,-7.075944349414390544e+00,1.029954571574002031e+01
-7.968671661651962168e+00,-7.263708239931748523e+00,1.034599374714142073e+01
-8.110407877695532619e+00,-7.442397657096359254e+00,1.021536594153242206e+01
-8.167816622177223707e+00,-7.578966366088067730e+00,9.935539237963226356e+00
-8.140339488122078748e+00,-7.655025730333968603e+00,9.569542648677078489e+00
-8.054581388684301402e+00,-7.675139080499733701e+00,9.195292117767571938e+00
-7.957533355753704463e+00,-7.666803748549107844e+00,8.881696945844478108e+00
-7.902360916654476597e+00,-7.671836474856973176e+00,8.668874554147054212e+00
-7.931258314691778111e+00,-7.731909762400086983e+00,8.558669269881866271e+00
-8.060992427237373192e+00,-7.873116823107427997e+00,8.518112944671347719e+00
-8.276012248576366304e+00,-8.094928902992794661e+00,8.494102634275355612e+00
-8.531608165445748071e+00,-8.367562929066298949e+00,8.433873729889750592e+00
-8.766351919368855050e+00,-8.639032685650349208e+00,8.304049060014056849e+00
-8.920009229142829454e+00,-8.849924491334999033e+00,8.101727843471545398e+00
-8.650566510529397846e+00,-9.211917691249666973e+00,7.916813487046279185e+00
-8.551056116251086081e+00,-9.177741665737753962e+00,7.671129624201249442e+00
-8.346809376252648960e+00,-9.018869526947936421e+00,7.470492617013215764e+00
-8.085044389704631129e+00,-8.777738661156492483e+00,7.341748663867002200e+00
-7.822774925175294491e+00,-8.515903152318417213e+00,7.282021130943618914e+00
-7.609615557900985650e+00,-8.295869178000625510e+00,7.258210692761048577e+00
-7.473694187506527697e+00,-8.162880012802041563e+00,7.217991975951024486e+00
-7.415050504997392267e+00,-8.132366069838814937e+00,7.108704088159840673e+00
-7.408343554073037573e+00,-8.186895466226664198e+00,6.897653322142930143e+00
-7.413582443791671750e+00,-8.283347780234079138e+00,6.586668652129113788e+00
-7.390975064711278186e+00,-8.367723511535400505e+00,6.215533544583740522e+00
-7.314730176802409112e+00,-8.392589273984510712e+00,5.852583669280022605e+00
-7.181153393473480584e+00,-8.331432499397605440e+00,5.575086364277311191e+00
-7.008453884204114637e+00,-8.185379465914158104e+00,5.445545961047169925e+00
-6.828602901502262235e+00,-7.980397933020054957e+00,5.491607338936297822e+00
-6.674351988003007996e+00,-7.756347200050663915e+00,5.696219698393084840e+00
-6.566182001182099270e+00,-7.551956156965403899e+00,6.001483329759579988e+00
-6.503948427566757395e+00,-7.391092376837835154e+00,6.325192637566713572e+00
-6.466320162687473783e+00,-7.275113913979689428e+00,6.584964384397862247e+00
-6.418353320280511198e+00,-7.183883528421636910e+00,6.722367645541471148e+00
-6.324647119182518651e+00,-7.084942716810046726e+00,6.719471949177637349e+00
-6.163494337246261168e+00,-6.947453867644208358e+00,6.602702516894896512e+00
-5.936973307529155974e+00,-6.755817977192362989e+00,6.433015782887729017e+00
-5.673208726445794881e+00,-6.517950232847457670e+00,6.285817855516418362e+00
-5.419636481125147398e+00,-6.265026414084928774e+00,6.227287767092585469e+00
-5.229169100760718614e+00,-6.042477881819340979e+00,6.294777708455155718e+00
-5.143637007578995224e+00,-5.895098921648028067e+00,6.487434154555048238e+00
-5.179928059454846689e+00,-5.851276490487735238e+00,6.769655509152759265e+00
-5.323491319686409540e+00,-5.911810959541000443e+00,7.085675605743256611e+00
-5.531542330729299906e+00,-6.047387950930946054e+00,7.379896317138140205e+00
-5.745167983722881289e+00,-6.205939464548674067e+00,7.615809602774814557e+00
-5.906617598518230317e+00,-6.327834063760602312e+00,7.787026980282889532e+00
-5.976351027207158495e+00,-6.364167443789591871e+00,7.916813487046279185e+00
-5.944467941020023183e+00,-6.292290226284817933e+00,8.046599993809667950e+00
-5.832951378146275623e+00,-6.123505370212277477e+00,8.217817371317742925e+00
-5.688126395459280005e+00,-5.900345726734522955e+00,8.453730656954418166e+00
-5.565880565364206056e+00,-5.684192307111596953e+00,8.747951368349301760e+00
-5.514479958953096173e+00,-5.537111345418908925e+00,9.063971464939799105e+00
-5.560494650557325613e+00,-5.503643538863622453e+00,9.346192819537510132e+00
-5.702212187448951752e+00,-5.598260855474247677e+00,9.538849265637402652e+00
-5.912362025256018505e+00,-5.802326329933103821e+00,9.606339206999972902e+00
-6.148864823615271646e+00,-6.071279426332116813e+00,9.547809118576141785e+00
-6.369701275222775294e+00,-6.349459367512681141e+00,9.400611191204829353e+00
-6.546735642879617068e+00,-6.587566326843381503e+00,9.230924457197662747e+00
-6.673834322306594125e+00,-6.757034106844949761e+00,9.114155024914921910e+00
-6.766696035777286511e+00,-6.856767945123965369e+00,9.111259328551087222e+00
-6.854734536054125194e+00,-6.910368539230471008e+00,9.248662589694694347e+00
-6.968121443607824261e+00,-6.955204901261448747e+00,9.508434336525846575e+00
-7.124760117391672587e+00,-7.027416391462828038e+00,9.832143644332976606e+00
-7.321955791772131406e+00,-7.148206749306289076e+00,1.013740727569947353e+01
-7.535878916803040894e+00,-7.316221545787095160e+00,1.034201963515626055e+01
-7.729163028823847981e+00,-7.508588530601969957e+00,1.038808101304538845e+01
-7.864083968098876554e+00,-7.690118002690502053e+00,1.025854060981524718e+01
-7.916732708138792596e+00,-7.827271268399292659e+00,9.981043304812535766e+00
-7.887128556468580243e+00,-7.901804370295690383e+00,9.618093429508819625e+00
-7.801499792321526350e+00,-7.919069142873557787e+00,9.246958321963445471e+00
-7.705566757530559308e+00,-7.907784300000741950e+00,8.935973651949629115e+00
-7.650723829517427355e+00,-7.911054087160691140e+00,8.724922885932718586e+00
-7.677495292892603018e+00,-7.971498036089819550e+00,8.615634998141533885e+00
-7.801687460889946912e+00,-8.115501655482674437e+00,8.575416281331509794e+00
-8.007902861007709205e+00,-8.342056448998809159e+00,8.551605843148939456e+00
-8.252753661345254343e+00,-8.620249172280823657e+00,8.491878310225557058e+00
-8.476972350954230961e+00,-8.896638357760009441e+00,8.363134357079342607e+00
-8.622706232952364047e+00,-9.110457727606135592e+00,8.162497349891308929e+00
-8.342788131163384691e+00,-9.463035606815472178e+00,7.979645340118075580e+00
-8.245199054212797307e+00,-9.426053429571430442e+00,7.735955958637389607e+00
-8.047660153814092610e+00,-9.262185321757726797e+00,7.536947738815365838e+00
-7.795660929481837975e+00,-9.014974505195961996e+00,7.409248939438506376e+00
-7.543806638442353218e+00,-8.747221543701805047e+00,7.350006279432596656e+00
-7.339337370048595766e+00,-8.522440372022167310e+00,7.326389136302791982e+00
-7.208729323840645797e+00,-8.386361178825490370e+00,7.286496918271509138e+00
-7.151541102873468780e+00,-8.354282796329913552e+00,7.178096238345847979e+00
-7.143192977119723786e+00,-8.408133869978167141e+00,6.968758799426926664e+00
-7.145381727486844525e+00,-8.503919190924884575e+00,6.660298727983633427e+00
-7.120340151372754001e+00,-8.586864306744658393e+00,6.292176525099890227e+00
-7.043976830600375827e+00,-8.609140569053245429e+00,5.932173106083947545e+00
-6.913455197381161987e+00,-8.544348515539901712e+00,5.656928546528471102e+00
-6.746792595452056673e+00,-8.394172050476012004e+00,5.528439762713542649e+00
-6.574876038921364518e+00,-8.185351504284458457e+00,5.574127210631234064e+00
-6.428933314128816967e+00,-7.958423486144710957e+00,5.777078510492469121e+00
-6.328062361120587731e+00,-7.752421623304112330e+00,6.079863987140448955e+00
-6.271376297851537274e+00,-7.591003545931943819e+00,6.400945396743730420e+00
-6.237685316419344872e+00,-7.474851032011124552e+00,6.658608295634936169e+00
-6.192973701657386698e+00,-7.382911469679409144e+00,6.794896106050209106e+00
-6.103156654603102638e+00,-7.281902804231404680e+00,6.792023917182421044e+00
-5.947674567680898861e+00,-7.140576554257974884e+00,6.676202428545290779e+00
-5.729073883545711787e+00,-6.943532736729375543e+00,6.507893225096436751e+00
-5.474990611174957778e+00,-6.699494655354166106e+00,6.361890262341900026e+00
-5.231481027392506533e+00,-6.440847644944961203e+00,6.303835325884757701e+00
-5.049586767280732857e+00,-6.214280545600086469e+00,6.370777378473643004e+00
-4.969382596917463424e+00,-6.065505334226152456e+00,6.561869824044492816e+00
-5.006726594368723582e+00,-6.023190780716769943e+00,6.841800082980295628e+00
-5.147168134152137142e+00,-6.087677021517913012e+00,7.155254703002208672e+00
-5.349204338392807401e+00,-6.228569020217083363e+00,7.447086906991332356e+00
-5.556051411981094645e+00,-6.392411469844388350e+00,7.681085029595503322e+00
-5.712313627540768657e+00,-6.518286945647949082e+00,7.850912450658180219e+00
-5.780314830530986825e+00,-6.556480183836399966e+00,7.979645340118075580e+00
-5.750945568090444660e+00,-6.484228308600284763e+00,8.108378229577970941e+00
-5.645647506770795410e+00,-6.313421886874655442e+00,8.278205650640646951e+00
-5.509021816382302816e+00,-6.087670960236950535e+00,8.512203773244817029e+00
-5.394562643949817549e+00,-5.869569422031702288e+00,8.804035977233940713e+00
-5.348186888726303323e+00,-5.722153036657322112e+00,9.117490597255855533e+00
-5.394848223297302070e+00,-5.690406927598235853e+00,9.397420856191658345e+00
-5.532398049675580687e+00,-5.788625142438075244e+00,9.588513301762507268e+00
-5.734381203983212494e+00,-5.997481499159863283e+00,9.655455354351394348e+00
-5.960468861921869532e+00,-6.271488003307727155e+00,9.597400417894251134e+00
-6.170737552013967786e+00,-6.554153835036428788e+00,9.451397455139714410e+00
-6.338829689585185889e+00,-6.795726926289066050e+00,9.283088251690861270e+00
-6.459554467150183221e+00,-6.967695866412326744e+00,9.167266763053730116e+00
-6.548509588164794337e+00,-7.069464421882149630e+00,9.164394574185941167e+00
-6.634120328330509686e+00,-7.125346554846518465e+00,9.300682384601213215e+00
-6.745134345341138982e+00,-7.173329642983429899e+00,9.558345283492421629e+00
-6.898174945352443466e+00,-7.249799769305084851e+00,9.879426693095700429e+00
-7.089909939261533900e+00,-7.375694204310232038e+00,1.018221216974368204e+01
-7.296757088584701734e+00,-7.548927749426606937e+00,1.038516346960491710e+01
-7.482384164464628284e+00,-7.745660846848920755e+00,1.043085091752260851e+01
-7.610488080431938585e+00,-7.929831366353822908e+00,1.030236213370768006e+01
-7.658410530909422143e+00,-8.067444395086280196e+00,1.002711757415220539e+01
-7.626739061664625119e+00,-8.140413612278887712e+00,9.667114155136262710e+00
-7.541309451149668774e+00,-8.154861948511705094e+00,9.298991952252517734e+00
-7.446553749229281038e+00,-8.140685373092729549e+00,8.990531880809225385e+00
-7.392081009786362067e+00,-8.142218342190195912e+00,8.781194441890304958e+00
-7.416738859999006728e+00,-8.202976104359436249e+00,8.672793761964642911e+00
-7.535375499351682826e+00,-8.349609512416465762e+00,8.632901543933359179e+00
-7.732757409781428670e+00,-8.580639030647908783e+00,8.609284400803554504e+00
-7.966833346517246284e+00,-8.864065719837800117e+00,8.550041740797645673e+00
-8.180510954310872052e+00,-9.145061586029433087e+00,8.422342941420787099e+00
-8.318328724007725938e+00,-9.361580953026841456e+00,8.223334721598760666e+00
-8.028262942207323505e+00,-9.704502831617160652e+00,8.042477193189871087e+00
-7.932644857083873902e+00,-9.664789705278240106e+00,7.800712459473531979e+00
-7.741869382839052349e+00,-9.496140199592989717e+00,7.603275997612564119e+00
-7.499687552511666411e+00,-9.243149892361124387e+00,7.476585757604345517e+00
-7.258289588103894907e+00,-8.969794253894717073e+00,7.417810993460133062e+00
-7.062540088522475834e+00,-8.740526623683022578e+00,7.394380377463552811e+00
-6.937268109092467050e+00,-8.601518697842896799e+00,7.354803226374384550e+00
-6.881559202497548711e+00,-8.567927234565228645e+00,7.247258690138714599e+00
-6.871602952942161835e+00,-8.621066482513082718e+00,7.039574588888268813e+00
-6.870788418027003353e+00,-8.716116611648073942e+00,6.733550721202752776e+00
-6.843372086106493946e+00,-8.797585662939301443e+00,6.368335930904990505e+00
-6.766955074496055822e+00,-8.817295397554097747e+00,6.011175802685537306e+00
-6.639547285063969184e+00,-8.748979383555056444e+00,5.738105112270268648e+00
-6.478962466155378408e+00,-8.594868870157775120e+00,5.610631127085507153e+00
-6.314995266811408214e+00,-8.382442425416694931e+00,5.655957737596336798e+00
-6.177348321081529647e+00,-8.152869799265355155e+00,5.857306137227878295e+00
-6.083742992718994103e+00,-7.945452367464215904e+00,6.157700227812311411e+00
-6.032562603280847036e+00,-7.783621694249924339e+00,6.476245750897223985e+00
-6.002773828296581904e+00,-7.667393508027047666e+00,6.731873639812644861e+00
-5.961302315095041493e+00,-7.574831754872222156e+00,6.867085055236762159e+00
-5.875386308842615257e+00,-7.471871359603508012e+00,6.864235550787350704e+00
-5.725612431993897466e+00,-7.326885244932751284e+00,6.749328815053338815e+00
-5.514985673639791308e+00,-7.124681949121928426e+00,6.582348910116256668e+00
-5.270638404295513446e+00,-6.874772821249705679e+00,6.437499072188686888e+00
-5.037231390109493390e+00,-6.610706801154631052e+00,6.379902651006123193e+00
-4.863923205274954142e+00,-6.380371720462536977e+00,6.446315998277308168e+00
-4.789027981239797782e+00,-6.230344984034138278e+00,6.635899204315778732e+00
-4.827377390826746328e+00,-6.189549082714123074e+00,6.913618586668611954e+00
-4.964631413575181007e+00,-6.257870979861502647e+00,7.224597556212922989e+00
-5.160582467634766246e+00,-6.403877236521784866e+00,7.514124882592856380e+00
-5.360588842368072982e+00,-6.572791366835435412e+00,7.746274898558999311e+00
-5.511617792032506458e+00,-6.702480611563071733e+00,7.914761030295538013e+00
-5.577858431510392734e+00,-6.742472603677506449e+00,8.042477193189871087e+00
-5.550987065629506390e+00,-6.669911515982958505e+00,8.170193356084203273e+00
-5.451894977105539830e+00,-6.497256363071947760e+00,8.338679487820742864e+00
-5.323450237853568190e+00,-6.269141299316679294e+00,8.570829503786884018e+00
-5.216747719513696424e+00,-6.049302232836355486e+00,8.860356830166818298e+00
-5.175354830215009194e+00,-5.901677109276876720e+00,9.171335799711130221e+00
-5.222614086745633877e+00,-5.871651362785696548e+00,9.449055182063963443e+00
-5.355949471671783257e+00,-5.973332193590859873e+00,9.638638388102434007e+00
-5.549729969328430101e+00,-6.186731104216052657e+00,9.705051735373618982e+00
-5.765382541066780497e+00,-6.465484876464464570e+00,9.647455314191056175e+00
-5.965078978671227716e+00,-6.752332384799387910e+00,9.502605476263484618e+00
-6.124233179334198418e+00,-6.997117483575537200e+00,9.335625571326403360e+00
-6.238586365373457454e+00,-7.171406142059923994e+00,9.220718835592391471e+00
-6.323623994780366964e+00,-7.275093193850927342e+00,9.217869331142980016e+00
-6.406775238147883300e+00,-7.333174475523737357e+00,9.353080746567096426e+00
-6.515362843833486295e+00,-7.384214599731963702e+00,9.608708635482519966e+00
-6.664736802254795478e+00,-7.464812488051571826e+00,9.927254158567428988e+00
-6.850940411611141201e+00,-7.595625959741254540e+00,1.022764824915186388e+01
-7.050654209756331170e+00,-7.773852420114595319e+00,1.042899664878340538e+01
-7.228593608781103796e+00,-7.974720056036221472e+00,1.047432325929423413e+01
-7.349883806824903054e+00,-8.161337906902568662e+00,1.034684927410947353e+01
-7.393115917324518449e+00,-8.299290098615628608e+00,1.007377858369420665e+01
-7.359436176204880553e+00,-8.370660318877092720e+00,9.716618455474753446e+00
-7.274272857476163701e+00,-8.382325254255354352e+00,9.351403665176988511e+00
-7.180753698823568065e+00,-8.365314743368930550e+00,9.045379797491474250e+00
-7.126690077921049138e+00,-8.365137338235694386e+00,8.837695696241029353e+00
-7.149247735880134513e+00,-8.426153899483745491e+00,8.730151160005357625e+00
-7.262319820996776976e+00,-8.575254455633146478e+00,8.690574008916188475e+00
-7.450846692597439258e+00,-8.810497163349516825e+00,8.667143392919609113e+00
-7.674126983268746649e+00,-9.098841045024384400e+00,8.608368628775396658e+00
-7.877255786885019262e+00,-9.384138825659666949e+00,8.481678388767178944e+00
-8.007170287006626808e+00,-9.603136907841609116e+00,8.284241926906210196e+00
-7.707286617287191000e+00,-9.936174035147651296e+00,8.105309046261666595e+00
-7.613686040187097603e+00,-9.893804303030302449e+00,7.865397227314700146e+00
-7.429722916435608226e+00,-9.720583452586906148e+00,7.669473942874488692e+00
-7.197401497523551406e+00,-9.462107159740288154e+00,7.543754672507863468e+00
-6.966492340905698910e+00,-9.183456023235375909e+00,7.485430365412845788e+00
-6.779485217276819853e+00,-8.949956274712089765e+00,7.462179324550191062e+00
-6.659567558437990087e+00,-8.808177058603067877e+00,7.422905497633474958e+00
-6.605359936772763341e+00,-8.773123044863382347e+00,7.316185196001807611e+00
-6.593828516710716237e+00,-8.825518670474915339e+00,7.110092811345652741e+00
-6.590057908610313930e+00,-8.919768392570363247e+00,6.806414348366185862e+00
-6.560325731250744141e+00,-8.999718595332586446e+00,6.443998609313547732e+00
-6.483917454358019583e+00,-9.016885701061097436e+00,6.089575800414557705e+00
-6.359677931916747795e+00,-8.945155417155735478e+00,5.818597957486081995e+00
-6.205206114773892168e+00,-8.787296054662094846e+00,5.692100948662714544e+00
-6.049197205315621773e+00,-8.571490827299847126e+00,5.737080170434210480e+00
-5.919828386750550564e+00,-8.339499627655293068e+00,5.936885411070923269e+00
-5.833451501915218884e+00,-8.130855751983673940e+00,6.234977244256106665e+00
-5.787732692009643465e+00,-7.968749316766391644e+00,6.551081395121967965e+00
-5.761809643436743400e+00,-7.852540312951535206e+00,6.804750120334917440e+00
-5.723561431872782990e+00,-7.759440620064275151e+00,6.938925258776961869e+00
-5.641555243850481460e+00,-7.654641737440000426e+00,6.936097593281473017e+00
-5.497521810990615876e+00,-7.506169352635188474e+00,6.822071516957413095e+00
-5.294915138574113556e+00,-7.299049537348263783e+00,6.656371366628418329e+00
-5.060349896729424479e+00,-7.043561803814313294e+00,6.512631675743021376e+00
-4.837076976253059435e+00,-6.774373618267331310e+00,6.455476680643707610e+00
-4.672361458254261635e+00,-6.540514619321436740e+00,6.521381027821492538e+00
-4.602753250344229663e+00,-6.389376682227576154e+00,6.709511244761454662e+00
-4.642061576419918900e+00,-6.350108773749989943e+00,6.985102151478523425e+00
-4.776066864766383091e+00,-6.422151800154122014e+00,7.293697739804344771e+00
-4.965869158382750115e+00,-6.573075352616069900e+00,7.581006093007587765e+00
-5.158979667522966217e+00,-6.746846397378366333e+00,7.811376882588303872e+00
-5.304734743399399655e+00,-6.880185760221162461e+00,7.978571715808595144e+00
-5.369188719868782655e+00,-6.921916388642840090e+00,8.105309046261666595e+00
-5.344798188011726126e+00,-6.849109367093309864e+00,8.232046376714738045e+00
-5.251895739819988584e+00,-6.674773303850361827e+00,8.399241209935029318e+00
-5.131608662699926882e+00,-6.444514614945718201e+00,8.629611999515745424e+00
-5.032628562150654794e+00,-6.223142148173032240e+00,8.916920352718987530e+00
-4.996174659937244300e+00,-6.075430510271001339e+00,9.225515941044807988e+00
-5.043984478037776498e+00,-6.047122659270424805e+00,9.501106847761878527e+00
-5.173063281543714531e+00,-6.152130473850624170e+00,9.689237064701838875e+00
-5.358612086415683429e+00,-6.369829519021179109e+00,9.755141411879625579e+00
-5.563817512711024982e+00,-6.653032289620387729e+00,9.697986416780311814e+00
-5.752944625759775832e+00,-6.943765448681783248e+00,9.554246725894914860e+00
-5.903171160680656726e+00,-7.191515463410023123e+00,9.388546575565920094e+00
-6.011159354329321580e+00,-7.367947401741845148e+00,9.274520499241861060e+00
-6.092271677698204435e+00,-7.473439636863429492e+00,9.271692833746371321e+00
-6.172934529116951730e+00,-7.533639162646782239e+00,9.405867972188413972e+00
-6.279045813358992589e+00,-7.587647795025869613e+00,9.659536697401366112e+00
-6.424689571144311273e+00,-7.672244495530133435e+00,9.975640848267225635e+00
-6.605297458049105508e+00,-7.807795313590794706e+00,1.027373268145240992e+01
-6.797827510663254635e+00,-7.990793638090872619e+00,1.047353792208912182e+01
-6.968054981879973298e+00,-8.195569818420498365e+00,1.051851714386061865e+01
-7.082539323442407664e+00,-8.384446646420467886e+00,1.039202013503725119e+01
-7.121118955758782398e+00,-8.522621552014474133e+00,1.012104229210877548e+01
-7.085489220465920113e+00,-8.592360036797050071e+00,9.766619483209787234e+00
-7.000656708508893544e+00,-8.601275316227475543e+00,9.404203744157147327e+00
-6.908430302643158605e+00,-8.581488510987504981e+00,9.100525281177681336e+00
-6.854813034404945604e+00,-8.579627388062240456e+00,8.894432896521527354e+00
-6.875284874527777035e+00,-8.640849556333607850e+00,8.787712594889857343e+00
-6.982787526803289069e+00,-8.792258838663338238e+00,8.748438767973141239e+00
-7.162444670876423558e+00,-9.031459815734649510e+00,8.725187727110487401e+00
-7.374916697419812373e+00,-9.324412256280881550e+00,8.666863420015470609e+00
-7.567496494766780657e+00,-9.613715310711425488e+00,8.541144149648845385e+00
-7.689525525174383702e+00,-9.834977168397109892e+00,8.345220865208633043e+00
-7.380155388037411335e+00,-1.015791244636260160e+01,8.168140899333462102e+00
-7.288615856526745596e+00,-1.011295944993275064e+01,7.930008433557720338e+00
-7.111507877063586669e+00,-9.935372601518146496e+00,7.735538252674539095e+00
-6.889082022872613287e+00,-9.671696675842085256e+00,7.610751403992651376e+00
-6.668686272097047230e+00,-9.388049449660107015e+00,7.552859670587602992e+00
-6.490437723197766573e+00,-9.150565391654925662e+00,7.529781075640596733e+00
-6.375888553851478235e+00,-9.006168381406718382e+00,7.490798530782335263e+00
-6.323202430329797785e+00,-8.969701447288121798e+00,7.384869741248636821e+00
-6.310128603095296995e+00,-9.021323283864139952e+00,7.180305881280482083e+00
-6.303449308704312415e+00,-9.114710263496577980e+00,6.878879709324054126e+00
-6.271459537074922430e+00,-9.193101358125472800e+00,6.519151897850038679e+00
-6.195120147927585030e+00,-9.207750490941403854e+00,6.167357735391799878e+00
-6.074099314443247799e+00,-9.132713826480323149e+00,5.898389652908901937e+00
-5.925770531942585961e+00,-8.971286484683355766e+00,5.772830834020438395e+00
-5.777723434407282532e+00,-8.752323502489806728e+00,5.817476458550874696e+00
-5.656610441437348591e+00,-8.518133101316935907e+00,6.015799804339243551e+00
-5.577421549400916057e+00,-8.308445822744578990e+00,6.311680780839572513e+00
-5.537118335399978442e+00,-8.146195666570985594e+00,6.625440483125329294e+00
-5.515023387301493329e+00,-8.030097243024073350e+00,6.877227824367161624e+00
-5.479980227465100384e+00,-7.936541145774889117e+00,7.010407826516487972e+00
-5.401889817524031301e+00,-7.830014080937885979e+00,7.007601132958057200e+00
-5.263624223199787622e+00,-7.678224944716266265e+00,6.894420753446268257e+00
-5.069076994828628280e+00,-7.466425888089879948e+00,6.729949550858382423e+00
-4.844331881748778379e+00,-7.205644935300965059e+00,6.587275933649266335e+00
-4.631216957447659155e+00,-6.931623922482226696e+00,6.530544839807620683e+00
-4.475094966757551695e+00,-6.694478457570212981e+00,6.595960394437948793e+00
-4.410749262130982729e+00,-6.542365258593104471e+00,6.782695306638092170e+00
-4.450971084649662401e+00,-6.504633367845151781e+00,7.056242239215077205e+00
-4.581670720618655324e+00,-6.580284777161262255e+00,7.362549067691034566e+00
-4.765266883272846421e+00,-6.735932673098865564e+00,7.647726542008713047e+00
-4.951432770691068797e+00,-6.914350561040404131e+00,7.876388741338239186e+00
-5.091878210158347073e+00,-7.051180001216170723e+00,8.042343541207907620e+00
-5.154521513796406218e+00,-7.094590220269077818e+00,8.168140899333462102e+00
-5.132593787500288940e+00,-7.021598402724958277e+00,8.293938257459016583e+00
-5.045861284377955336e+00,-6.845744229990545549e+00,8.459893057328685018e+00
-4.933704212412659551e+00,-6.613555790175155380e+00,8.688555256658210268e+00
-4.842408601095742782e+00,-6.390847618332680113e+00,8.973732730975887861e+00
-4.810848243971782345e+00,-6.243167306739870526e+00,9.280039559451845221e+00
-4.859162631242763375e+00,-6.216573875807227978e+00,9.553586492028831145e+00
-4.983946964099803978e+00,-6.324775841040594315e+00,9.740321404228975410e+00
-5.161241355495327809e+00,-6.546538656420151980e+00,9.805736958859302632e+00
-5.355994691974411026e+00,-6.833900143673303340e+00,9.749005865017657868e+00
-5.534562057105575583e+00,-7.128231194194452058e+00,9.606332247808541780e+00
-5.675876530280034693e+00,-7.378706111354139452e+00,9.441861045220656834e+00
-5.777510159002876122e+00,-7.557109928469607496e+00,9.328680665708867892e+00
-5.854692154408407845e+00,-7.664296995099737053e+00,9.325873972150436231e+00
-5.932840358410345516e+00,-7.726535444591104529e+00,9.459053974299761691e+00
-6.036428806203967490e+00,-7.783425374853507606e+00,9.710841315541596686e+00
-6.178283496448548462e+00,-7.871894064754366482e+00,1.002460101782735080e+01
-6.353237235714004782e+00,-8.012004109126898754e+00,1.032048199432768065e+01
-6.538539569735918100e+00,-8.199558224180869104e+00,1.051880534011604951e+01
-6.701036671672220280e+00,-8.408022663647228612e+00,1.056345096464648492e+01
-6.808727082448781331e+00,-8.598975510770644703e+00,1.043789214575802227e+01
-6.842693696925463698e+00,-8.737260767583078902e+00,1.016892406327512433e+01
-6.805171375116071175e+00,-8.805337010088667427e+00,9.817129900816887300e+00
-6.720731630670095491e+00,-8.811536910403610534e+00,9.457402089342870966e+00
-6.629851319676295596e+00,-8.789031133098639259e+00,9.155975917386443896e+00
-6.576716000820566954e+00,-8.785513056900093432e+00,8.951412057418288271e+00
-6.595117208607428338e+00,-8.846889440369116286e+00,8.845483267884588940e+00
-6.697049286117986000e+00,-9.000453304415730216e+00,8.806500723026326582e+00
-6.867828216167477962e+00,-9.243364358183271179e+00,8.783422128079321212e+00
-7.069486726479220273e+00,-9.540624986419683040e+00,8.725530394674272827e+00
-7.251524064850221052e+00,-9.833644886481970104e+00,8.600743545992385108e+00
-7.365689818749725504e+00,-1.005696193857587595e+01,8.406273365109203866e+00
-7.047165832791318252e+00,-1.036958962612564861e+01,8.230972752405259385e+00
-6.957728092316179946e+00,-1.032212557775837780e+01,7.994544322195839214e+00
-6.787512455774240117e+00,-1.014037322456811552e+01,7.801465736968188125e+00
-6.575010206172335891e+00,-9.871776726004485525e+00,7.677571841826551058e+00
-6.365145363102696408e+00,-9.583424933072564045e+00,7.620094371854237991e+00
-6.195665831341066188e+00,-9.342197758948177722e+00,7.597180923421305465e+00
-6.086495638641920891e+00,-9.195332441442911175e+00,7.558477331047274816e+00
-6.035349596885916768e+00,-9.157501255122298289e+00,7.453306549978633733e+00
-6.020765850696463417e+00,-9.208320684367231834e+00,7.250206514322859341e+00
-6.011225259127859211e+00,-9.300785351108793009e+00,6.950937296967143908e+00
-5.977035369133335330e+00,-9.377579455207387227e+00,6.593783636745246923e+00
-5.900822803349850432e+00,-9.389735865223586941e+00,6.244506853691368597e+00
-5.783067356187315156e+00,-9.311498757145194816e+00,5.977463461221917740e+00
-5.640906928178206492e+00,-9.146679866919816604e+00,5.852803119961670575e+00
-5.500820337293751194e+00,-8.924774023422319402e+00,5.897129267969521749e+00
-5.387936801956950461e+00,-8.688597152508418020e+00,6.094033445507334612e+00
-5.315892672700288202e+00,-8.478043504261394858e+00,6.387797147885834192e+00
-5.280957538149107400e+00,-8.315776974875506156e+00,6.699311638918133305e+00
-5.262652166421831090e+00,-8.199877156786087085e+00,6.949297232619041864e+00
-5.230794576866315104e+00,-8.105943509457976148e+00,7.081524221244377415e+00
-5.156623377705630951e+00,-7.997795596108522531e+00,7.078737611909371452e+00
-5.024148620387642872e+00,-7.842855050728337218e+00,6.966367132011520802e+00
-4.837694012435699520e+00,-7.626608206722391259e+00,6.803072857474720792e+00
-4.622799953800839745e+00,-7.360812218456050715e+00,6.661420188489980632e+00
-4.419860066921231123e+00,-7.082240099145082901e+00,6.605095052741060790e+00
-4.272327360115195205e+00,-6.842038967920516690e+00,6.670042504749104317e+00
-4.213217426515307729e+00,-6.689082102351857628e+00,6.855441173565438362e+00
-4.254308429799703362e+00,-6.652893057114481756e+00,7.127030650653727761e+00
-4.381649506421195106e+00,-6.732042052896990647e+00,7.431145599378094602e+00
-4.558987907128544848e+00,-6.892225533528540282e+00,7.714282392021527990e+00
-4.738166280434221278e+00,-7.075085052152199516e+00,7.941308323406397918e+00
-4.873270749284293046e+00,-7.215248260047436801e+00,8.106075578854273544e+00
-4.934081307946849293e+00,-7.260280169266351002e+00,8.230972752405259385e+00
-4.914597557346607637e+00,-7.187162590290428810e+00,8.355869925956245226e+00
-4.834012374620082930e+00,-7.009948113805926084e+00,8.520637181404120852e+00
-4.729953852506879386e+00,-6.776037197029131320e+00,8.747663112788989892e+00
-4.646301638222136710e+00,-6.552184649851445997e+00,9.030799905432424168e+00
-4.619588139931563475e+00,-6.404649222453210555e+00,9.334914854156789232e+00
-4.668362470443453205e+00,-6.379765849907916397e+00,9.606504331245080408e+00
-4.788818349538683350e+00,-6.491032053969020943e+00,9.791903000061413564e+00
-4.957841301535713008e+00,-6.716628429643114906e+00,9.856850452069458868e+00
-5.142143952615672475e+00,-7.007866401324367445e+00,9.800525316320538138e+00
-5.310167033339594056e+00,-7.305515873286080542e+00,9.658872647335797978e+00
-5.442589744895562021e+00,-7.558482756164472072e+00,9.495578372798998856e+00
-5.537882609921064514e+00,-7.738692089453289569e+00,9.383207892901147318e+00
-5.611131757238155160e+00,-7.847466628588578352e+00,9.380421283566141355e+00
-5.686741492852814162e+00,-7.911666348159076989e+00,9.512648272191476906e+00
-5.787763761652254146e+00,-7.971351821046944508e+00,9.762633865892386353e+00
-5.925774884342315474e+00,-8.063567981229850190e+00,1.007414835692468280e+01
-6.095021502644216049e+00,-8.208062886136049841e+00,1.036791205930318327e+01
-6.273058002779304587e+00,-8.399961847895790257e+00,1.056481623684099702e+01
-6.427811524538014964e+00,-8.611900055464035475e+00,1.060914238484884820e+01
-6.528723509129453539e+00,-8.804751358888916357e+00,1.048448204358860103e+01
-6.558117861231747447e+00,-8.943038605160598564e+00,1.021743865111915106e+01
-6.518759400357871492e+00,-9.009424183755829318e+00,9.868161868065271847e+00
-6.434771910151571461e+00,-9.012943344307728921e+00,9.511008207843374862e+00
-6.345288311236235934e+00,-8.987775447926306782e+00,9.211738990487660317e+00
-6.292668965855575891e+00,-8.982627192550941331e+00,9.008638954831885926e+00
-6.309015399586717976e+00,-9.044108168063738518e+00,8.903468173763243954e+00
-6.405379090041753543e+00,-9.199676775506809179e+00,8.864764581389213305e+00
-6.567276867480920544e+00,-9.446056504548053567e+00,8.841851132956280779e+00
-6.758123182733489109e+00,-9.747333275637721783e+00,8.784373662983968600e+00
-6.929630595710682073e+00,-1.004378983640233436e+01,8.660479767842332421e+00
-7.035959104899904837e+00,-1.026895983650708288e+01,8.467401182614679556e+00
-6.708614687533148491e+00,-1.057108523723464089e+01,8.293804605477054892e+00
-6.621316883677266674e+00,-1.052118110860534195e+01,8.059003211551679868e+00
-6.458025729813809512e+00,-1.033545878392799189e+01,7.867253340741153345e+00
-6.255468758450857258e+00,-1.006221339523185065e+01,7.744212049757944527e+00
-6.056146009740447589e+00,-9.769440616541542610e+00,7.687130124133142672e+00
-5.895440827435682429e+00,-9.524704868272223734e+00,7.664374359833035832e+00
-5.791656817211263686e+00,-9.375516688116691810e+00,7.625937115076589556e+00
-5.742067941116797414e+00,-9.336368904443979488e+00,7.521490090777252391e+00
-5.726006411281825415e+00,-9.386358770307584365e+00,7.319787734440375004e+00
-5.713651752605232836e+00,-9.477844193636522974e+00,7.022578006609266232e+00
-5.677318341436776272e+00,-9.553005649171003810e+00,6.667882180936479664e+00
-5.601288383016413519e+00,-9.562695024488180096e+00,6.321009025901024536e+00
-5.486841577414612203e+00,-9.481361328644902997e+00,6.055803353576218129e+00
-5.350870582886679827e+00,-9.313322808269273168e+00,5.932000890948552652e+00
-5.218738942229679267e+00,-9.088682859170265971e+00,5.976021998437052396e+00
-5.114055001357912467e+00,-8.850725673825035500e+00,6.171571134869823894e+00
-5.049110101605950973e+00,-8.639476791464950622e+00,6.463313235183454353e+00
-5.019494340194979642e+00,-8.477316666511709897e+00,6.772683968041381064e+00
-5.004939359825083756e+00,-8.361700206786849776e+00,7.020949228738851744e+00
-4.976246839610341866e+00,-8.267465232212487081e+00,7.152266267118218224e+00
-4.905996044418929003e+00,-8.157800819878305632e+00,7.149498834472298725e+00
-4.779331169017499548e+00,-7.999869964048006210e+00,7.037901657716915338e+00
-4.600996795547185769e+00,-7.779400865896061390e+00,6.875731130055280360e+00
-4.395978286228266363e+00,-7.508860731249345832e+00,6.735053276290376978e+00
-4.203224371511734780e+00,-7.226011553880795191e+00,6.679115754837614105e+00
-4.064272220165513261e+00,-6.982978907155013459e+00,6.743616256109319806e+00
-4.010369459597077579e+00,-6.829305694138946947e+00,6.927739061608747306e+00
-4.052286452099500558e+00,-6.794665243669836485e+00,7.197459533631969109e+00
-4.176219778109658165e+00,-6.877203124853370042e+00,7.499481645823703246e+00
-4.347254021066759400e+00,-7.041737769563608751e+00,7.780669967910652574e+00
-4.519407302856175868e+00,-7.228838686879807796e+00,8.006133568456309746e+00
-4.649143477268138369e+00,-7.372183173191221961e+00,8.169766940374193709e+00
-4.708101001987689216e+00,-7.418780078398363287e+00,8.293804605477054892e+00
-4.691041754702594879e+00,-7.345593717797457955e+00,8.417842270579916075e+00
-4.616578762097671706e+00,-7.167171803674630581e+00,8.581475642497798262e+00
-4.520584092929668785e+00,-6.931739161114694348e+00,8.806939243043457211e+00
-4.444531534127604822e+00,-6.706927306726425897e+00,9.088127565130406538e+00
-4.422617270129425293e+00,-6.559646160072738041e+00,9.390149677322138899e+00
-4.471808274195705479e+00,-6.536467717758762674e+00,9.659870149345362478e+00
-4.587905275363785229e+00,-6.650671265494191964e+00,9.843992954844789978e+00
-4.748644840192051575e+00,-6.879877199180693736e+00,9.908493456116495679e+00
-4.922503802388473737e+00,-7.174717478044684071e+00,9.852555934663733694e+00
-5.080003199339082620e+00,-7.475414158402500675e+00,9.711878080898829424e+00
-5.203558520381855956e+00,-7.730647100326144994e+00,9.549707553237194446e+00
-5.292527350241621242e+00,-7.912500594098286655e+00,9.438110376481811059e+00
-5.361843343405893414e+00,-8.022758249838274125e+00,9.435342943835891560e+00
-5.434893016758976181e+00,-8.088843319046928215e+00,9.566659982215256264e+00
-5.533308707997738551e+00,-8.151240153348634720e+00,9.814925242912730496e+00
-5.667425797973975499e+00,-8.247081718575355325e+00,1.012429597577065365e+01
-5.830917308129436094e+00,-8.395791020265814808e+00,1.041603807608428411e+01
-6.001655152575850138e+00,-8.591829123724455286e+00,1.061158721251705828e+01
-6.148656539232951523e+00,-8.807032445062217718e+00,1.065560832000555713e+01
-6.242808704601682912e+00,-9.001610001422980289e+00,1.053180585737789166e+01
-6.267672553066701013e+00,-9.139794770596330054e+00,1.026660018505308614e+01
-6.226533362324278897e+00,-9.204463198414684300e+00,9.919727030017631009e+00
-6.143055229986511101e+00,-9.205336460457804293e+00,9.565031204344844440e+00
-6.055016386233333492e+00,-9.177562691118842153e+00,9.267821476513736556e+00
-6.002945536456210540e+00,-9.170810948144676900e+00,9.066119120176859170e+00
-6.017253593634357856e+00,-9.232348620334844824e+00,8.961672095877521116e+00
-6.108054012598119087e+00,-9.389776438055811525e+00,8.923234851121073063e+00
-6.261072599665153504e+00,-9.639390247995407890e+00,8.900479086820967112e+00
-6.441113831311068516e+00,-9.944399449500771482e+00,8.843397161196165257e+00
-6.602109087196442516e+00,-1.024402070487802163e+01,8.720355870212957328e+00
-6.700629679000559946e+00,-1.047084767815101003e+01,8.528605999402429916e+00
-6.364798678889007633e+00,-1.076228681366375284e+01,8.356636458548850399e+00
-6.279676554271587996e+00,-1.071001224004013963e+01,8.123383495936867149e+00
-6.123337498368267795e+00,-1.052051045163466370e+01,7.932898147024348923e+00
-5.930741852652878343e+00,-1.024288044959010868e+01,7.810668269400377284e+00
-5.741966840863284460e+00,-9.945962325200241594e+00,7.753962778683343160e+00
-5.590036867582925062e+00,-9.697945904843091824e+00,7.731357080519613234e+00
-5.491643359991876139e+00,-9.546576260896733501e+00,7.693173315661162803e+00
-5.443627364994517492e+00,-9.506158480286698520e+00,7.589415082174825855e+00
-5.426119763745854918e+00,-9.555292998717066055e+00,7.389042880822616510e+00
-5.410997959654646472e+00,-9.645744753496712676e+00,7.093793144972494247e+00
-5.372576655245040911e+00,-9.719239969198413931e+00,6.741436411559846853e+00
-5.296783012478782915e+00,-9.726488287301616964e+00,6.396850761066218638e+00
-5.185684948289588370e+00,-9.642159672517959024e+00,6.133394025409339534e+00
-5.055920694437762819e+00,-9.471068889466664587e+00,6.010407995795988612e+00
-4.931734762560111562e+00,-9.243897490823488994e+00,6.054138799806533022e+00
-4.835217614156963606e+00,-9.004359673760456317e+00,6.248398359541752711e+00
-4.777324566949368467e+00,-8.792580937733610824e+00,6.538216524924639117e+00
-4.752978610449336117e+00,-8.630645570572481162e+00,6.845547068317778816e+00
-4.742134401269050059e+00,-8.515394065594708906e+00,7.092175108310277309e+00
-4.716585634627389112e+00,-8.420931419246132421e+00,7.222626157732724650e+00
-4.650254480509619093e+00,-8.309851881587396960e+00,7.219876975316478429e+00
-4.529415017841176727e+00,-8.149087536584076474e+00,7.109015742075250444e+00
-4.359223545948256451e+00,-7.924615746776265901e+00,6.947914671110368090e+00
-4.164099388141300651e+00,-7.649595023634589097e+00,6.808164537535828842e+00
-3.981537019035958913e+00,-7.362735164930366949e+00,6.752595904054142117e+00
-3.851152817296769726e+00,-7.117088553167001841e+00,6.816671047561872143e+00
-3.802427108515173071e+00,-6.962822127425001284e+00,6.999579628934353259e+00
-3.845128033647576160e+00,-6.929735060353385379e+00,7.267521390798486358e+00
-3.965607832939125554e+00,-7.015555342774127290e+00,7.567551775053533269e+00
-4.130296251715932954e+00,-7.184261174669369865e+00,7.846885760606953752e+00
-4.295391631814334588e+00,-7.375408319061282469e+00,8.070862509250762429e+00
-4.419735781345345060e+00,-7.521785472105863235e+00,8.233416777536604059e+00
-4.476821610170048871e+00,-7.569891934220322582e+00,8.356636458548850399e+00
-4.462166903841314536e+00,-7.496691776213718406e+00,8.479856139561094963e+00
-4.393798877712162820e+00,-7.317210436071545310e+00,8.642410407846936593e+00
-4.305830664149844722e+00,-7.080450412542081295e+00,8.866387156490747046e+00
-4.237331867525415241e+00,-6.854858196684182836e+00,9.145721142044166641e+00
-4.220168566720609249e+00,-6.707936707386015662e+00,9.445751526299213552e+00
-4.269734312188602665e+00,-6.686457417575438100e+00,9.713693288163346651e+00
-4.381445222344064305e+00,-6.803474499062370562e+00,9.896601869535828655e+00
-4.533893920929767951e+00,-7.036072203766247313e+00,9.960677013043557793e+00
-4.697321039279503729e+00,-7.334248618220947868e+00,9.905108379561873733e+00
-4.844321756189546413e+00,-7.637729464972731641e+00,9.765358245987332708e+00
-4.959037518194341132e+00,-7.895009498151096317e+00,9.604257175022450355e+00
-5.041701532516627893e+00,-8.078350740370268568e+00,9.493395941781223257e+00
-5.107085996179518084e+00,-8.189990149203303815e+00,9.490646759364976148e+00
-5.177556031991009888e+00,-8.257886431022072315e+00,9.621097808787421712e+00
-5.273327458072810892e+00,-8.322912119935343966e+00,9.867725848779922870e+00
-5.403503748058052558e+00,-8.422259602345263829e+00,1.017505639217305990e+01
-5.561196680932420477e+00,-8.575016850518922595e+00,1.046487455755594809e+01
-5.724607779290844078e+00,-8.774993695859807374e+00,1.065913411729116689e+01
-5.863852564482961327e+00,-8.993259313478841221e+00,1.070286492130171219e+01
-5.951266154504563310e+00,-9.189396209300005225e+00,1.057987889168835949e+01
-5.971641982349595423e+00,-9.327377805092872620e+00,1.031642215603148216e+01
-5.928776366900477157e+00,-9.390304376676526843e+00,9.971836505537854833e+00
-5.845862413866704799e+00,-9.388566632193471762e+00,9.619479772125206551e+00
-5.759313952251625679e+00,-9.358242504938869999e+00,9.324230036275086064e+00
-5.707822694304104161e+00,-9.349913798085568217e+00,9.123857834922876719e+00
-5.720109183439597622e+00,-9.411461949558628248e+00,9.020099601436537995e+00
-5.805353979795910391e+00,-9.570607719652237222e+00,8.981915836578087564e+00
-5.949499602881459737e+00,-9.823227791881313564e+00,8.959310138414357638e+00
-6.118747883202162896e+00,-1.013169399307010288e+01,8.902604647697323514e+00
-6.269253248635016540e+00,-1.043421611748368960e+01,8.780374770073352764e+00
-6.359998017107977297e+00,-1.066251025933670604e+01,8.589889421160833649e+00
-6.016014378825050635e+00,-1.094308953062855672e+01,8.419468311620645906e+00
-5.933101473518915370e+00,-1.088851273125925267e+01,8.187683647236637441e+00
-5.783738136133744767e+00,-1.069541693598753085e+01,7.998397379772566929e+00
-5.601114966232232817e+00,-1.041365921726664823e+01,7.876936923941617152e+00
-5.422888547244346213e+00,-1.011286350370081877e+01,7.820588387196802493e+00
-5.279730795033409585e+00,-9.861787731289588521e+00,7.798124989075843061e+00
-5.186729613481845469e+00,-9.708374002198828734e+00,7.760181586241742480e+00
-5.140300978509259267e+00,-9.666731739852751915e+00,7.657076497858729347e+00
-5.121378532674423667e+00,-9.714986405011625692e+00,7.457965614454580283e+00
-5.103536059634247835e+00,-9.804352428423124266e+00,7.164574438766370790e+00
-5.063081443243191870e+00,-9.876149718353053331e+00,6.814435746923233950e+00
-4.987575834153775922e+00,-9.880983105689029600e+00,6.472019220004026074e+00
-4.879863745261370234e+00,-9.793758970669632191e+00,6.210220911549019895e+00
-4.756320231052425740e+00,-9.619778738397595674e+00,6.088009063610897442e+00
-4.640067634805020269e+00,-9.390272525543132076e+00,6.131464587679365863e+00
-4.551682076986571346e+00,-9.149347429626995876e+00,6.324501307781028814e+00
-4.500792102694290087e+00,-8.937198638913747217e+00,6.612495104058798034e+00
-4.481665832425679064e+00,-8.775602125844752521e+00,6.917891040117422286e+00
-4.474492552409900625e+00,-8.660794145698831770e+00,7.162966587442583410e+00
-4.452065605104558621e+00,-8.566174993616629152e+00,7.292596463823713293e+00
-4.389651650887191003e+00,-8.453778757318580972e+00,7.289864587166952070e+00
-4.274650051849155474e+00,-8.290333465855317385e+00,7.179701211524172066e+00
-4.112619809786655978e+00,-8.062072572022124461e+00,7.019614251652987136e+00
-3.927403840768515675e+00,-7.782827505173385063e+00,6.880743827691516046e+00
-3.755033961417866717e+00,-7.492215725280724214e+00,6.825524991807934150e+00
-3.633201819285298839e+00,-7.244166190680605411e+00,6.889196790300808004e+00
-3.589621847519747444e+00,-7.089425617669882662e+00,7.070953985028922695e+00
-3.633065785667510816e+00,-7.057895878599112827e+00,7.337209087012126041e+00
-3.750049393164072598e+00,-7.146894392380343852e+00,7.635350817521441513e+00
-3.908354546117192019e+00,-7.319595944974103929e+00,7.912926430570571767e+00
-4.066363437663193636e+00,-7.514599243578691912e+00,8.135493273593210617e+00
-4.185295011419955635e+00,-7.663864355083530810e+00,8.297024283089962537e+00
-4.240491952442980050e+00,-7.713426226643489869e+00,8.419468311620645906e+00
-4.228221480245773378e+00,-7.640265329144328987e+00,8.541912340151329275e+00
-4.165919502286960174e+00,-7.459867833897773082e+00,8.703443349648081195e+00
-4.085938169645375595e+00,-7.221968521786235939e+00,8.926010192670720045e+00
-4.024945568748437452e+00,-6.995768940982838302e+00,9.203585805719850299e+00
-4.012484589704731874e+00,-6.849308625950234486e+00,9.501727536229164883e+00
-4.062384455024955265e+00,-6.829522174811107682e+00,9.767982638212368229e+00
-4.169684925429681499e+00,-6.949232107254901258e+00,9.949739832940483808e+00
-4.313839148156022318e+00,-7.185009974201971517e+00,1.001341163143335855e+01
-4.466850389395865761e+00,-7.486264255456161365e+00,9.958192795549775767e+00
-4.603381118337017242e+00,-7.792274259530350022e+00,9.819322371588304676e+00
-4.709288020006413333e+00,-8.051389220841249639e+00,9.659235411717119746e+00
-4.785668505650653159e+00,-8.236066649065616474e+00,9.549072036074340630e+00
-4.847124717628161328e+00,-8.348989408615629770e+00,9.546340159417578519e+00
-4.914997350722702052e+00,-8.418624583513128812e+00,9.675970035798707514e+00
-5.008089298790043387e+00,-8.486198376187497061e+00,9.921045583123870415e+00
-5.134281379340015938e+00,-8.588934961963525794e+00,1.022644151918249200e+01
-5.286136315879097047e+00,-8.745577794973126373e+00,1.051443531546026122e+01
-5.442196752147054895e+00,-8.949298311625065949e+00,1.070747203556192595e+01
-5.573684000681053519e+00,-9.170429203510435556e+00,1.075092755963039437e+01
-5.654382444014641074e+00,-9.367963712819729949e+00,1.062871571169227103e+01
-5.670313193617564806e+00,-9.505645066098001195e+00,1.036691740323726663e+01
-5.625774301193714244e+00,-9.566806701939105650e+00,1.002450087631805964e+01
-5.543477176887587454e+00,-9.562492752522215866e+00,9.674362184474921023e+00
-5.458462472586575132e+00,-9.529672940865451025e+00,9.380971008786712417e+00
-5.407580557752345030e+00,-9.519793547727738670e+00,9.181860125382563353e+00
-5.417862576059608415e+00,-9.581307580746605268e+00,9.078755036999549333e+00
-5.497561546646302588e+00,-9.742034262199750216e+00,9.040811634165448751e+00
-5.632844073166510590e+00,-9.997439476571527095e+00,9.018348236044490207e+00
-5.791315803134584606e+00,-1.030909542232862108e+01,8.961999699299674660e+00
-5.931357325459136298e+00,-1.061426259990297005e+01,8.840539243468725772e+00
-6.014360619345609393e+00,-1.084384013780781508e+01,8.651252976004654371e+00
-5.662558080614122247e+00,-1.111339597704635551e+01,8.482300164692441413e+00
-5.581885934956191342e+00,-1.105658369176762790e+01,8.251902216417908775e+00
-5.439518464306399181e+00,-1.086007430986531119e+01,8.063748406604101859e+00
-5.266874737504927850e+00,-1.057443847037336582e+01,7.943014621673545328e+00
-5.099193720463765622e+00,-1.027002515305537855e+01,7.887003205694925967e+00
-4.964801963877986779e+00,-1.001610486974362324e+01,7.864674201090167571e+00
-4.877192815258714731e+00,-9.860780467805925653e+00,7.826957805198472506e+00
-4.832364914657262922e+00,-9.817958133233389617e+00,7.724469571633743925e+00
-4.812058311359566076e+00,-9.865309620736884000e+00,7.526549924372514688e+00
-4.791541076730757354e+00,-9.953540061583515453e+00,7.234914042852651050e+00
-4.749106618825723380e+00,-1.002360948078670511e+01,6.886870152949152946e+00
-4.673938865506128693e+00,-1.002605408111368313e+01,6.546502227973874710e+00
-4.569647410342844829e+00,-9.936031494215345816e+00,6.286270200587260604e+00
-4.452335782229040362e+00,-9.759320103296476034e+00,6.164789518961436343e+00
-4.344001554588858838e+00,-9.527669809321945849e+00,6.207985058291779268e+00
-4.263710504556435410e+00,-9.285544637699929993e+00,6.399866882618965747e+00
-4.219773841352912669e+00,-9.073180213063434252e+00,6.686137676049288991e+00
-4.205816881846398125e+00,-8.912032580679687399e+00,6.989706496127539914e+00
-4.202274667051235646e+00,-8.797743812888006332e+00,7.233315810945827096e+00
-4.182947173541905705e+00,-8.703036922778633055e+00,7.362170140599889834e+00
-4.124446570594572314e+00,-8.589419516494443130e+00,7.359454608153731314e+00
-4.015292632846163556e+00,-8.423441573731375698e+00,7.249950315492494468e+00
-3.861438207838970182e+00,-8.191599229593464315e+00,7.090821120306736169e+00
-3.686140013680967442e+00,-7.908378822371597394e+00,6.952781527213861779e+00
-3.523959654057419399e+00,-7.614266373197545512e+00,6.897893053347411652e+00
-3.410660973496288939e+00,-7.364018584072379525e+00,6.961183917627385753e+00
-3.372194545897794882e+00,-7.208918997530121331e+00,7.141853699473321271e+00
-3.416341707771113345e+00,-7.178949801754129112e+00,7.406515856383424357e+00
-3.529789263404163435e+00,-7.271024764490237935e+00,7.702873871211189716e+00
-3.681677432962960683e+00,-7.447551109891321630e+00,7.978788811086638511e+00
-3.832574935146427109e+00,-7.646225586066958790e+00,8.200024086175414340e+00
-3.946076153271272258e+00,-7.798237845890383824e+00,8.360588691558914931e+00
-3.999368327697599312e+00,-7.849202295323871148e+00,8.482300164692441413e+00
-3.989461576187337766e+00,-7.776131868777569345e+00,8.604011637825966119e+00
-3.933195416767862884e+00,-7.594956889940451816e+00,8.764576243209468487e+00
-3.861159715584443930e+00,-7.356100319162324652e+00,8.985811518298243428e+00
-3.807624528264425212e+00,-7.129460626276910240e+00,9.261726458173692222e+00
-3.799817118764210022e+00,-6.983559320597811038e+00,9.558084473001457582e+00
-3.850011758134442630e+00,-6.965458967689068359e+00,9.822746629911561556e+00
-3.952879960616886734e+00,-7.087744210935343681e+00,1.000341641175749530e+01
-4.088739381285875218e+00,-7.326496728816125348e+00,1.006670727603747117e+01
-4.231354127326709680e+00,-7.630578356045542243e+00,1.001181880217102105e+01
-4.357446556643416180e+00,-7.938870352715888146e+00,9.873779209078145769e+00
-4.454577591047545582e+00,-8.199614707947674219e+00,9.714650013892388358e+00
-4.524697492596094328e+00,-8.385481485551057546e+00,9.605145721231151512e+00
-4.582230113474147437e+00,-8.499592103334201454e+00,9.602430188784992993e+00
-4.647489181408467118e+00,-8.570895687338694557e+00,9.731284518439053954e+00
-4.737868675201061919e+00,-8.640938651516336222e+00,9.974893833257343800e+00
-4.860036153438025863e+00,-8.746950270703923280e+00,1.027846265333559295e+01
-5.006017259303636280e+00,-8.907320454824610323e+00,1.056473344676591708e+01
-5.154706742811663744e+00,-9.114594883885256849e+00,1.075661527109310356e+01
-5.278438506063615421e+00,-9.338399741606091098e+00,1.079981081042344648e+01
-5.352446979488903800e+00,-9.537175191882155900e+00,1.067833012879762222e+01
-5.363975802882154476e+00,-9.674462700429405260e+00,1.041809810141100812e+01
-5.317815582823957499e+00,-9.733837790273993207e+00,1.007773017643573077e+01
-5.236185883356990090e+00,-9.726982216621921751e+00,9.729686286532231776e+00
-5.152746229358233343e+00,-9.691720456181291965e+00,9.438050405012369026e+00
-5.102502149316433311e+00,-9.680316337318494391e+00,9.240130757751138901e+00
-5.110796966859657786e+00,-9.741753207457689356e+00,9.137642524186411208e+00
-5.184961682144072270e+00,-9.903927890333527273e+00,9.099926128294715255e+00
-5.311394014008983255e+00,-1.016190370310389923e+01,9.077597123689956859e+00
-5.459109132127091257e+00,-1.047649015404521755e+01,9.021585707711338387e+00
-5.588715943963914690e+00,-1.078405439697937851e+01,8.900851922780782743e+00
-5.664013873822876910e+00,-1.101473741680053031e+01,8.712698112966974051e+00
-5.304725695527595875e+00,-1.127311593192274231e+01,8.545132017764238697e+00
-5.226324054190531143e+00,-1.121413337403043364e+01,8.316037834959306707e+00
-5.090969638497174543e+00,-1.101438584222338690e+01,8.128948741398598798e+00
-4.928308835359401563e+00,-1.072511430853824699e+01,8.008898159339359779e+00
-4.771166701498922968e+00,-1.041733576766796254e+01,7.953203698223416218e+00
-4.645532069444199053e+00,-1.016077948275070142e+01,7.931001047978114116e+00
-4.563312913815764205e+00,-1.000367393530750171e+01,7.893498079918435550e+00
-4.520098148544089867e+00,-9.959714822072097462e+00,7.791589802125721498e+00
-4.498437489075811868e+00,-1.000614088982962357e+01,7.594790133596017512e+00
-4.475290720639790720e+00,-1.009318795115893330e+01,7.304804547987508556e+00
-4.430928730176159291e+00,-1.016150112934279370e+01,6.958730153077171465e+00
-4.356146861359686540e+00,-1.016158298140045702e+01,6.620288286692542989e+00
-4.255308412940079776e+00,-1.006885664317809770e+01,6.361528848510527467e+00
-4.144237410417168199e+00,-9.889567926010938592e+00,6.240735596261192342e+00
-4.043804510212563486e+00,-9.655958538460508223e+00,6.283686702630906673e+00
-3.971569500834227107e+00,-9.412814560435990074e+00,6.474482714785393611e+00
-3.934535802736919941e+00,-9.200383775645228468e+00,6.759133572021733372e+00
-3.925697796331225398e+00,-9.039791186943306300e+00,7.060984570616636979e+00
-3.925746946643294599e+00,-8.926094592694727936e+00,7.303215360082977448e+00
-3.909496287220699084e+00,-8.831366437469370112e+00,7.431340534695211275e+00
-3.854904041963413963e+00,-8.716620560188449218e+00,7.428640368781008974e+00
-3.751605326958918241e+00,-8.548254076140478830e+00,7.319755734049079976e+00
-3.605938149688392436e+00,-8.313032086490647288e+00,7.161527011942367515e+00
-3.440563761352926075e+00,-8.026078224597148036e+00,7.024268551043855169e+00
-3.288566732004246429e+00,-7.728709009797213980e+00,6.969690677586140914e+00
-3.183780763109096412e+00,-7.476461435747173034e+00,7.032623394391247729e+00
-3.150395108488976526e+00,-7.321114196478294645e+00,7.212270810262420007e+00
-3.195206820004016457e+00,-7.292708142230614143e+00,7.475435308951722035e+00
-3.305080962468400330e+00,-7.387760208014256591e+00,7.770116306474145418e+00
-3.450521660909987354e+00,-7.567944947161667990e+00,8.044469911390448758e+00
-3.594286031125242253e+00,-7.770110677795159404e+00,8.264453270329457979e+00
-3.702341483692209501e+00,-7.924733138168830848e+00,8.424109279999729694e+00
-3.753714169784078347e+00,-7.977048661904158955e+00,8.545132017764238697e+00
-3.746150548476042452e+00,-7.904118157088245056e+00,8.666154755528747700e+00
-3.695889032816891628e+00,-7.722299934335121741e+00,8.825810765199019414e+00
-3.631756518574659420e+00,-7.482662296634087440e+00,9.045794124138026859e+00
-3.585629181187949932e+00,-7.255744237127114360e+00,9.320147729054331975e+00
-3.582426720008323073e+00,-7.110496288314009483e+00,9.614828726576753581e+00
-3.632878020922551965e+00,-7.094074971591795453e+00,9.877993225266056498e+00
-3.731294308839553153e+00,-7.218821117646550434e+00,1.005764064113722966e+01
-3.858861314740346327e+00,-7.460348749392760048e+00,1.012057335794233737e+01
-3.991101679860148632e+00,-7.767014744694705541e+00,1.006599548448462400e+01
-4.106789828099701722e+00,-8.077349176445078882e+00,9.928737023586108990e+00
-4.195179732805757844e+00,-8.339523804689008557e+00,9.770508301479397417e+00
-4.259063259350238440e+00,-8.526437668563509931e+00,9.661623666747468420e+00
-4.312678070567876887e+00,-8.641643491390730958e+00,9.658923500833266118e+00
-4.375308808467537780e+00,-8.714546838324961797e+00,9.787048675445499057e+00
-4.462944869582589291e+00,-8.786981904085392259e+00,1.002927946491184130e+01
-4.581050028564523480e+00,-8.896157273675168398e+00,1.033113046350674225e+01
-4.721124593822723980e+00,-9.060100706874875343e+00,1.061578132074308378e+01
-4.862425920914327904e+00,-9.270744542748674988e+00,1.080657733289757161e+01
-4.978406707708223244e+00,-9.497037650221844984e+00,1.084952843926728505e+01
-5.045751716992261215e+00,-9.696902257967746408e+00,1.072873518701794993e+01
-5.052921742435002805e+00,-9.833705610320500057e+00,1.046997574883593529e+01
-5.005190917158765629e+00,-9.891273856097948070e+00,1.013153388245130770e+01
-4.924277311757477626e+00,-9.881910898635700491e+00,9.785459487540968837e+00
-4.842452092772250971e+00,-9.844259905114691733e+00,9.495473901932459881e+00
-4.792873168776213610e+00,-9.831356640743912578e+00,9.298674233402756784e+00
-4.799198119569248355e+00,-9.892674783013509554e+00,9.196765955610041843e+00
-4.867841562173328640e+00,-1.005616857609795822e+01,9.159262987550363277e+00
-4.985439048804504836e+00,-1.031650685457444894e+01,9.137060337305062063e+00
-5.122420324464298957e+00,-1.063377237519256191e+01,9.081365876189117614e+00
-5.241623973814955484e+00,-1.094349329321306463e+01,8.961315294129878595e+00
-5.309253940602701505e+00,-1.117510953163987608e+01,8.774226200569170686e+00
-4.942812669608093401e+00,-1.142216614614685355e+01,8.607963870836034204e+00
-4.866709685803481733e+00,-1.136107697150604956e+01,8.380089216201712432e+00
-4.738383052991750333e+00,-1.115826183400767135e+01,8.193996046750545048e+00
-4.585705841850397313e+00,-1.086559004529292061e+01,8.074584525294795867e+00
-4.439093438664490243e+00,-1.055469127333158674e+01,8.019186540341827651e+00
-4.322204985146962386e+00,-1.029570135358338412e+01,7.997102080602737750e+00
-4.245372393029892777e+00,-1.013694041102077215e+01,7.959798750637184561e+00
-4.203782320420152985e+00,-1.009188669658734128e+01,7.858432957223885573e+00
-4.180797082396832565e+00,-1.013736608381878490e+01,7.662680904730521547e+00
-4.155065231652716129e+00,-1.022318385983306754e+01,7.374238988133552830e+00
-4.108826818795148661e+00,-1.028971383400690343e+01,7.030006837616122439e+00
-4.034477179957040249e+00,-1.028745875900821360e+01,6.693366585681570058e+00
-3.937122113864335748e+00,-1.019212098734151084e+01,6.435984591572600166e+00
-3.832298502632390136e+00,-1.001040441548616045e+01,6.315834353354150998e+00
-3.739748313660887113e+00,-9.775015369747437788e+00,6.358556819766553403e+00
-3.675529965356250095e+00,-9.531028170601747007e+00,6.548337174915639380e+00
-3.645348676068540961e+00,-9.318675409886701289e+00,6.831472761292904927e+00
-3.641579537287213064e+00,-9.158740387689462636e+00,7.131716928183895021e+00
-3.645180687222544513e+00,-9.045706369496130606e+00,7.372658259891307075e+00
-3.631984154325309522e+00,-8.951021242472481987e+00,7.500101390734944751e+00
-3.581294381142923644e+00,-8.835236850604882619e+00,7.497415598509141077e+00
-3.483856619421861200e+00,-8.664621843060531958e+00,7.389110585126721809e+00
-3.346385532240168548e+00,-8.426216291549806670e+00,7.231724155834458045e+00
-3.190938100588804449e+00,-8.135763917472527140e+00,7.095196357572904233e+00
-3.049115663581609237e+00,-7.835374702325633045e+00,7.040909016390425990e+00
-2.952820038121501067e+00,-7.581319828559474949e+00,7.103506725907013930e+00
-2.924482089627036263e+00,-7.425832703236124210e+00,7.282197831662627685e+00
-2.969920768546420842e+00,-7.398991880905197327e+00,7.543961436991275527e+00
-3.076186330500485511e+00,-7.496924165352137237e+00,7.837073770598177447e+00
-3.215151814783120621e+00,-7.680605381010703780e+00,8.109966919618974757e+00
-3.351763952898564991e+00,-7.886087414594745049e+00,8.328779249682405350e+00
-3.454360208267552856e+00,-8.043186924611546829e+00,8.487585368713745027e+00
-3.503799687000255680e+00,-8.096803347173461063e+00,8.607963870836034204e+00
-3.498558649123145958e+00,-8.024060551326243740e+00,8.728342372958323381e+00
-3.454270004629584001e+00,-7.841729084946520878e+00,8.887148491989661281e+00
-3.397997492429723820e+00,-7.601480990725104192e+00,9.105960822053091874e+00
-3.359228068857659011e+00,-7.374441067796103866e+00,9.378853971073889184e+00
-3.360582288779671245e+00,-7.229937545061146942e+00,9.671966304680791993e+00
-3.411253322344596661e+00,-7.215187980904821607e+00,9.933729910009439834e+00
-3.505199898043418028e+00,-7.342283717972041934e+00,1.011242101576505448e+01
-3.624479038940143560e+00,-7.586392736474085297e+00,1.017501872528164242e+01
-3.746369213988939073e+00,-7.895407411597775926e+00,1.012073138409916595e+01
-3.851688792990354493e+00,-8.207552044569574434e+00,9.984203585837610362e+00
-3.931373525765672561e+00,-8.470963984626543208e+00,9.826817156545347487e+00
-3.989045775838448549e+00,-8.658787065689846685e+00,9.718512143162927330e+00
-4.038749427522811963e+00,-8.774998190435592704e+00,9.715826350937124545e+00
-4.098738266203366898e+00,-8.849434478586941211e+00,9.843269481780760444e+00
-4.183601676063934072e+00,-8.924186463287179905e+00,1.008421081348817516e+01
-4.297609136627064785e+00,-9.036417103792924621e+00,1.038445498037916259e+01
-4.431747122899560409e+00,-9.203783784602247664e+00,1.066759056675642903e+01
-4.565645652089728834e+00,-9.417617676879979527e+00,1.085737092190551500e+01
-4.673881917658325946e+00,-9.646218751129886471e+00,1.090009338831791652e+01
-4.734590897921622243e+00,-9.847025428493857646e+00,1.077994315009946824e+01
-4.737445013733656118e+00,-9.983257413076108477e+00,1.052256115599050013e+01
-4.688193062566712754e+00,-1.003899967231320645e+01,1.018592090405594774e+01
-4.608042426906445499e+00,-1.002716312338992211e+01,9.841688753538514689e+00
-4.527869296559884127e+00,-9.987174525100060762e+00,9.553246836941548636e+00
-4.478981771905864662e+00,-9.972797259604179843e+00,9.357494784448183722e+00
-4.483354152436276330e+00,-1.003395650757560098e+01,9.256128991034882958e+00
-4.546490370249532731e+00,-1.019864440055815535e+01,9.218825661069329769e+00
-4.655270243992457146e+00,-1.046114321610857623e+01,9.196741201330240756e+00
-4.781542598761950202e+00,-1.078084391300487610e+01,9.141343216377272540e+00
-4.890376407838232353e+00,-1.109248843600077272e+01,9.021931694921523359e+00
-4.950376655135865889e+00,-1.132487104079619655e+01,8.835838525470355975e+00
-4.577113919781163887e+00,-1.156047013112327448e+01,8.670795723907829711e+00
-4.503336358470981793e+00,-1.149733642341413997e+01,8.444055156618057723e+00
-4.382050260693994836e+00,-1.129161945967133107e+01,8.258888136276016922e+00
-4.239355147135229984e+00,-1.099577609822139479e+01,8.140070902480269766e+00
-4.103261354495614910e+00,-1.068199496693055295e+01,8.084948622404393603e+00
-3.995106605501201003e+00,-1.042076786651384346e+01,8.062974072678516180e+00
-3.923656101036680166e+00,-1.026047363583370853e+01,8.025856394050499887e+00
-3.883701562434971777e+00,-1.021436639134924640e+01,7.924995078257428993e+00
-3.859420570300281739e+00,-1.025887871636522064e+01,7.730217245234671353e+00
-3.831147229832630341e+00,-1.034342302461112517e+01,7.443210847334484903e+00
-3.783082282097862681e+00,-1.040814407162299027e+01,7.100691872536906146e+00
-3.709209652358213205e+00,-1.040357757102150060e+01,6.765727012935905726e+00
-3.615366631136287978e+00,-1.030571830852674609e+01,6.509625958397432299e+00
-3.516795621692350160e+00,-1.012171912159370635e+01,6.390073684287044031e+00
-3.432108428834943492e+00,-9.884724529309567131e+00,6.432583529385487608e+00
-3.375866894585121791e+00,-9.640064292133470047e+00,6.621419385027315307e+00
-3.352487595490393879e+00,-9.427929332020905662e+00,6.903145861269811334e+00
-3.353737744138668653e+00,-9.268750998197088364e+00,7.201895771985218353e+00
-3.360852018003242847e+00,-9.156447577867879772e+00,7.441637986065850363e+00
-3.350686970984640745e+00,-9.061867718807608441e+00,7.568446857508979164e+00
-3.303893134319966229e+00,-8.945132131193853198e+00,7.565774431942921652e+00
-3.212320617025233194e+00,-8.772404648125602833e+00,7.458008431313919218e+00
-3.083052423051610091e+00,-8.531006066437049284e+00,7.301405283330192120e+00
-2.937532869411070280e+00,-8.237283402663726051e+00,7.165556957072386268e+00
-2.805874382185401750e+00,-7.934104071848109285e+00,7.111539793311364654e+00
-2.718045621977606352e+00,-7.678428650815515510e+00,7.173825966337531668e+00
-2.694722281437933020e+00,-7.522906009472491995e+00,7.351627761599416999e+00
-2.740751406036429749e+00,-7.497632107234320387e+00,7.612088620940173023e+00
-2.843375112396000937e+00,-7.598350188769439129e+00,7.903742192103271336e+00
-2.975839910563180091e+00,-7.785370362166120550e+00,8.175277205585846474e+00
-3.105282857936321861e+00,-7.993998598752127371e+00,8.393000549712009928e+00
-3.202408082557471669e+00,-8.153445709956425702e+00,8.551016321918163854e+00
-3.249901485804296275e+00,-8.208314172248073248e+00,8.670795723907829711e+00
-3.246962639712200893e+00,-8.135805312859289984e+00,8.790575125897495568e+00
-3.208614822868685046e+00,-7.953086579631301944e+00,8.948590898103649494e+00
-3.160158814974709962e+00,-7.712393345358686148e+00,9.166314242229811171e+00
-3.128697378627314230e+00,-7.485383112034822872e+00,9.437849255712386309e+00
-3.134560569763594096e+00,-7.341712029193530498e+00,9.729502826875485511e+00
-3.185415534176234242e+00,-7.328626806985340636e+00,9.989963686216242422e+00
-3.274876124673897326e+00,-7.457963858645138444e+00,1.016776548147812775e+01
-3.385873583422057465e+00,-7.704466142998211531e+00,1.023005165450429566e+01
-3.497439210188007852e+00,-8.015600800046694729e+00,1.017603449074327315e+01
-3.592427020339380217e+00,-8.329330396400761671e+00,1.004018616448546730e+01
-3.663443262879371609e+00,-8.593792557229013696e+00,9.883583016501740204e+00
-3.714929869286223152e+00,-8.782391175175945364e+00,9.775817015872737770e+00
-3.760729639060875318e+00,-8.899520341714081795e+00,9.773144590306680257e+00
-3.818064007486901001e+00,-8.975424545273170907e+00,9.899953461749808170e+00
-3.900127071313313820e+00,-9.052420159860506743e+00,1.013969567583044196e+01
-4.010003458203161841e+00,-9.167600385744123059e+00,1.043844558654584631e+01
-4.138177055643357249e+00,-9.338244347979411941e+00,1.072017206278834323e+01
-4.264660198911913724e+00,-9.555093964761974590e+00,1.090900791843017181e+01
-4.365159854443334098e+00,-9.785827960185404351e+00,1.095151776352861539e+01
-4.419260791893687035e+00,-9.987434094173956112e+00,1.083196548941822712e+01
-4.417841448449562947e+00,-1.012301039502430200e+01,1.057586443487975458e+01
-4.367116603715210488e+00,-1.017690852559550585e+01,1.024089957527875505e+01
-4.287774159313268996e+00,-1.016263163365844058e+01,9.898380600481175406e+00
-4.209289219587469155e+00,-1.012035591871219609e+01,9.611374202580989845e+00
-4.161118354810772857e+00,-1.010452931313684566e+01,9.416596369558231316e+00
-4.163555330421214506e+00,-1.016549081163138268e+01,9.315735053765159535e+00
-4.221199105962295306e+00,-1.033125151300218292e+01,9.278617375137143242e+00
-4.321179942619131964e+00,-1.059571489425479740e+01,9.256642825411265818e+00
-4.436769802718231404e+00,-1.091761410672893007e+01,9.201520545335391432e+00
-4.535268258536324204e+00,-1.123095616287364429e+01,9.082703311539644275e+00
-4.587677450485111663e+00,-1.146394342279316092e+01,8.897536291197601699e+00
-4.207923788470496085e+00,-1.168795795560752282e+01,8.733627576979625218e+00
-4.136497227474671412e+00,-1.162284022753215673e+01,8.507934537001053954e+00
-4.022262908013056304e+00,-1.141438261542548460e+01,8.323622976770367998e+00
-3.889546856146913978e+00,-1.111558988378843260e+01,8.205354671200963068e+00
-3.763959221117358922e+00,-1.079915745855080900e+01,8.150487052628875517e+00
-3.664524694965372476e+00,-1.053588398757206868e+01,8.128614023955291756e+00
-3.598451083256773320e+00,-1.037417509038495389e+01,8.091667826692766852e+00
-3.560142328868025174e+00,-1.032705430018066295e+01,7.991272483902233326e+00
-3.534593732779942599e+00,-1.037057995751291628e+01,7.797394512347350037e+00
-3.503821567932170478e+00,-1.045380816735685414e+01,7.511714066145547264e+00
-3.453978739671864417e+00,-1.051669563725889489e+01,7.170777507697164488e+00
-3.380626454742590603e+00,-1.050984280119535441e+01,6.837360164903230952e+00
-3.290322707172160577e+00,-1.040954964452637732e+01,6.582442281299995201e+00
-3.198008356743260894e+00,-1.022340900939931885e+01,6.463442331256464612e+00
-3.121163796798851919e+00,-9.984977920075372992e+00,6.505755783515867918e+00
-3.072859178239501610e+00,-9.739809737535985334e+00,6.693719229255561842e+00
-3.056231909027487870e+00,-9.528028051113107466e+00,6.974144146709173597e+00
-3.062452481054358966e+00,-9.369702380014185650e+00,7.271513851427770625e+00
-3.073041631854105837e+00,-9.258195385792612697e+00,7.510148471398096603e+00
-3.065885639523588946e+00,-9.163781116902288915e+00,7.636371493746256789e+00
-3.022980783977760488e+00,-9.046179136880208915e+00,7.633711414620014679e+00
-2.937276738647908392e+00,-8.871471407197082826e+00,7.526443286207824102e+00
-2.816216729003512942e+00,-8.627264984009030968e+00,7.370563635022636895e+00
-2.680624368067770824e+00,-8.330493803019287213e+00,7.235342919578533483e+00
-2.559117897060390501e+00,-8.024747664095492894e+00,7.181575311752691704e+00
-2.479731894752075227e+00,-7.767633002440531342e+00,7.243573726535440294e+00
-2.461390277518974656e+00,-7.612176033272583631e+00,7.420554088567516082e+00
-2.507974347575335550e+00,-7.588470438611459201e+00,7.679811634946150711e+00
-2.606924518526950951e+00,-7.691882336386917984e+00,7.970117784759578328e+00
-2.732864970126694715e+00,-7.882088228529696039e+00,8.240398323377021939e+00
-2.855123425910543133e+00,-8.093697262829635974e+00,8.457115799201872619e+00
-2.946767017506846109e+00,-8.255366106894264533e+00,8.614401548373484374e+00
-2.992302179555559327e+00,-8.311439042918236098e+00,8.733627576979625218e+00
-2.991645390328711684e+00,-8.239208898483502352e+00,8.852853605585766061e+00
-2.959206391667465130e+00,-8.056225089397237582e+00,9.010139354757377816e+00
-2.918523475979903470e+00,-7.815247053511883202e+00,9.226856830582228497e+00
-2.894320463095311435e+00,-7.588413429632428375e+00,9.497137369199672108e+00
-2.904645655720943243e+00,-7.445659980181568827e+00,9.787443519013098836e+00
-2.955649813330022635e+00,-7.434231651001780961e+00,1.004670106539173347e+01
-3.040609355879266396e+00,-7.565704691262638448e+00,1.022368142742380925e+01
-3.143332443264669429e+00,-7.814417485301166977e+00,1.028567984220655873e+01
-3.244600021993591987e+00,-8.127450073799323604e+00,1.023191223438071873e+01
-3.329293382502281240e+00,-8.442546022513239379e+00,1.009669151893661443e+01
-3.391678074491494499e+00,-8.707876859897087485e+00,9.940811867751426334e+00
-3.437004870699940096e+00,-8.897121293744984172e+00,9.833543739339235756e+00
-3.478908434630517021e+00,-9.015083760930265200e+00,9.830883660212993647e+00
-3.533576567739927121e+00,-9.092392606599183580e+00,9.957106682561152056e+00
-3.612812881802480725e+00,-9.171560443558202991e+00,1.019574130253148070e+01
-3.718526495878339055e+00,-9.289587327971400299e+00,1.049311100725007506e+01
-3.840709692274661080e+00,-9.463366542217363175e+00,1.077353592470368859e+01
-3.959766425061139294e+00,-9.683062396256623572e+00,1.096149937044338252e+01
-4.052538370225690301e+00,-9.915759274060429007e+00,1.100381282270278582e+01
-4.100059447019022585e+00,-1.011802648000597316e+01,1.088481287265925523e+01
-4.094408477712153882e+00,-1.025286546044480751e+01,1.062989498905601948e+01
-4.042257732891000543e+00,-1.030490216749913657e+01,1.029647764626208684e+01
-3.963767191688875702e+00,-1.028821755358499423e+01,9.955541087813703172e+00
-3.887005173586424167e+00,-1.024370403181819000e+01,9.669860641611901286e+00
-3.839575343813067754e+00,-1.022645222449411051e+01,9.475982670057017998e+00
-3.840093863334422597e+00,-1.028717833642135560e+01,9.375587327266483584e+00
-3.892260400937791687e+00,-1.045389408837109535e+01,9.338641130003958679e+00
-3.983461608014803979e+00,-1.072013173661033036e+01,9.316768101330376695e+00
-4.088396291076459299e+00,-1.104399968208322314e+01,9.261900482758287367e+00
-4.176594470692677419e+00,-1.135881983393893435e+01,9.143632177188882437e+00
-4.221451297570542494e+00,-1.159225488030199358e+01,8.959320616958194705e+00
-3.835536015791859654e+00,-1.180456605204536125e+01,8.796459430051420725e+00
-3.766485043695539936e+00,-1.173752326224792242e+01,8.571726323567716577e+00
-3.659312683879712313e+00,-1.152648177529518136e+01,8.388198690214764497e+00
-3.536571706337366727e+00,-1.122495571771538181e+01,8.270433411712158289e+00
-3.421477043595737566e+00,-1.090609661666061037e+01,8.215799159950387676e+00
-3.330748742248052174e+00,-1.064096224628432452e+01,8.194019163179161680e+00
-3.270046419287833128e+00,-1.047795399996899057e+01,8.157230108078680431e+00
-3.233393229567036897e+00,-1.042985859052729936e+01,8.057261773813896966e+00
-3.206604492657198158e+00,-1.047237864799619267e+01,7.864208417669528828e+00
-3.173375187677957676e+00,-1.055424950640378690e+01,7.579743047613465734e+00
-3.121801902759192338e+00,-1.061527965756837588e+01,7.240256584489735303e+00
-3.049011983154110261e+00,-1.060616508434895522e+01,6.908257355764130025e+00
-2.962273576923696083e+00,-1.050352333489229828e+01,6.654423706814007744e+00
-2.876219172737050300e+00,-1.031537853393354176e+01,6.535929895718957994e+00
-2.807196657829652331e+00,-1.007567522777246793e+01,6.578063377430261482e+00
-2.766789390529528880e+00,-9.830159441614716442e+00,6.765227363836192609e+00
-2.756864941069503860e+00,-9.618862523175218726e+00,7.044459558328190596e+00
-2.768007976347823806e+00,-9.461482607653172394e+00,7.340564469325434160e+00
-2.782034507914199928e+00,-9.350835869331564965e+00,7.578184111763595077e+00
-2.777865478238683572e+00,-9.256645740313706128e+00,7.703870273484652920e+00
-2.738842445569033224e+00,-9.138259793900004979e+00,7.701221508393848225e+00
-2.659009394334031384e+00,-8.961700405268794967e+00,7.594409620322097432e+00
-2.546161850887803002e+00,-8.714866233234507931e+00,7.439192967421460523e+00
-2.420494982879656920e+00,-8.415262172049459366e+00,7.304547382224913399e+00
-2.309127883930244263e+00,-8.107166302257869717e+00,7.251008462566398194e+00
-2.238160353907700184e+00,-7.848788580950564864e+00,7.312743181335373599e+00
-2.224768013112284670e+00,-7.693495520945363708e+00,7.488970798056985068e+00
-2.271872503561932266e+00,-7.671359417555262183e+00,7.747125652023884257e+00
-2.367118763890090349e+00,-7.777375546477507839e+00,8.036197051323966889e+00
-2.486512576775934402e+00,-7.970618045355873704e+00,8.305328013764608386e+00
-2.601572433969079334e+00,-8.185046974429640798e+00,8.521123731594675732e+00
-2.687724669952952894e+00,-8.348815114027253514e+00,8.677740501966987097e+00
-2.731289983136475641e+00,-8.406046216350803846e+00,8.796459430051420725e+00
-2.732895463948988191e+00,-8.334138233363463044e+00,8.915178358135852577e+00
-2.706333589712490717e+00,-8.151008011528483976e+00,9.071795128508165718e+00
-2.673380807377670365e+00,-7.909900876633177980e+00,9.287590846338233064e+00
-2.656387340068691483e+00,-7.683386488575830953e+00,9.556721808778872784e+00
-2.671128466239198751e+00,-7.541633291442989773e+00,9.845793208078955416e+00
-2.722248074640258420e+00,-7.531854450471765716e+00,1.010394806204585549e+01
-2.802692413796734172e+00,-7.665360995537682243e+00,1.028017567876746696e+01
-2.897149090065050281e+00,-7.916106630582040005e+00,1.034191039753644326e+01
-2.988145422956457686e+00,-8.230821363493227238e+00,1.028837147787792894e+01
-3.062581639799498490e+00,-8.547071272292658506e+00,1.015372589268138093e+01
-3.116371545461611881e+00,-8.813094434055992465e+00,9.998509239780744906e+00
-3.155564255090890668e+00,-9.002858670136536290e+00,9.891697351708993224e+00
-3.193579471869754993e+00,-9.121572075783330291e+00,9.889048586618187642e+00
-3.245570224760431444e+00,-9.200223985020784312e+00,1.001473474833924548e+01
-3.321954448169472052e+00,-9.281494488299591339e+00,1.025235439077740907e+01
-3.423474946429446497e+00,-9.402267802727850565e+00,1.054845930177464908e+01
-3.539643110670052994e+00,-9.579044045634184101e+00,1.082769149626664884e+01
-3.651263503036521474e+00,-9.801421284827583236e+00,1.101485548267257997e+01
-3.736317183769165773e+00,-1.003591574945845899e+01,1.105698896438388346e+01
-3.777286447640419098e+00,-1.023870960051311130e+01,1.093849515328883371e+01
-3.767444909535138109e+00,-1.037273207614551218e+01,1.068466150433871142e+01
-3.713914039274755385e+00,-1.042289076203592124e+01,1.035266227561310792e+01
-3.636317752520008106e+00,-1.040383034886202474e+01,1.001317581248937572e+01
-3.561312196916024853e+00,-1.035712712847694306e+01,9.728710442433314398e+00
-3.514646990791282288e+00,-1.033847370386595621e+01,9.535657086288946260e+00
-3.513263709781902833e+00,-1.039892791182306730e+01,9.435688752024161019e+00
-3.559968342095261473e+00,-1.056648428353133973e+01,9.398899696923679770e+00
-3.642409677217243846e+00,-1.083431125245637361e+01,9.377119700152453774e+00
-3.736716816256643980e+00,-1.115992462939790997e+01,9.322485448390683160e+00
-3.814649849345989274e+00,-1.147600967067819688e+01,9.204720169888078729e+00
-3.851992662580414173e+00,-1.170974015269424839e+01,9.021192536535124873e+00
-3.460243728316573009e+00,-1.191023703364371755e+01,8.859291283123218008e+00
-3.393592138101121591e+00,-1.184132661902465600e+01,8.635429568979581916e+00
-3.293491282007615872e+00,-1.162785385598717980e+01,8.452613555629557851e+00
-3.180720995766643799e+00,-1.132380472171656116e+01,8.335304906607222009e+00
-3.076105950721135684e+00,-1.100273751698009761e+01,8.280882496657437031e+00
-2.994069819675574617e+00,-1.073592271885210536e+01,8.259186950827373863e+00
-2.938733063348780039e+00,-1.057172733952604204e+01,8.222540543605143526e+00
-2.903744866299755145e+00,-1.052269521761396831e+01,8.122959831983461498e+00
-2.875742760259218933e+00,-1.056419131391715283e+01,7.930655031396397270e+00
-2.840096979021262236e+00,-1.064466476956232555e+01,7.647292662799975105e+00
-2.786839446501949258e+00,-1.070381460645839766e+01,7.309122542907337206e+00
-2.714652730208658493e+00,-1.069246233336408025e+01,6.978410626003947570e+00
-2.631504836529085178e+00,-1.058755506873712449e+01,6.725561205416113353e+00
-2.551713258512829707e+00,-1.039753971549753864e+01,6.607526848653133555e+00
-2.490492370062002081e+00,-1.015672402535722796e+01,6.649496959716481470e+00
-2.457943576241690131e+00,-9.911016591321923030e+00,6.835935226326863123e+00
-2.454673748457170124e+00,-9.700332299265198799e+00,7.114084710758080021e+00
-2.470692354745695596e+00,-9.543988627585031637e+00,7.409041488508128381e+00
-2.488119626623307212e+00,-9.434264178376025711e+00,7.645739771652548811e+00
-2.486915923035693421e+00,-9.340355119579726306e+00,7.770938591030995823e+00
-2.451767555007684507e+00,-9.221265408754256043e+00,7.768300096405663879e+00
-2.377807653408456456e+00,-9.042979511097115619e+00,7.661902366543844600e+00
-2.273176324533124681e+00,-8.793692869901176934e+00,7.507287559114508291e+00
-2.157432793706538732e+00,-8.491465786775098223e+00,7.373164056015253820e+00
-2.056192256429879794e+00,-8.181231420567369739e+00,7.319832731068598441e+00
-1.993619153724657256e+00,-7.921762045927880358e+00,7.381328076289576323e+00
-1.985144282971683438e+00,-7.766728425802778446e+00,7.556872378488810327e+00
-2.032735590587156693e+00,-7.746162885385946772e+00,7.814026248818640497e+00
-2.124248586872976574e+00,-7.854695988831680964e+00,8.101976786991389901e+00
-2.237074412665306156e+00,-8.050829923849363468e+00,8.370064206436452992e+00
-2.344922316254135275e+00,-8.267922120970668587e+00,8.585023186242120019e+00
-2.425574019153772021e+00,-8.433670375065400293e+00,8.741032682251683283e+00
-2.467158294354668158e+00,-8.492014549385515920e+00,8.859291283123218008e+00
-2.471006687236902089e+00,-8.420470964814263937e+00,8.977549883994752733e+00
-2.450290816469412380e+00,-8.237309741804569541e+00,9.133559380004314221e+00
-2.425025996977850706e+00,-7.996224940841255346e+00,9.348518359809983025e+00
-2.415194174624996748e+00,-7.770168481742067534e+00,9.616605779255046116e+00
-2.434306207967023461e+00,-7.629495836162679012e+00,9.904556317427793743e+00
-2.485508445606486205e+00,-7.621359198411190583e+00,1.016171018775762569e+01
-2.561424043350355451e+00,-7.756799476107912206e+00,1.033725448995685881e+01
-2.647622468759313286e+00,-8.009405060003008003e+00,1.039874983517783846e+01
-2.728374142081230413e+00,-8.325591991453514140e+00,1.034541851023118220e+01
-2.792590016115439777e+00,-8.642789242742244582e+00,1.021129500713192861e+01
-2.837821325246711712e+00,-8.909333184964237873e+00,1.005668019970259230e+01
-2.870905276090681468e+00,-9.099494644110231789e+00,9.950282469840772137e+00
-2.905039985495398991e+00,-9.218878849989327051e+00,9.947643975215440193e+00
-2.954342654936665369e+00,-9.298813867424108537e+00,1.007284279459388543e+01
-3.027850287198746937e+00,-9.382119284766192280e+00,1.030954107773830941e+01
-3.125148372327403834e+00,-9.505541414273665168e+00,1.060449785548835422e+01
-3.235277854382525131e+00,-9.685180106863690241e+00,1.088264733991957200e+01
-3.339452625700279675e+00,-9.910078270796311983e+00,1.106908560652995455e+01
-3.416797619385740781e+00,-1.014620947532518969e+01,1.111105571759330246e+01
-3.451242679569913818e+00,-1.034939920985427086e+01,1.099302136083032266e+01
-3.437250714364653348e+00,-1.048252821234641807e+01,1.074017194024248845e+01
-3.382384306055791434e+00,-1.053079283036936786e+01,1.040946002333910059e+01
-3.305723416578850937e+00,-1.050938778424743880e+01,1.007128990344646091e+01
-3.232506854234070470e+00,-1.046054176309982786e+01,9.787927534850039635e+00
-3.186629173844902407e+00,-1.044050972892409135e+01,9.595622734262974518e+00
-3.183360386748609550e+00,-1.050065653218794814e+01,9.496042022641292490e+00
-3.224618301929841113e+00,-1.066894219297845581e+01,9.459395615419062153e+00
-3.298319423721823185e+00,-1.093817853514572391e+01,9.437700069589000762e+00
-3.382026431049055315e+00,-1.126532008636091220e+01,9.383277659639214008e+00
-3.449729002341312523e+00,-1.158246260219567070e+01,9.265969010616878165e+00
-3.479595480608588254e+00,-1.181634033825752361e+01,9.083152997266854101e+00
-3.082339443315936123e+00,-1.200491952332323642e+01,8.922123136195013515e+00
-3.018110420662627469e+00,-1.193419744635858670e+01,8.699043413277607328e+00
-2.925090375449622915e+00,-1.171844209150697935e+01,8.516866010772682571e+00
-2.822286520760650674e+00,-1.141207473735107492e+01,8.399967143005920178e+00
-2.728138092633477285e+00,-1.108901239561187602e+01,8.345734840807493171e+00
-2.654780447187090164e+00,-1.082069301319520882e+01,8.324115081614516853e+00
-2.604803687937635281e+00,-1.065541983904565626e+01,8.287596687210513124e+00
-2.571489671702556379e+00,-1.060548793867475048e+01,8.188363829812534078e+00
-2.542300280608789098e+00,-1.064594218207604825e+01,7.996730786195598739e+00
-2.504277641931751397e+00,-1.072497920880811684e+01,7.714358255843444034e+00
-2.449380884468930208e+00,-1.078222632333052111e+01,7.377369428016495867e+00
-2.377837163264322484e+00,-1.076865976900319133e+01,7.047812750267858917e+00
-2.298304312019765927e+00,-1.066156793467028230e+01,6.795846580436920803e+00
-2.224778373132071607e+00,-1.046981221550472974e+01,6.678224539963645512e+00
-2.171339224523148648e+00,-1.022803987575203699e+01,6.720048041506283987e+00
-2.146611031627949639e+00,-9.982292751485806193e+00,6.905835044057150540e+00
-2.149948870272611501e+00,-9.772345667265497582e+00,7.183012899832533549e+00
-2.170797362737901803e+00,-9.617126409183779145e+00,7.476939337878447667e+00
-2.191589677462749908e+00,-9.508384693104604324e+00,7.712810789237937392e+00
-2.193330221289938375e+00,-9.414812175792141247e+00,7.837572265506317137e+00
-2.162049547410286543e+00,-9.295096845807657715e+00,7.834942987640785006e+00
-2.093964902160668551e+00,-9.115206378971322465e+00,7.728916925134239335e+00
-1.997553449135121673e+00,-8.863638052364880338e+00,7.574842216414134022e+00
-1.891731165869626530e+00,-8.558992423019367024e+00,7.441187232029909282e+00
-1.800604719357424610e+00,-8.246825377566452175e+00,7.388042203468731195e+00
-1.746402624577319429e+00,-7.986431360763934784e+00,7.449322733840279653e+00
-1.742814238203521660e+00,-7.831750262615503999e+00,7.624253826654157074e+00
-1.790859621700197302e+00,-7.812756331120758624e+00,7.880509409971585555e+00
-1.878610748904971040e+00,-7.923721392022724075e+00,8.167454082557622286e+00
-1.984847779293955838e+00,-8.122605317158882343e+00,8.434605022039280087e+00
-2.085470708721823829e+00,-8.342208173601971311e+00,8.648813109550340883e+00
-2.160612930305777724e+00,-8.509820418500181560e+00,8.804277634940184782e+00
-2.200205263067948724e+00,-8.569233727712978421e+00,8.922123136195013515e+00
-2.206277708742152122e+00,-8.498095696191860782e+00,9.039968637449840472e+00
-2.191377524665357956e+00,-8.315015925002175123e+00,9.195433162839684371e+00
-2.173759586953891265e+00,-8.074101008993629591e+00,9.409641250350746944e+00
-2.171042744697667004e+00,-7.848637617127922184e+00,9.676792189832404745e+00
-2.194481817862146134e+00,-7.709123765070588163e+00,9.963736862418441476e+00
-2.245734704648782554e+00,-7.702622234096579312e+00,1.021999244573586907e+01
-2.317108365045939422e+00,-7.839899032000243295e+00,1.039492353854974738e+01
-2.395056481626478551e+00,-8.094196106672066904e+00,1.045620406892129672e+01
-2.465589388899594780e+00,-8.411650674307098896e+00,1.040305904036011775e+01
-2.519620766412778767e+00,-8.729593948113725688e+00,1.026940405597589390e+01
-2.556328731724030412e+00,-8.996491524926948813e+00,1.011532934725578770e+01
-2.583328595617650603e+00,-9.186930770690754144e+00,1.000930328474924202e+01
-2.613590432206962522e+00,-9.306907693629712597e+00,1.000667400688370989e+01
-2.660194586399862171e+00,-9.388067402235460435e+00,1.013143548315208875e+01
-2.730801751936089872e+00,-9.473341720423301027e+00,1.036730693451158025e+01
-2.823848873024477513e+00,-9.599317555307127492e+00,1.066123337255749171e+01
-2.927916622515779110e+00,-9.781687571634490652e+00,1.093841122833287471e+01
-3.024636721911490689e+00,-1.000895031601171681e+01,1.112419823088374216e+01
-3.094282351981662238e+00,-1.024656153857005236e+01,1.116602173242638152e+01
-3.122230102815900743e+00,-1.045001974741236594e+01,1.104839969195310623e+01
-3.104126818643532459e+00,-1.058218028051529558e+01,1.079643352212216811e+01
-3.047968315228830605e+00,-1.062853519324674068e+01,1.046687684437353205e+01
-2.972282912198522364e+00,-1.060481587898150657e+01,1.012988801654658388e+01
-2.900887041914690379e+00,-1.055387275036709482e+01,9.847515486194430068e+00
-2.855819203121229055e+00,-1.053248452304262983e+01,9.655882442577494729e+00
-2.850680784613904617e+00,-1.059228933060527389e+01,9.556649585179513906e+00
-2.886506775513662415e+00,-1.076119580453270075e+01,9.520131190775510177e+00
-2.951486829088636910e+00,-1.103166618694691614e+01,9.498511431582535636e+00
-3.024620402701928334e+00,-1.136012422624475882e+01,9.444279129384106852e+00
-3.082126296593151515e+00,-1.167812211994717231e+01,9.327380261617344459e+00
-3.104553144501895012e+00,-1.191200272720534414e+01,9.145202859112417926e+00
-2.702115087323933906e+00,-1.208856799561982598e+01,8.984954989266809022e+00
-2.640331392568689761e+00,-1.201608880622841902e+01,8.762567084730870093e+00
-2.554401602438532315e+00,-1.179819591838935011e+01,8.580954653681407862e+00
-2.461560522310260346e+00,-1.148971024768336413e+01,8.464418314540894883e+00
-2.377866544660213410e+00,-1.116486060695568483e+01,8.410354198419801364e+00
-2.313174460494246798e+00,-1.089520825624407152e+01,8.388801486767574644e+00
-2.268552530340959716e+00,-1.072896398968065768e+01,8.352396343788576871e+00
-2.236921750488472416e+00,-1.067816832751424094e+01,8.253471228904778911e+00
-2.206570482750405127e+00,-1.071756319620404341e+01,8.062432480727773410e+00
-2.166209550290874475e+00,-1.079512561689975314e+01,7.780935648553668926e+00
-2.109717444961769051e+00,-1.085044803412395176e+01,7.444991895834358608e+00
-2.038855603539600825e+00,-1.083468995271980617e+01,7.116457244491437351e+00
-1.962961927618380065e+00,-1.072549247295083319e+01,6.865272476150142467e+00
-1.895704690114742741e+00,-1.053212341282677755e+01,6.748015207017806105e+00
-1.850028256359172563e+00,-1.028954643274332881e+01,6.789709004852882757e+00
-1.833084080065910060e+00,-1.004390798617925640e+01,6.974919841799268383e+00
-1.842984071449940364e+00,-9.834819787032330396e+00,7.251238109203941740e+00
-1.868618087242409853e+00,-9.680811087278001992e+00,7.544253017909672288e+00
-1.892740759722892241e+00,-9.573111170782846457e+00,7.779392980976188809e+00
-1.897405118312225136e+00,-9.479929373499878409e+00,7.903767544971895376e+00
-1.869985527544914428e+00,-9.359664693079494668e+00,7.901146421064658476e+00
-1.807778491659976172e+00,-9.178288637065495692e+00,7.795449168267921891e+00
-1.719590903501106771e+00,-8.924605261633633546e+00,7.641852278482758720e+00
-1.623688327420936828e+00,-8.617740612262108968e+00,7.508611787059895626e+00
-1.542664304828293531e+00,-8.303841748016942859e+00,7.455631572705769372e+00
-1.496810773307809761e+00,-8.042686110503282748e+00,7.516722058922776561e+00
-1.498078863438840891e+00,-7.888448436526484642e+00,7.691110652651950375e+00
-1.546546377432287400e+00,-7.871027214397592786e+00,7.946571532082472800e+00
-1.630507516329136264e+00,-7.984341345478658702e+00,8.232626327290310186e+00
-1.730135102294014793e+00,-8.185837292812740529e+00,8.498948774033397768e+00
-1.823519980369235238e+00,-8.407801929443801114e+00,8.712492556019686418e+00
-1.893143706063332710e+00,-8.577164877049586522e+00,8.867474952353047613e+00
-1.930733349015030020e+00,-8.637604475275601601e+00,8.984954989266809022e+00
-1.939011545535113790e+00,-8.566912200214368056e+00,9.102435026180570432e+00
-1.929897740187644040e+00,-8.384023682933115396e+00,9.257417422513931626e+00
-1.919886958424072976e+00,-8.143422727788783178e+00,9.470961204500220276e+00
-1.924239891667841151e+00,-7.918684380706173087e+00,9.737283651243306082e+00
-1.951963391041559470e+00,-7.780405775238848243e+00,1.002333844645114524e+01
-2.003235704484842117e+00,-7.775532504536037948e+00,1.027879932588166767e+01
-2.070054314298850340e+00,-7.914550997942049193e+00,1.045318791961084059e+01
-2.139759460856803575e+00,-8.170375167834965424e+00,1.051427840582784867e+01
-2.200098369356748407e+00,-8.488897702881597951e+00,1.046129819147372331e+01
-2.243979737134001784e+00,-8.807390469981134729e+00,1.032805770005085932e+01
-2.272198349549338303e+00,-9.074478499643893414e+00,1.017446081026569615e+01
-2.293137909263428309e+00,-9.265078929464403146e+00,1.006876355746895868e+01
-2.319534132199309262e+00,-9.385572359696856992e+00,1.006614243356172267e+01
-2.363429449667241222e+00,-9.467899783380119061e+00,1.019051699755742746e+01
-2.431112690452284841e+00,-9.555078646973871770e+00,1.042565696062394665e+01
-2.519880756480906925e+00,-9.683515451742618296e+00,1.071867186932967542e+01
-2.617863961811752738e+00,-9.868488899364166400e+00,1.099499013673434966e+01
-2.707120176479051121e+00,-1.009796369031936969e+01,1.118020097368073529e+01
-2.769075158286763649e+00,-1.033690198381004954e+01,1.122189477151581194e+01
-2.790551531749564163e+00,-1.054050427945714752e+01,1.110463750238347558e+01
-2.768374906241679589e+00,-1.067162306878123168e+01,1.085345273404218069e+01
-2.710966659872026341e+00,-1.071605291177039021e+01,1.052491808269926032e+01
-2.636295935106105048e+00,-1.069004886064417015e+01,1.018897432997994912e+01
-2.566751799018077485e+00,-1.063705313337346681e+01,9.907477497805846411e+00
-2.522515631609991260e+00,-1.061433053173020191e+01,9.716438749628840910e+00
-2.515522987360658824e+00,-1.067375955204354376e+01,9.617513634745041173e+00
-2.545931223868840299e+00,-1.084318095555642358e+01,9.581108491766043400e+00
-2.602208462889911367e+00,-1.111471424700739874e+01,9.559555780113816681e+00
-2.664794137677861663e+00,-1.144428215243377167e+01,9.505491663992723161e+00
-2.712135827128805854e+00,-1.176293814191182463e+01,9.388955324852211959e+00
-2.727158507827498024e+00,-1.199668064653451260e+01,9.207342893802747952e+00
-2.319862027787447989e+00,-1.216114263251528271e+01,9.047786842338604529e+00
-2.260546170538666466e+00,-1.208695954395068739e+01,8.825999900598150205e+00
-2.181716562446223584e+00,-1.186707087232969826e+01,8.644878244055895777e+00
-2.098835640339916875e+00,-1.155666230738102840e+01,8.528656823140327248e+00
-2.025585216703813529e+00,-1.123022858687867753e+01,8.474738805443189804e+00
-1.969546882916751285e+00,-1.095941108382591267e+01,8.453244336067545106e+00
-1.930275241612368520e+00,-1.079230005083447175e+01,8.416937571354850434e+00
-1.900336722559213376e+00,-1.074067578962496938e+01,8.318279783571004060e+00
-1.868848330819846915e+00,-1.077899403431339209e+01,8.127757282805879058e+00
-1.826186617424292891e+00,-1.085504434613487845e+01,7.847021144535232473e+00
-1.768141948583388467e+00,-1.090842037534523890e+01,7.511985218602547754e+00
-1.698000105652566649e+00,-1.089049282259047757e+01,7.184338372299637676e+00
-1.625769573156754078e+00,-1.077926672989924128e+01,6.933832385031800882e+00
-1.564784639224226392e+00,-1.058440848058011774e+01,6.816891982306366948e+00
-1.526853052061125204e+00,-1.034117553987146643e+01,6.858473110248924698e+00
-1.517657842470186980e+00,-1.009579097547388038e+01,7.043183448651753054e+00
-1.534076080339538795e+00,-9.887680818606186861e+00,7.318755016280782399e+00
-1.564452667836352395e+00,-9.734967095972361761e+00,7.610978105579691011e+00
-1.591872076633761734e+00,-9.628366882553322625e+00,7.845482645735823546e+00
-1.599440536825237125e+00,-9.535628862565859620e+00,7.969521110131950081e+00
-1.575875932470436336e+00,-9.414889415794849725e+00,7.966907069334534519e+00
-1.519549376296972953e+00,-9.232144061841307092e+00,7.861495444106653352e+00
-1.439590350960195053e+00,-8.976508505116758130e+00,7.708313621932544102e+00
-1.353606932702879240e+00,-8.667619879226759139e+00,7.575433188662861639e+00
-1.282674892476022066e+00,-8.352185592467863628e+00,7.522596143685641223e+00
-1.245148766015013786e+00,-8.090427794695623120e+00,7.583521543993632541e+00
-1.251244435766851293e+00,-7.936722545284351504e+00,7.757438884319854289e+00
-1.300102859035157099e+00,-7.920875261318530036e+00,8.012209427265755579e+00
-1.380246125895549625e+00,-8.036457575346730664e+00,8.297491211505446884e+00
-1.473243421799861341e+00,-8.240430780713817072e+00,8.563093970357105178e+00
-1.559376752022654911e+00,-8.464611731404335870e+00,8.776060689177802132e+00
-1.623472627112318323e+00,-8.635614686226031012e+00,8.930624273821086589e+00
-1.659048869372334201e+00,-8.697038743288029394e+00,9.047786842338604529e+00
-1.669515119351934640e+00,-8.626831611095754582e+00,9.164949410856120693e+00
-1.666159570601239981e+00,-8.444241819338817123e+00,9.319512995499405150e+00
-1.663717803500268211e+00,-8.204095849143191899e+00,9.532479714320103881e+00
-1.675096957497870465e+00,-7.980211771085960137e+00,9.798082473171760398e+00
-1.707063594877039181e+00,-7.843243349054316305e+00,1.008336425741145170e+01
-1.758324782290670241e+00,-7.839991795840406397e+00,1.033813480035735388e+01
-1.820575068876480129e+00,-7.980659356799886694e+00,1.051205214068357563e+01
-1.882043631103198056e+00,-8.237849890683854426e+00,1.057297754099156784e+01
-1.932211793718715098e+00,-8.557245098934728844e+00,1.052014049601434742e+01
-1.965975920481909611e+00,-8.876095087429860087e+00,1.038726006274466585e+01
-1.985737623858753853e+00,-9.143213897464502082e+00,1.023407824057055571e+01
-2.000639568076953978e+00,-9.333861418771455476e+00,1.012866661534267543e+01
-2.023176907882573872e+00,-9.454796826735599069e+00,1.012605257454525898e+01
-2.064353026327736096e+00,-9.538236321045278743e+00,1.025009103894138462e+01
-2.129089103765500646e+00,-9.627256935274546734e+00,1.048459557909751894e+01
-2.213550211374953225e+00,-9.758064195967586230e+00,1.077681866839642488e+01
-2.305425961291654335e+00,-9.945516169826156272e+00,1.105239023602545601e+01
-2.387208554635771751e+00,-1.017705395022047021e+01,1.123710057442828436e+01
-2.441480674315650745e+00,-1.041716976764186242e+01,1.127868170237084300e+01
-2.456510422619259781e+00,-1.062079443746454999e+01,1.116174129964540640e+01
-2.430297227560291873e+00,-1.075079967553128490e+01,1.091123531237757227e+01
-2.371680563664924524e+00,-1.079328922708557137e+01,1.058358846607466219e+01
-2.298062968568332032e+00,-1.076502911796848139e+01,1.024855254014197747e+01
-2.230401123584628387e+00,-1.071002415045289524e+01,9.967816401871331777e+00
-2.187018070681339132e+00,-1.068598839768490194e+01,9.777293901106206775e+00
-2.178186097708823432e+00,-1.074500852579333454e+01,9.678636113322358625e+00
-2.203189923330418853e+00,-1.091484129018964033e+01,9.642329348609662176e+00
-2.250781370437331397e+00,-1.118727012305362578e+01,9.620834879234021031e+00
-2.302843116300253179e+00,-1.151774580001273662e+01,9.566916861536881811e+00
-2.340051397918295084e+00,-1.183686688709680368e+01,9.450695440621313281e+00
-2.347703900803059351e+00,-1.207033331770053941e+01,9.269573784079058854e+00
-1.935871116510772927e+00,-1.222260919408554614e+01,9.110618695410400036e+00
-1.879045521980128530e+00,-1.214677417226586797e+01,8.889341267801722068e+00
-1.807326821344669820e+00,-1.192502849692311706e+01,8.708635704483238982e+00
-1.734404874933023644e+00,-1.161288848181103006e+01,8.592681280605038552e+00
-1.671588767484227800e+00,-1.128506982155921179e+01,8.538887129496972150e+00
-1.624193800381582786e+00,-1.101325163344733582e+01,8.517442039655650277e+00
-1.590268737619084716e+00,-1.084537605844979424e+01,8.481218682963080013e+00
-1.562031567649599495e+00,-1.079295757805289924e+01,8.382787543045385092e+00
-1.529430176449015688e+00,-1.083018212734450181e+01,8.192702732190223713e+00
-1.484504162797904758e+00,-1.090468332941396312e+01,7.912611532835397199e+00
-1.424948686538384024e+00,-1.095609142122616397e+01,7.578345289452893319e+00
-1.355564337044419032e+00,-1.093601573245380187e+01,7.251451150667897139e+00
-1.287020970138693210e+00,-1.082283631457020157e+01,7.001520654182368020e+00
-1.232312745451308533e+00,-1.062661046325710323e+01,6.884848900220908341e+00
-1.202109552508465296e+00,-1.038286732712196248e+01,6.926334503277574939e+00
-1.200630002448996203e+00,-1.013787912731469198e+01,7.110620504129403940e+00
-1.223524320376466301e+00,-9.930864043173743383e+00,7.385558997480386800e+00
-1.258602002823786092e+00,-9.779528293409432749e+00,7.677110758735990359e+00
-1.289285623214412535e+00,-9.674084739877294226e+00,7.911076568450024382e+00
-1.299739249875774050e+00,-9.581842608618643453e+00,8.034830077609392163e+00
-1.280024186873317760e+00,-9.460701497286867934e+00,8.032222042083148494e+00
-1.229581743676238847e+00,-9.276700738001110835e+00,7.927052580403245230e+00
-1.157857033728520779e+00,-9.019272503409904829e+00,7.774222664894679724e+00
-1.081793613189492964e+00,-8.708550959422899140e+00,7.641647499636072816e+00
-1.020944714902092265e+00,-8.391773703566657971e+00,7.588931837914718592e+00
-9.917263946420673548e-01,-8.129570094241266531e+00,7.649717273479080148e+00
-1.002621966926614983e+00,-7.976484653744266851e+00,7.823235071154315712e+00
-1.051840725456016701e+00,-7.962212732192121223e+00,8.077420326296650188e+00
-1.128138235335578887e+00,-8.079984193219569732e+00,8.362046728846742383e+00
-1.214483869734593213e+00,-8.286302795887042549e+00,8.627039314899173306e+00
-1.293351403883143069e+00,-8.512557664890783471e+00,8.839516782405137718e+00
-1.351909482886996194e+00,-8.685092261438494887e+00,8.993725286041327038e+00
-1.385461537090828532e+00,-8.747459878331222072e+00,9.110618695410400036e+00
-1.398098783357952790e+00,-8.677776594934421439e+00,9.227512104779473034e+00
-1.400474703525425690e+00,-8.495591001031224110e+00,9.381720608415662355e+00
-1.405565586219301277e+00,-8.256038425165360906e+00,9.594198075921624991e+00
-1.423929209988180844e+00,-8.033135505246168151e+00,9.859190661974057690e+00
-1.460099071026383921e+00,-7.897550962621139092e+00,1.014381706452414988e+01
-1.511319158351728031e+00,-7.895914933785736167e+00,1.039800231966648347e+01
-1.568987466076660064e+00,-8.038140922520955911e+00,1.057152011734171992e+01
-1.622224563466160063e+00,-8.296540331273416058e+00,1.063230555290608237e+01
-1.662243377731585703e+00,-8.616616748329388287e+00,1.057958989118472815e+01
-1.685921003586652311e+00,-8.935635387088369797e+00,1.044701472592612035e+01
-1.697256450132119232e+00,-9.202628341365153730e+00,1.029418481041755484e+01
-1.706142197428881957e+00,-9.393211034672820148e+00,1.018901534873765158e+01
-1.724826720410212344e+00,-9.514515367509073229e+00,1.018640731321140791e+01
-1.763273096321704481e+00,-9.599012499228352979e+00,1.031016082237077391e+01
-1.825038803426452638e+00,-9.689813517766758366e+00,1.054412663208481149e+01
-1.905164980428154076e+00,-9.822902768729010248e+00,1.083567839334041238e+01
-1.990909949770720111e+00,-1.001271108015843581e+01,1.111061688669139613e+01
-2.065208331207249337e+00,-1.024616591011296407e+01,1.129490288754322513e+01
-2.111804159074043508e+00,-1.048731270794023018e+01,1.133638849059989084e+01
-2.120410668281606181e+00,-1.069084035365760244e+01,1.121971673663843205e+01
-2.090196416076602226e+00,-1.081966144177183864e+01,1.096978624015290293e+01
-2.030411707365908924e+00,-1.086019549953519281e+01,1.064289210136790764e+01
-1.957885109569872828e+00,-1.082970715309918752e+01,1.030862585798540287e+01
-1.892135793994993431e+00,-1.077273520110691862e+01,1.002853465863057814e+01
-1.849627010114337722e+00,-1.074740693485823506e+01,9.838449847775414980e+00
-1.838970066875075027e+00,-1.080598563760761621e+01,9.740018707857720059e+00
-1.858581820483785396e+00,-1.097612821806467132e+01,9.703795351165148020e+00
-1.897502967687996644e+00,-1.124928852739857099e+01,9.682350261323827922e+00
-1.939062836461561634e+00,-1.158047384511637112e+01,9.628556110215761521e+00
-1.966166513439927765e+00,-1.189987076118928755e+01,9.512601686337561091e+00
-1.966481157970413118e+00,-1.213292572799512570e+01,9.331896123019078004e+00
-1.550432743545358205e+00,-1.227293890475977278e+01,9.173450548482197320e+00
-1.496119909683329086e+00,-1.219550277038739239e+01,8.952590683512655190e+00
-1.431523924507727807e+00,-1.197203626513453933e+01,8.772226121500727558e+00
-1.368561553565722066e+00,-1.165835279562532989e+01,8.656490509978478798e+00
-1.316172522914751397e+00,-1.132934482236647789e+01,8.602797871383232930e+00
-1.277412239053542509e+00,-1.105668754023235323e+01,8.581393249602333739e+00
-1.248831051739943021e+00,-1.088814783469036485e+01,8.545238248370067069e+00
-1.222304471119527891e+00,-1.083496881016878177e+01,8.446992853410641544e+00
-1.188613612085423377e+00,-1.087108267925284544e+01,8.257266743016424826e+00
-1.141458779390437828e+00,-1.094399810374014059e+01,7.977704091112938656e+00
-1.080433299125332702e+00,-1.099341671410703647e+01,7.644068626460417626e+00
-1.011843456744857095e+00,-1.097121349429731119e+01,7.317791354839796369e+00
-9.470115359715702841e-01,-1.085615445764824472e+01,7.068332490905498311e+00
-8.985854648526971911e-01,-1.065868035407370584e+01,6.951880902941191209e+00
-8.760958516580681366e-01,-1.041457030520649418e+01,6.993288220390121879e+00
-8.823005662151670592e-01,-1.017011868424128096e+01,7.177226463453446392e+00
-9.116306360211544613e-01,-9.964313976471990131e+00,7.451646132791855948e+00
-9.513694494290454440e-01,-9.814438077150692052e+00,7.742647719887399305e+00
-9.852858682157163983e-01,-9.710207410302993836e+00,7.976172023289527679e+00
-9.986065476284193831e-01,-9.618512511758501304e+00,8.099692002791373469e+00
-9.827363516322218384e-01,-9.497041566864721673e+00,8.097088888771171611e+00
-9.381826365140751856e-01,-9.311897203522448763e+00,7.992117887632185003e+00
-8.746993575558354994e-01,-9.052832859529400977e+00,7.839576370554259377e+00
-8.085585166464899221e-01,-8.740465995923635489e+00,7.707251381901949472e+00
-7.577858496310674319e-01,-8.422534828268481988e+00,7.654635197524806145e+00
-7.368575288053416106e-01,-8.160039111297272996e+00,7.715305927639228400e+00
-7.525266303159916514e-01,-8.007659539673007032e+00,7.888496287715801358e+00
-8.020757156310542868e-01,-7.994964660244109567e+00,8.142201881344018233e+00
-8.744993605310769080e-01,-8.114847916878694889e+00,8.426291178265666204e+00
-9.541711353966583209e-01,-8.323382635250725414e+00,8.690783708777956917e+00
-1.025757573064780104e+00,-8.551571730801198257e+00,8.902860219652025009e+00
-1.078767093552416956e+00,-8.725531653102008178e+00,9.056777723386185031e+00
-1.110283991097475331e+00,-8.788802769033855711e+00,9.173450548482197320e+00
-1.125075840668749105e+00,-8.719681497862184827e+00,9.290123373578209609e+00
-1.133157896144381782e+00,-8.538003914741640443e+00,9.444040877312367854e+00
-1.145746993810211167e+00,-8.299180976132062071e+00,9.656117388186435946e+00
-1.171055257780349246e+00,-8.077384194704666953e+00,9.920609918698728436e+00
-1.211389827132660191e+00,-7.943256262948891866e+00,1.020469921562037463e+01
-1.262539324950899822e+00,-7.943229952960153994e+00,1.045840480924859328e+01
-1.315611411297598288e+00,-8.086925493048754632e+00,1.063159516932516624e+01
-1.360620622389930423e+00,-8.346379086120153445e+00,1.069226589943958849e+01
-1.390509338283552498e+00,-8.666948510340020562e+00,1.063964971506244517e+01
-1.404128913580030336e+00,-8.985950352785863515e+00,1.050732472641013615e+01
-1.407066761043916703e+00,-9.252663363507345196e+00,1.035478320933220964e+01
-1.409956313643556447e+00,-9.443071134604057448e+00,1.024981220819322303e+01
-1.424793304617271161e+00,-9.564672603646135585e+00,1.024720909417302117e+01
-1.460499084363831024e+00,-9.650174020077626480e+00,1.037072907367486607e+01
-1.519271069263859131e+00,-9.742695418498421134e+00,1.060425337707699711e+01
-1.595034035264919714e+00,-9.877980049817567831e+00,1.089525496417253692e+01
-1.674624196546867783e+00,-1.007002493249331110e+01,1.116967463351094914e+01
-1.741426624621588592e+00,-1.030525360650772093e+01,1.135361287657427276e+01
-1.780351264489569152e+00,-1.054728742867054336e+01,1.139502019402320343e+01
-1.782556399980144146e+00,-1.075060059431420356e+01,1.127856860605889544e+01
-1.748375312057066644e+00,-1.087816788280995972e+01,1.102910974212459827e+01
-1.687462061932048396e+00,-1.091673114780275355e+01,1.070283247050397790e+01
-1.616063900711492529e+00,-1.088404153375631189e+01,1.036919700585145598e+01
-1.552257195108968757e+00,-1.082514381143356630e+01,1.008963435394796981e+01
-1.510643642336974457e+00,-1.079854310188721556e+01,9.899908243553754872e+00
-1.498175528633528986e+00,-1.085664830190542851e+01,9.801662848594327571e+00
-1.512406392230547958e+00,-1.102700087492302927e+01,9.765507847362060900e+00
-1.542670942690627101e+00,-1.130073141777716472e+01,9.744103225581163485e+00
-1.573748765520327275e+00,-1.163243162267401409e+01,9.690410586985915842e+00
-1.590774379878892031e+00,-1.195191825409023778e+01,9.574674975463667081e+00
-1.583781656337746924e+00,-1.218442851641903957e+01,9.394310413451739450e+00
-1.163836900126102858e+00,-1.231210835588479746e+01,9.236282401553992827e+00
-1.112059544699667502e+00,-1.223312089864980479e+01,9.015747735647034133e+00
-1.054599416653469124e+00,-1.200806751403721684e+01,8.835648746497327011e+00
-1.001599303369523186e+00,-1.169302569125494884e+01,8.720083546708236710e+00
-9.596323978663522380e-01,-1.136302110708105850e+01,8.666469966368962830e+00
-9.295000450476725851e-01,-1.108968393623011117e+01,8.645096861237496100e+00
-9.062611887851472758e-01,-1.092057899917050712e+01,8.608995095447124157e+00
-8.814546704975951830e-01,-1.086667248546800835e+01,8.510894359230238848e+00
-8.466973247957689797e-01,-1.090165868864134602e+01,8.321447605853904861e+00
-7.973482012467383306e-01,-1.097295183624192916e+01,8.042296588324752804e+00
-7.348926538742881487e-01,-1.102035929809775539e+01,7.709152376079564384e+00
-6.671339929336221886e-01,-1.099604842388812820e+01,7.383355522496362511e+00
-6.060382458925495097e-01,-1.087918207248736913e+01,7.134263967437833642e+00
-5.639010169068663370e-01,-1.068057717237402038e+01,7.017983845426598144e+00
-5.491119907193640071e-01,-1.043624145720173679e+01,7.059330193804393083e+00
-5.629716172766596749e-01,-1.019246482467275072e+01,7.242997602036655103e+00
-5.986990131582863306e-01,-9.987984474327166851e+00,7.517013209644629157e+00
-6.430605184228768145e-01,-9.839649489865001541e+00,7.807586319418833298e+00
-6.801794305495425519e-01,-9.736687422250666302e+00,8.040766776352670675e+00
-6.963498985053048207e-01,-9.645590513197225491e+00,8.164104882241806749e+00
-6.843207661624688409e-01,-9.523860514287152412e+00,8.161505601105590202e+00
-6.456615672219288005e-01,-9.337682579338526523e+00,8.056689161643863173e+00
-5.904284675138171679e-01,-9.077136210054190357e+00,7.904372250147243761e+00
-5.342148356894397265e-01,-8.763308714715668302e+00,7.772242099802346260e+00
-4.935136988770330024e-01,-8.444409865171298435e+00,7.719703388685627665e+00
-4.808595543628124691e-01,-8.181773581396768691e+00,7.780284785844231443e+00
-5.012771744334255652e-01,-8.030184909988065556e+00,7.953220136515844807e+00
-5.511270577337624710e-01,-8.019069060460580545e+00,8.206552168287400306e+00
-6.196483008414386262e-01,-8.140988262300851375e+00,8.490223165700163221e+00
-6.926229207714309499e-01,-8.351612047764135127e+00,8.754326251425849748e+00
-7.569116423956545603e-01,-8.581597994254781980e+00,8.966090496046644986e+00
-8.043608244041583477e-01,-8.756878679291443035e+00,9.119781368165611468e+00
-8.338313194728241839e-01,-8.821013970915913660e+00,9.236282401553992827e+00
-8.507620557955051233e-01,-8.752492471523970252e+00,9.352783434942374186e+00
-8.645264571563076039e-01,-8.571425399212698082e+00,9.506474307061340667e+00
-8.845813797837687176e-01,-8.333466630957182986e+00,9.718238551682135906e+00
-9.167964567646398333e-01,-8.112899491582508560e+00,9.982341637407820656e+00
-9.612586199593189384e-01,-7.980300213385229213e+00,1.026601263482058357e+01
-1.012308427272750055e+00,-7.981878233992333094e+00,1.051934466659213996e+01
-1.060769279683201560e+00,-8.126955972782457849e+00,1.069228001726375332e+01
-1.097552406969585226e+00,-8.387311396146971632e+00,1.075286141442235888e+01
-1.117327884836093244e+00,-8.708188302847494455e+00,1.070032270330563939e+01
-1.120915359607528972e+00,-9.026990434675534303e+00,1.056819255296074189e+01
-1.115482111133061061e+00,-9.293271462279136585e+00,1.041587564146412426e+01
-1.112393939087913397e+00,-9.483395685664474328e+00,1.031105920200239545e+01
-1.123387802970505778e+00,-9.605223546256784317e+00,1.030845992086617713e+01
-1.156341706054897722e+00,-9.691676835057752015e+00,1.043179802675531320e+01
-1.212096307779878979e+00,-9.785859770833692295e+00,1.066497848368915413e+01
-1.283467253211992620e+00,-9.923254817734434852e+00,1.095555159346335472e+01
-1.356877615542956717e+00,-1.011741861249641339e+01,1.122956720107133144e+01
-1.416170935878611647e+00,-1.035428025561123633e+01,1.141323460930359346e+01
-1.447427811513161133e+00,-1.059705930069110380e+01,1.145458095768138662e+01
-1.443251795965895035e+00,-1.080004209136502880e+01,1.133830083567015201e+01
-1.405136793130016049e+00,-1.092628661978132598e+01,1.108920928061162492e+01
-1.343133727929680221e+00,-1.096286358853314269e+01,1.076341242702842216e+01
-1.272901167484723040e+00,-1.092799884573257785e+01,1.043026821478323285e+01
-1.211067148869524157e+00,-1.086721559942447790e+01,1.015111719725408257e+01
-1.170369690574467381e+00,-1.083936197522502276e+01,9.961670443877748582e+00
-1.156103637327944300e+00,-1.089696193437323402e+01,9.863569707660861496e+00
-1.164963510508913780e+00,-1.106742608551810036e+01,9.827467941870487778e+00
-1.186583162899859767e+00,-1.134156794347796193e+01,9.806094836739024601e+00
-1.207196299473378254e+00,-1.167359105311627587e+01,9.752481256399748943e+00
-1.214167914809806348e+00,-1.199298384998196099e+01,9.636916056610658643e+00
-1.199896362665461513e+00,-1.222481787474981019e+01,9.456817067460951520e+00
-7.763732492126370621e-01,-1.234009942518767744e+01,9.299114254625788334e+00
-7.271544460119185871e-01,-1.225960952929368553e+01,9.078812103272646539e+00
-6.768448671935911598e-01,-1.203310139326815253e+01,8.898902996452473957e+00
-6.338120274171192836e-01,-1.171688399765726984e+01,8.783459639597939628e+00
-6.022648205561156320e-01,-1.138607318770287158e+01,8.729902585236837709e+00
-5.807557656600231821e-01,-1.111221345326072196e+01,8.708552014240687811e+00
-5.628589796975841386e-01,-1.094264098184906153e+01,8.672488311336847389e+00
-5.397823023719732216e-01,-1.088803950448600943e+01,8.574491004886056089e+00
-5.039809501156947702e-01,-1.092188097200600794e+01,8.385243989392892061e+00
-4.524711707099048907e-01,-1.099151535276369174e+01,8.106387286927638769e+00
-3.886247227791144176e-01,-1.103688975602370625e+01,7.773594315960318468e+00
-3.217337187525729503e-01,-1.101049038959832949e+01,7.448140957172977750e+00
-2.643994921199418480e-01,-1.089188781817576590e+01,7.199312024825241352e+00
-2.285592130595501814e-01,-1.069226804090057747e+01,7.083154499506802537e+00
-2.214597476699090572e-01,-1.044784632729447615e+01,7.124457255519173415e+00
-2.429470659482364514e-01,-1.020488175846613466e+01,7.307931019159096486e+00
-2.850352941575178267e-01,-1.000183883002395469e+01,7.581657726078917747e+00
-3.339825635062569908e-01,-9.855125315023688159e+00,7.871924478225885480e+00
-3.742747506146677505e-01,-9.753487258520738834e+00,8.104859087870002199e+00
-3.932786051545392736e-01,-9.663038689531916248e+00,8.228067155678541411e+00
-3.850876851126481260e-01,-9.541119590508149173e+00,8.225470615021656329e+00
-3.523301258809242165e-01,-9.354016683264315901e+00,8.120764685839814589e+00
-3.053578158175906387e-01,-9.092140357680552398e+00,7.968608365416576689e+00
-2.590783268578069620e-01,-8.777034578021316591e+00,7.836617522798321467e+00
-2.284464584722268876e-01,-8.457352036280823881e+00,7.784134204401486734e+00
-2.240528002689665676e-01,-8.194725057022900216e+00,7.844651729259235040e+00
-2.491953244186134730e-01,-8.044011586657004997e+00,8.017404750383086309e+00
-2.993168670626226713e-01,-8.034477107825283682e+00,8.270469688615886383e+00
-3.639065541945861737e-01,-8.158357706265357834e+00,8.553841605450442032e+00
-4.301593870290996158e-01,-8.370945377387382536e+00,8.817666241478042011e+00
-4.871322217818484512e-01,-8.602592708591805248e+00,9.029207218393281664e+00
-5.290080938625405516e-01,-8.779091035542059274e+00,9.182736050841931785e+00
-5.564205767392962354e-01,-8.844051809032178468e+00,9.299114254625788334e+00
-5.754751602045018455e-01,-8.776167575524899789e+00,9.415492458409644883e+00
-5.948997224907557335e-01,-8.595812552143948793e+00,9.569021290858295004e+00
-6.223902003581261999e-01,-8.358851239730888949e+00,9.780562267773534657e+00
-6.614763095793489978e-01,-8.139636204120575869e+00,1.004438690380113286e+01
-7.100303317578967599e-01,-8.008637206857386559e+00,1.032775882063568851e+01
-7.609516381299090693e-01,-8.011814608464902676e+00,1.058082375886849036e+01
-8.047853125495838533e-01,-8.158188464249388261e+00,1.075357677999234163e+01
-8.333421881851996726e-01,-8.419295222722777083e+00,1.081409430485008905e+01
-8.430187079015274421e-01,-8.740296163251978001e+00,1.076161098645325609e+01
-8.365973728146984811e-01,-9.058717597720102432e+00,1.062962014383499998e+01
-8.228172601255154817e-01,-9.324416141766194599e+00,1.047746382341176208e+01
-8.137682164066940560e-01,-9.514149297523664117e+00,1.037275789422992034e+01
-8.209223991297378564e-01,-9.636133622530877574e+00,1.037016135357303526e+01
-8.511126142230194258e-01,-9.723487162997876965e+00,1.049336942138157447e+01
-9.038257116760941567e-01,-9.819273822969810439e+00,1.072630403102569119e+01
-9.707750964287459317e-01,-9.958695738541477382e+00,1.101657078317265714e+01
-1.037979473161477095e+00,-1.015486255911044289e+01,1.129029749009248107e+01
-1.089748892570042482e+00,-1.039321820466312829e+01,1.147377125373240325e+01
-1.113339572305087399e+00,-1.063660237900607797e+01,1.151507400974477413e+01
-1.102800896719345225e+00,-1.083914007278040081e+01,1.139891648442633354e+01
-1.060783611374047197e+00,-1.096399331152020196e+01,1.115008755207859892e+01
-9.977287808517713019e-01,-1.099856817688721833e+01,1.082463419329125998e+01
-9.286988605512959127e-01,-1.096155364612034511e+01,1.049184122232393790e+01
-8.688677490337377574e-01,-1.089892424046682962e+01,1.021298451985868638e+01
-8.291072405805028911e-01,-1.086983672227043662e+01,1.002373750436552058e+01
-8.130559094635730899e-01,-1.092689992526494969e+01,9.925740197914729279e+00
-8.165533111694729396e-01,-1.109737832914576749e+01,9.889676495010888857e+00
-8.295375876563761963e-01,-1.137177439718494121e+01,9.868325924014738959e+00
-8.397007284537773009e-01,-1.170393057854026253e+01,9.814768869653637040e+00
-8.366397641734242274e-01,-1.202304795049583319e+01,9.699325512799104487e+00
-8.151158885275255894e-01,-1.225407546440666628e+01,9.519416405978930129e+00
-3.883312021582499551e-01,-1.235689921362484789e+01,9.361946107697583841e+00
-3.416945055716646973e-01,-1.227495499382398592e+01,9.141783556925702214e+00
-2.985518998294653392e-01,-1.204712282755862063e+01,8.961988454511438107e+00
-2.654938840048816084e-01,-1.172991090958592331e+01,8.846618251548596490e+00
-2.443666587804481649e-01,-1.139848256503313628e+01,8.793095135103548898e+00
-2.314785315428126988e-01,-1.112425622942096481e+01,8.771758093490127806e+00
-2.189249365881061338e-01,-1.095431303766581799e+01,8.735717243353981587e+00
-1.975882492185839778e-01,-1.089904868887994382e+01,8.637782035620150012e+00
-1.607649255035746572e-01,-1.093172818862419504e+01,8.448654941758263703e+00
-1.071273048278130191e-01,-1.099966716902617314e+01,8.169974944593041855e+00
-4.192845807423717375e-02,-1.104298624961816699e+01,7.837392857141386671e+00
2.405847417379414210e-02,-1.101451686433085442e+01,7.512145730920457787e+00
7.760506023194613245e-02,-1.089424816446669553e+01,7.263474475941628761e+00
1.071387188565947057e-01,-1.069372826270884680e+01,7.147390557067577532e+00
1.065575780186334698e-01,-1.044935910636272069e+01,7.188667140440635706e+00
7.746760625633425379e-02,-1.020734281645138175e+01,7.372024640830779241e+00
2.905311218201811485e-02,-1.000584986320426495e+01,7.645577893214830389e+00
-2.444446579458092739e-02,-9.860838162312951738e+00,7.935660709766656495e+00
-6.788175694687698103e-02,-9.760579438248678130e+00,8.168447713921212383e+00
-8.970345574722365933e-02,-9.670829334374776209e+00,8.291577707513154039e+00
-8.534891000498573410e-02,-9.548790494388937233e+00,8.288982812226421970e+00
-5.850158233624541682e-02,-9.360870127804345131e+00,8.184343232866792661e+00
-1.980272260093640657e-02,-9.097814384743458049e+00,8.032283330525007869e+00
1.653317864215614330e-02,-8.781610915055248157e+00,7.900376127572716456e+00
3.709542265033372033e-02,-8.461327032588078723e+00,7.847926066689300484e+00
3.324004469210817270e-02,-8.198858061970319966e+00,7.908405242935404367e+00
3.394826596724243029e-03,-8.049103661582506675e+00,8.081048794305941030e+00
-4.696953429552253034e-02,-8.041153284313155680e+00,8.333953370906971969e+00
-1.075977235860597070e-01,-8.166921818995808380e+00,8.617145721250416557e+00
-1.671025937023690178e-01,-8.381349678375096701e+00,8.880803177464683174e+00
-2.167396234610418360e-01,-8.614524414249215667e+00,9.092210105560353028e+00
-2.530278762605258636e-01,-8.792138381466095609e+00,9.245641650197159223e+00
-2.783702964145951531e-01,-8.857886458117393502e+00,9.361946107697583841e+00
-2.995343532004275389e-01,-8.790676856549042739e+00,9.478250565198008459e+00
-3.245985261450644588e-01,-8.611134811678324397e+00,9.631682109834814653e+00
-3.594964457573632810e-01,-8.375303457995311618e+00,9.843089037930484508e+00
-4.054198599131088598e-01,-8.157562381305996979e+00,1.010674649414475113e+01
-4.580313416881095501e-01,-8.028235146593777571e+00,1.038993884448819571e+01
-5.087955283379760330e-01,-8.033007431223490258e+00,1.064284342108922665e+01
-5.479850103150917251e-01,-8.180592328760603493e+00,1.081548697245976243e+01
-5.683133435910070475e-01,-8.442301295635200376e+00,1.087596614870586720e+01
-5.679024658513605051e-01,-8.763244285006175360e+00,1.082351608782245123e+01
-5.514928453479179815e-01,-9.081105349493387990e+00,1.069160888487015981e+01
-5.293877557443453785e-01,-9.346071933642686957e+00,1.053954898252837502e+01
-5.143930225920561039e-01,-9.535307239962442338e+00,1.043490940316874571e+01
-5.177099517166043885e-01,-9.657378688364158137e+00,1.043231450788201364e+01
-5.451240460291134626e-01,-9.745581495104842062e+00,1.055544450147395352e+01
-5.947709209809679543e-01,-9.842914931400702727e+00,1.078823150562851296e+01
-6.572682937445837315e-01,-9.984281344110367939e+00,1.107831432218033640e+01
-7.182391000899657207e-01,-1.018233672580526417e+01,1.135186757456438755e+01
-7.624679980160535830e-01,-1.042204887741177899e+01,1.153522507495453198e+01
-7.783920583892331990e-01,-1.066589933691354375e+01,1.157650165832759015e+01
-7.615074265008998644e-01,-1.086787799221833239e+01,1.146041773945353981e+01
-7.156182365463650275e-01,-1.099127158723369213e+01,1.121174648447471078e+01
-6.515491219287150582e-01,-1.102382814845035242e+01,1.088649935825378279e+01
-5.837589026300437078e-01,-1.098468841762897341e+01,1.055391727080212583e+01
-5.259611996706049508e-01,-1.092025143335418136e+01,1.027523727363690398e+01
-4.871585756065594519e-01,-1.088994857476461497e+01,1.008611017977501767e+01
-4.693340684873724689e-01,-1.094644361366706775e+01,9.988174972041186095e+00
-4.674760664854880066e-01,-1.111683970810227962e+01,9.952134121905039876e+00
-4.718321851046515247e-01,-1.139133417288718064e+01,9.930797080291618784e+00
-4.715572075743523772e-01,-1.172343510875765205e+01,9.877273963846571192e+00
-4.584823253230083662e-01,-1.204209681145863442e+01,9.761903760883729575e+00
-4.297305517435412447e-01,-1.227218834961558436e+01,9.582108658469465468e+00
4.843293437450107338e-15,-1.236250000000000071e+01,9.424777960769379348e+00
4.403044274654458606e-02,-1.227914894727557993e+01,9.204661958837277780e+00
7.998777488684058468e-02,-1.205012249360584242e+01,9.024904870396721179e+00
1.030607321105023594e-01,-1.173209597757573519e+01,8.909559060088644955e+00
1.137648527976379970e-01,-1.140023773015637154e+01,8.856047260004908495e+00
1.180320607576038766e-01,-1.112579991932432222e+01,8.834714729669757460e+00
1.252398923479104698e-01,-1.095558226295949211e+01,8.798681499629550373e+00
1.448260142468291156e-01,-1.089968680269095458e+01,8.700766998279604536e+00
1.826496570457969704e-01,-1.093118686707645715e+01,8.511679891448935109e+00
2.383830395705255900e-01,-1.099739352431705086e+01,8.233058815433077271e+00
3.048963339919630866e-01,-1.103863456287750466e+01,7.900547045618315778e+00
3.699427050452558374e-01,-1.100811298040717645e+01,7.575368686207704094e+00
4.196746209259009652e-01,-1.088624745837728547e+01,7.326750007647369500e+00
4.428903146297483717e-01,-1.068494139747455662e+01,7.210690632328622840e+00
4.346353855575307290e-01,-1.044076271410479428e+01,7.251958488617718857e+00
3.979656072742929207e-01,-1.019983053364065739e+01,7.435277221838429540e+00
3.432575255637672074e-01,-1.000000000000000000e+01,7.708772637017777818e+00
2.852436862384118976e-01,-9.856770542487195641e+00,7.998794121528784551e+00
2.386884713636266697e-01,-9.757946587048346387e+00,8.231531907662738234e+00
2.140636288814498078e-01,-9.668945027083937660e+00,8.354635867951904160e+00
2.145825835717685981e-01,-9.546855445099472703e+00,8.352041521302371763e+00
2.355095168393154526e-01,-9.358224401516183732e+00,8.247424065828013795e+00
2.659200694089097206e-01,-9.094138747308898374e+00,8.095396313422746459e+00
2.923002713419107779e-01,-8.777017029744291321e+00,7.963516999533490903e+00
3.027897909931090981e-01,-8.456313132923542142e+00,7.911078028135874796e+00
2.906945236657365039e-01,-8.194150215921375491e+00,7.971544417304997410e+00
2.561674345784734630e-01,-8.045438619900583177e+00,8.144151466750098933e+00
2.055888941258446068e-01,-8.039075494105079045e+00,8.397002571883911415e+00
1.489530833381385866e-01,-8.166659366366866735e+00,8.680135047033788354e+00
9.622406793638238476e-02,-8.382804802513003750e+00,8.943736758305769641e+00
5.394466750654790255e-02,-8.617374012194535027e+00,9.155098988757856660e+00
2.325979935817821392e-02,-8.796002403922891233e+00,9.308498093452612920e+00
-5.026069431003857200e-15,-8.862500000000000711e+00,9.424777960769379348e+00
-2.325979935818863614e-02,-8.796002403922891233e+00,9.541057828086145776e+00
-5.394466750655931703e-02,-8.617374012194535027e+00,9.694456932780902036e+00
-9.622406793639506906e-02,-8.382804802513005527e+00,9.905819163232989055e+00
-1.489530833381524921e-01,-8.166659366366868511e+00,1.016942087450496857e+01
-2.055888941258591507e-01,-8.039075494105082598e+00,1.045255334965484728e+01
-2.561674345784881179e-01,-8.045438619900584953e+00,1.070540445478865976e+01
-2.906945236657503262e-01,-8.194150215921375491e+00,1.087801150423376129e+01
-3.027897909931215326e-01,-8.456313132923542142e+00,1.093847789340288301e+01
-2.923002713419214915e-01,-8.777017029744291321e+00,1.088603892200526779e+01
-2.659200694089184913e-01,-9.094138747308898374e+00,1.075415960811601224e+01
-2.355095168393228078e-01,-9.358224401516185509e+00,1.060213185571074490e+01
-2.145825835717748153e-01,-9.546855445099472703e+00,1.049751440023638693e+01
-2.140636288814553589e-01,-9.668945027083939436e+00,1.049492005358685454e+01
-2.386884713636314992e-01,-9.757946587048348164e+00,1.061802401387602046e+01
-2.852436862384166161e-01,-9.856770542487197417e+00,1.085076180000997503e+01
-3.432575255637705935e-01,-1.000000000000000000e+01,1.114078328452097999e+01
-3.979656072742953632e-01,-1.019983053364065739e+01,1.141427869970032916e+01
-4.346353855575319503e-01,-1.044076271410479784e+01,1.159759743292103984e+01
-4.428903146297481497e-01,-1.068494139747455840e+01,1.163886528921013586e+01
-4.196746209258995775e-01,-1.088624745837728902e+01,1.152280591389138920e+01
-3.699427050452539500e-01,-1.100811298040717823e+01,1.127418723533105549e+01
-3.048963339919610882e-01,-1.103863456287750644e+01,1.094900887592044469e+01
-2.383830395705235916e-01,-1.099739352431705264e+01,1.061649710610568142e+01
-1.826496570457955548e-01,-1.093118686707645892e+01,1.033787603008982359e+01
-1.448260142468278944e-01,-1.089968680269095636e+01,1.014878892325915416e+01
-1.252398923479087767e-01,-1.095558226295949211e+01,1.005087442190920832e+01
-1.180320607576011427e-01,-1.112579991932432222e+01,1.001484119186900124e+01
-1.137648527976338614e-01,-1.140023773015636976e+01,9.993508661533850201e+00
-1.030607321104962948e-01,-1.173209597757573519e+01,9.939996861450115517e+00
-7.998777488683279924e-02,-1.205012249360584065e+01,9.824651051142039293e+00
-4.403044274653532958e-02,-1.227914894727557993e+01,9.644893962701479140e+00
3.883312021582541185e-01,-1.235689921362484611e+01,9.487609813841176631e+00
4.297305517435455191e-01,-1.227218834961558258e+01,9.267447263069295005e+00
4.584823253230126405e-01,-1.204209681145863442e+01,9.087652160655030897e+00
4.715572075743568181e-01,-1.172343510875765027e+01,8.972281957692189280e+00
4.718321851046560766e-01,-1.139133417288718064e+01,8.918758841247141689e+00
4.674760664854928915e-01,-1.111683970810227962e+01,8.897421799633720596e+00
4.693340684873772428e-01,-1.094644361366706597e+01,8.861380949497574377e+00
4.871585756065641704e-01,-1.088994857476461320e+01,8.763445741763742802e+00
5.259611996706096138e-01,-1.092025143335417958e+01,8.574318647901856494e+00
5.837589026300484818e-01,-1.098468841762897164e+01,8.295638650736634645e+00
6.515491219287194991e-01,-1.102382814845035064e+01,7.963056563284979461e+00
7.156182365463699124e-01,-1.099127158723369035e+01,7.637809437064049689e+00
7.615074265009047494e-01,-1.086787799221833062e+01,7.389138182085221551e+00
7.783920583892383060e-01,-1.066589933691354197e+01,7.273054263211170323e+00
7.624679980160586901e-01,-1.042204887741177721e+01,7.314330846584228496e+00
7.182391000899710498e-01,-1.018233672580526417e+01,7.497688346974372031e+00
6.572682937445892826e-01,-9.984281344110366163e+00,7.771241599358423180e+00
5.947709209809730613e-01,-9.842914931400700951e+00,8.061324415910249286e+00
5.451240460291191248e-01,-9.745581495104840286e+00,8.294111420064805174e+00
5.177099517166099396e-01,-9.657378688364158137e+00,8.417241413656746829e+00
5.143930225920616550e-01,-9.535307239962440562e+00,8.414646518370014761e+00
5.293877557443509296e-01,-9.346071933642685181e+00,8.310006939010385452e+00
5.514928453479237547e-01,-9.081105349493387990e+00,8.157947036668600660e+00
5.679024658513662782e-01,-8.763244285006175360e+00,8.026039833716309246e+00
5.683133435910130427e-01,-8.442301295635200376e+00,7.973589772832893274e+00
5.479850103150979423e-01,-8.180592328760601717e+00,8.034068949078996269e+00
5.087955283379822502e-01,-8.033007431223488481e+00,8.206712500449533820e+00
4.580313416881158228e-01,-8.028235146593774019e+00,8.459617077050564760e+00
4.054198599131150216e-01,-8.157562381305993426e+00,8.742809427394009347e+00
3.594964457573693872e-01,-8.375303457995309842e+00,9.006466883608275964e+00
3.245985261450703430e-01,-8.611134811678322620e+00,9.217873811703945819e+00
2.995343532004333120e-01,-8.790676856549040963e+00,9.371305356340752013e+00
2.783702964146009262e-01,-8.857886458117391726e+00,9.487609813841176631e+00
2.530278762605316922e-01,-8.792138381466093833e+00,9.603914271341601250e+00
2.167396234610477479e-01,-8.614524414249213891e+00,9.757345815978407444e+00
1.671025937023750685e-01,-8.381349678375094925e+00,9.968752744074077299e+00
1.075977235860658410e-01,-8.166921818995806603e+00,1.023241020028834392e+01
4.696953429552880310e-02,-8.041153284313153904e+00,1.051560255063178850e+01
-3.394826596718136802e-03,-8.049103661582504898e+00,1.076850712723281944e+01
-3.324004469210201096e-02,-8.198858061970318190e+00,1.094115067860335522e+01
-3.709542265032794717e-02,-8.461327032588076946e+00,1.100162985484945999e+01
-1.653317864215064770e-02,-8.781610915055242828e+00,1.094917979396604402e+01
1.980272260094190218e-02,-9.097814384743454497e+00,1.081727259101375260e+01
5.850158233625080140e-02,-9.360870127804343355e+00,1.066521268867196781e+01
8.534891000499095215e-02,-9.548790494388935457e+00,1.056057310931233850e+01
8.970345574722901616e-02,-9.670829334374772657e+00,1.055797821402560643e+01
6.788175694688247663e-02,-9.760579438248676354e+00,1.068110820761754809e+01
2.444446579458581237e-02,-9.860838162312949962e+00,1.091389521177210575e+01
-2.905311218201267476e-02,-1.000584986320426140e+01,1.120397802832392919e+01
-7.746760625632936881e-02,-1.020734281645137820e+01,1.147753128070798212e+01
-1.065575780186284738e-01,-1.044935910636271892e+01,1.166088878109812477e+01
-1.071387188565899318e-01,-1.069372826270884502e+01,1.170216536447118294e+01
-7.760506023194141401e-02,-1.089424816446669375e+01,1.158608144559713082e+01
-2.405847417378959019e-02,-1.101451686433085264e+01,1.133741019061830357e+01
4.192845807424155913e-02,-1.104298624961816522e+01,1.101216306439737558e+01
1.071273048278177653e-01,-1.099966716902617136e+01,1.067958097694571862e+01
1.607649255035792646e-01,-1.093172818862419327e+01,1.040090097978049677e+01
1.975882492185885575e-01,-1.089904868887994205e+01,1.021177388591861046e+01
2.189249365881108800e-01,-1.095431303766581621e+01,1.011383867818477889e+01
2.314785315428173895e-01,-1.112425622942096126e+01,1.007779782804863267e+01
2.443666587804525780e-01,-1.139848256503313451e+01,1.005646078643521157e+01
2.654938840048859938e-01,-1.172991090958592153e+01,1.000293766999016398e+01
2.985518998294695026e-01,-1.204712282755861885e+01,9.887567467027322365e+00
3.416945055716689716e-01,-1.227495499382398592e+01,9.707772364613058258e+00
7.763732492126355078e-01,-1.234009942518767744e+01,9.550441666912972138e+00
8.151158885275242572e-01,-1.225407546440666628e+01,9.330139515559830343e+00
8.366397641734233392e-01,-1.202304795049583674e+01,9.150230408739657761e+00
8.397007284537774119e-01,-1.170393057854026253e+01,9.034787051885123432e+00
8.295375876563773065e-01,-1.137177439718494298e+01,8.981229997524021513e+00
8.165533111694749380e-01,-1.109737832914576927e+01,8.959879426527871615e+00
8.130559094635755324e-01,-1.092689992526494969e+01,8.923815723624031193e+00
8.291072405805053336e-01,-1.086983672227043840e+01,8.825818417173239894e+00
8.688677490337400888e-01,-1.089892424046682962e+01,8.636571401680075866e+00
9.286988605512982442e-01,-1.096155364612034688e+01,8.357714699214822573e+00
9.977287808517733003e-01,-1.099856817688721833e+01,8.024921728247502273e+00
1.060783611374049418e+00,-1.096399331152020373e+01,7.699468369460161554e+00
1.102800896719347890e+00,-1.083914007278040259e+01,7.450639437112425156e+00
1.113339572305090730e+00,-1.063660237900607974e+01,7.334481911793986342e+00
1.089748892570046257e+00,-1.039321820466312829e+01,7.375784667806357220e+00
1.037979473161481758e+00,-1.015486255911044466e+01,7.559258431446280291e+00
9.707750964287513717e-01,-9.958695738541477382e+00,7.832985138366101552e+00
9.038257116760994858e-01,-9.819273822969810439e+00,8.123251890513069284e+00
8.511126142230254210e-01,-9.723487162997878741e+00,8.356186500157186003e+00
8.209223991297440737e-01,-9.636133622530877574e+00,8.479394567965725216e+00
8.137682164067004953e-01,-9.514149297523665894e+00,8.476798027308840133e+00
8.228172601255223650e-01,-9.324416141766194599e+00,8.372092098126998394e+00
8.365973728147062527e-01,-9.058717597720104209e+00,8.219935777703760493e+00
8.430187079015361018e-01,-8.740296163251981554e+00,8.087944935085506160e+00
8.333421881852092206e-01,-8.419295222722778860e+00,8.035461616688671427e+00
8.047853125495942894e-01,-8.158188464249390037e+00,8.095979141546418845e+00
7.609516381299197274e-01,-8.011814608464904452e+00,8.268732162670270114e+00
7.100303317579076401e-01,-8.008637206857386559e+00,8.521797100903071964e+00
6.614763095793594339e-01,-8.139636204120574092e+00,8.805169017737625836e+00
6.223902003581360809e-01,-8.358851239730888949e+00,9.068993653765225815e+00
5.948997224907648373e-01,-8.595812552143947016e+00,9.280534630680465469e+00
5.754751602045103942e-01,-8.776167575524899789e+00,9.434063463129115590e+00
5.564205767393046731e-01,-8.844051809032178468e+00,9.550441666912972138e+00
5.290080938625491003e-01,-8.779091035542057497e+00,9.666819870696828687e+00
4.871322217818576106e-01,-8.602592708591807025e+00,9.820348703145478808e+00
4.301593870291094412e-01,-8.370945377387382536e+00,1.003188968006071846e+01
3.639065541945966098e-01,-8.158357706265357834e+00,1.029571431608831666e+01
2.993168670626336070e-01,-8.034477107825283682e+00,1.057908623292287231e+01
2.491953244186240757e-01,-8.044011586657003221e+00,1.083215117115567416e+01
2.240528002689767817e-01,-8.194725057022900216e+00,1.100490419227952543e+01
2.284464584722362690e-01,-8.457352036280822105e+00,1.106542171713727285e+01
2.590783268578151777e-01,-8.777034578021313038e+00,1.101293839874043989e+01
3.053578158175982438e-01,-9.092140357680550622e+00,1.088094755612218378e+01
3.523301258809309888e-01,-9.354016683264315901e+00,1.072879123569894588e+01
3.850876851126543987e-01,-9.541119590508147397e+00,1.062408530651710592e+01
3.932786051545453243e-01,-9.663038689531914471e+00,1.062148876586021906e+01
3.742747506146736902e-01,-9.753487258520737058e+00,1.074469683366875827e+01
3.339825635062622089e-01,-9.855125315023688159e+00,1.097763144331287677e+01
2.850352941575232113e-01,-1.000183883002395469e+01,1.126789819545984095e+01
2.429470659482408368e-01,-1.020488175846613110e+01,1.154162490237966310e+01
2.214597476699128875e-01,-1.044784632729447438e+01,1.172509866601958706e+01
2.285592130595532345e-01,-1.069226804090057570e+01,1.176640142203195794e+01
2.643994921199444570e-01,-1.089188781817576412e+01,1.165024389671351912e+01
3.217337187525750597e-01,-1.101049038959832771e+01,1.140141496436578272e+01
3.886247227791161940e-01,-1.103688975602370625e+01,1.107596160557844378e+01
4.524711707099072222e-01,-1.099151535276369174e+01,1.074316863461112170e+01
5.039809501156971017e-01,-1.092188097200600794e+01,1.046431193214587019e+01
5.397823023719755531e-01,-1.088803950448600943e+01,1.027506491665270438e+01
5.628589796975865811e-01,-1.094264098184906153e+01,1.017706761020191308e+01
5.807557656600250695e-01,-1.111221345326072196e+01,1.014100390729807266e+01
6.022648205561165202e-01,-1.138607318770286980e+01,1.011965333630192276e+01
6.338120274171193946e-01,-1.171688399765726984e+01,1.006609628194082084e+01
6.768448671935901606e-01,-1.203310139326815076e+01,9.950652925086288292e+00
7.271544460119172548e-01,-1.225960952929368553e+01,9.770743818266113934e+00
1.163836900126107965e+00,-1.231210835588479746e+01,9.613273519984767645e+00
1.199896362665466620e+00,-1.222481787474981019e+01,9.392738854077808952e+00
1.214167914809811677e+00,-1.199298384998196276e+01,9.212639864928101829e+00
1.207196299473383583e+00,-1.167359105311627587e+01,9.097074665139011529e+00
1.186583162899864874e+00,-1.134156794347796193e+01,9.043461084799737648e+00
1.164963510508919109e+00,-1.106742608551810214e+01,9.022087979668270918e+00
1.156103637327949407e+00,-1.089696193437323402e+01,8.985986213877898976e+00
1.170369690574472488e+00,-1.083936197522502276e+01,8.887885477661011890e+00
1.211067148869529264e+00,-1.086721559942447790e+01,8.698438724284679679e+00
1.272901167484728369e+00,-1.092799884573257785e+01,8.419287706755525846e+00
1.343133727929685106e+00,-1.096286358853314269e+01,8.086143494510338314e+00
1.405136793130020934e+00,-1.092628661978132598e+01,7.760346640927137329e+00
1.443251795965900364e+00,-1.080004209136502880e+01,7.511255085868608461e+00
1.447427811513166240e+00,-1.059705930069110380e+01,7.394974963857372963e+00
1.416170935878616755e+00,-1.035428025561123633e+01,7.436321312235167902e+00
1.356877615542962046e+00,-1.011741861249641516e+01,7.619988720467429921e+00
1.283467253211998393e+00,-9.923254817734434852e+00,7.894004328075403976e+00
1.212096307779883864e+00,-9.785859770833692295e+00,8.184577437849608117e+00
1.156341706054903273e+00,-9.691676835057752015e+00,8.417757894783445494e+00
1.123387802970511107e+00,-9.605223546256784317e+00,8.541096000672581567e+00
1.112393939087918726e+00,-9.483395685664476105e+00,8.538496719536365021e+00
1.115482111133066168e+00,-9.293271462279136585e+00,8.433680280074636215e+00
1.120915359607534079e+00,-9.026990434675534303e+00,8.281363368578018580e+00
1.117327884836098573e+00,-8.708188302847496232e+00,8.149233218233121079e+00
1.097552406969590555e+00,-8.387311396146973408e+00,8.096694507116401596e+00
1.060769279683206889e+00,-8.126955972782457849e+00,8.157275904275005374e+00
1.012308427272755385e+00,-7.981878233992333094e+00,8.330211254946618737e+00
9.612586199593242675e-01,-7.980300213385228325e+00,8.583543286718175125e+00
9.167964567646451624e-01,-8.112899491582508560e+00,8.867214284130938040e+00
8.845813797837740466e-01,-8.333466630957182986e+00,9.131317369856624566e+00
8.645264571563128220e-01,-8.571425399212696306e+00,9.343081614477419805e+00
8.507620557955104523e-01,-8.752492471523972029e+00,9.496772486596386287e+00
8.338313194728294020e-01,-8.821013970915913660e+00,9.613273519984767645e+00
8.043608244041635658e-01,-8.756878679291443035e+00,9.729774553373149004e+00
7.569116423956598894e-01,-8.581597994254781980e+00,9.883465425492115486e+00
6.926229207714362790e-01,-8.351612047764136904e+00,1.009522967011291072e+01
6.196483008414440663e-01,-8.140988262300851375e+00,1.035933275583859547e+01
5.511270577337680221e-01,-8.019069060460582321e+00,1.064300375325135839e+01
5.012771744334307833e-01,-8.030184909988065556e+00,1.089633578502291478e+01
4.808595543628177982e-01,-8.181773581396766915e+00,1.106927113569452814e+01
4.935136988770381095e-01,-8.444409865171296659e+00,1.112985253285313370e+01
5.342148356894446115e-01,-8.763308714715664749e+00,1.107731382173641421e+01
5.904284675138222749e-01,-9.077136210054190357e+00,1.094518367139151671e+01
6.456615672219339075e-01,-9.337682579338526523e+00,1.079286675989489908e+01
6.843207661624739480e-01,-9.523860514287150636e+00,1.068805032043317027e+01
6.963498985053100387e-01,-9.645590513197225491e+00,1.068545103929695372e+01
6.801794305495478810e-01,-9.736687422250666302e+00,1.080878914518608802e+01
6.430605184228816995e-01,-9.839649489865001541e+00,1.104196960211992895e+01
5.986990131582917707e-01,-9.987984474327166851e+00,1.133254271189412954e+01
5.629716172766647819e-01,-1.019246482467275072e+01,1.160655831950210626e+01
5.491119907193692251e-01,-1.043624145720173679e+01,1.179022572773436650e+01
5.639010169068715550e-01,-1.068057717237402038e+01,1.183157207611216322e+01
6.060382458925547278e-01,-1.087918207248736913e+01,1.171529195410092683e+01
6.671339929336272956e-01,-1.099604842388812820e+01,1.146620039904239974e+01
7.348926538742931447e-01,-1.102035929809775539e+01,1.114040354545919698e+01
7.973482012467435487e-01,-1.097295183624192916e+01,1.080725933321400944e+01
8.466973247957740867e-01,-1.090165868864134779e+01,1.052810831568485739e+01
8.814546704976001790e-01,-1.086667248546800835e+01,1.033866156230852340e+01
9.062611887851524939e-01,-1.092057899917050712e+01,1.024056082609163632e+01
9.295000450476776921e-01,-1.108968393623010940e+01,1.020445906030126437e+01
9.596323978663573451e-01,-1.136302110708105850e+01,1.018308595516979942e+01
1.001599303369528293e+00,-1.169302569125494884e+01,1.012947237483052376e+01
1.054599416653474009e+00,-1.200806751403721506e+01,1.001390717504143346e+01
1.112059544699672609e+00,-1.223312089864980479e+01,9.833808185891726339e+00
1.550432743545360870e+00,-1.227293890475977278e+01,9.676105373056563153e+00
1.583781656337749588e+00,-1.218442851641903957e+01,9.455245508087021022e+00
1.590774379878895139e+00,-1.195191825409024133e+01,9.274880946075093391e+00
1.573748765520330384e+00,-1.163243162267401409e+01,9.159145334552844631e+00
1.542670942690630875e+00,-1.130073141777716472e+01,9.105452695957598763e+00
1.512406392230551955e+00,-1.102700087492303282e+01,9.084048074176699572e+00
1.498175528633532982e+00,-1.085664830190542851e+01,9.047893072944432902e+00
1.510643642336978454e+00,-1.079854310188721556e+01,8.949647677985007377e+00
1.552257195108972754e+00,-1.082514381143356630e+01,8.759921567590790659e+00
1.616063900711496526e+00,-1.088404153375631189e+01,8.480358915687304489e+00
1.687462061932052393e+00,-1.091673114780275355e+01,8.146723451034782570e+00
1.748375312057070641e+00,-1.087816788280995972e+01,7.820446179414162202e+00
1.782556399980148587e+00,-1.075060059431420356e+01,7.570987315479864144e+00
1.780351264489573815e+00,-1.054728742867054514e+01,7.454535727515557042e+00
1.741426624621593255e+00,-1.030525360650772271e+01,7.495943044964487711e+00
1.674624196546872668e+00,-1.007002493249331287e+01,7.679881288027812225e+00
1.595034035264925265e+00,-9.877980049817567831e+00,7.954300957366221780e+00
1.519271069263864238e+00,-9.742695418498421134e+00,8.245302544461765137e+00
1.460499084363836575e+00,-9.650174020077626480e+00,8.478826847863892624e+00
1.424793304617276712e+00,-9.564672603646135585e+00,8.602346827365739301e+00
1.409956313643562220e+00,-9.443071134604059225e+00,8.599743713345537444e+00
1.407066761043922476e+00,-9.252663363507345196e+00,8.494772712206550835e+00
1.404128913580036553e+00,-8.985950352785865292e+00,8.342231195128626098e+00
1.390509338283559160e+00,-8.666948510340024114e+00,8.209906206476315305e+00
1.360620622389937306e+00,-8.346379086120153445e+00,8.157290022099171978e+00
1.315611411297605393e+00,-8.086925493048754632e+00,8.217960752213594233e+00
1.262539324950906927e+00,-7.943229952960154883e+00,8.391151112290167191e+00
1.211389827132667296e+00,-7.943256262948890978e+00,8.644856705918384066e+00
1.171055257780356351e+00,-8.077384194704666953e+00,8.928946002840032037e+00
1.145746993810218051e+00,-8.299180976132062071e+00,9.193438533352322750e+00
1.133157896144388443e+00,-8.538003914741640443e+00,9.405515044226390842e+00
1.125075840668755545e+00,-8.719681497862183051e+00,9.559432547960550863e+00
1.110283991097481548e+00,-8.788802769033855711e+00,9.676105373056563153e+00
1.078767093552423395e+00,-8.725531653102008178e+00,9.792778198152575442e+00
1.025757573064786765e+00,-8.551571730801198257e+00,9.946695701886733687e+00
9.541711353966653153e-01,-8.323382635250725414e+00,1.015877221276080178e+01
8.744993605310840135e-01,-8.114847916878694889e+00,1.042326474327309427e+01
8.020757156310617253e-01,-7.994964660244110455e+00,1.070735404019474046e+01
7.525266303159986458e-01,-8.007659539673007032e+00,1.096105963382295911e+01
7.368575288053487160e-01,-8.160039111297272996e+00,1.113424999389953207e+01
7.577858496310740932e-01,-8.422534828268480211e+00,1.119492072401395433e+01
8.085585166464958062e-01,-8.740465995923633713e+00,1.114230453963681100e+01
8.746993575558414946e-01,-9.052832859529399201e+00,1.100997955098450021e+01
9.381826365140807367e-01,-9.311897203522446986e+00,1.085743803390657547e+01
9.827363516322271675e-01,-9.497041566864719897e+00,1.075246703276758886e+01
9.986065476284248232e-01,-9.618512511758499528e+00,1.074986391874738700e+01
9.852858682157218384e-01,-9.710207410302993836e+00,1.087338389824923190e+01
9.513694494290503290e-01,-9.814438077150690276e+00,1.110690820165136294e+01
9.116306360211596793e-01,-9.964313976471990131e+00,1.139790978874690452e+01
8.823005662151716111e-01,-1.017011868424127918e+01,1.167232945808531497e+01
8.760958516580727995e-01,-1.041457030520649418e+01,1.185626770114863859e+01
8.985854648527014099e-01,-1.065868035407370584e+01,1.189767501859756926e+01
9.470115359715745029e-01,-1.085615445764824472e+01,1.178122343063326127e+01
1.011843456744860870e+00,-1.097121349429730941e+01,1.153176456669896410e+01
1.080433299125336255e+00,-1.099341671410703647e+01,1.120548729507834373e+01
1.141458779390441824e+00,-1.094399810374014059e+01,1.087185183042582182e+01
1.188613612085427373e+00,-1.087108267925284544e+01,1.059228917852233565e+01
1.222304471119531888e+00,-1.083496881016878177e+01,1.040256306812812070e+01
1.248831051739947018e+00,-1.088814783469036485e+01,1.030431767316869340e+01
1.277412239053546283e+00,-1.105668754023235145e+01,1.026816267193642673e+01
1.316172522914754950e+00,-1.132934482236647611e+01,1.024675805015552932e+01
1.368561553565725397e+00,-1.165835279562532989e+01,1.019306541156028167e+01
1.431523924507730472e+00,-1.197203626513453756e+01,1.007732980003803291e+01
1.496119909683331972e+00,-1.219550277038739239e+01,9.896965238026105283e+00
1.935871116510769374e+00,-1.222260919408554614e+01,9.738937226128358660e+00
1.966481157970409566e+00,-1.213292572799512747e+01,9.517659798519680692e+00
1.966166513439924213e+00,-1.189987076118928933e+01,9.336954235201197605e+00
1.939062836461558081e+00,-1.158047384511637290e+01,9.220999811322997175e+00
1.897502967687993092e+00,-1.124928852739857454e+01,9.167205660214930774e+00
1.858581820483782066e+00,-1.097612821806467309e+01,9.145760570373608900e+00
1.838970066875071474e+00,-1.080598563760761799e+01,9.109537213681038637e+00
1.849627010114333725e+00,-1.074740693485823684e+01,9.011106073763343716e+00
1.892135793994989434e+00,-1.077273520110691862e+01,8.821021262908182337e+00
1.957885109569869275e+00,-1.082970715309918752e+01,8.540930063553355822e+00
2.030411707365904928e+00,-1.086019549953519459e+01,8.206663820170852830e+00
2.090196416076598673e+00,-1.081966144177184042e+01,7.879769681385855762e+00
2.120410668281602629e+00,-1.069084035365760421e+01,7.629839184900326643e+00
2.111804159074039955e+00,-1.048731270794023374e+01,7.513167430938867852e+00
2.065208331207245784e+00,-1.024616591011296585e+01,7.554653033995533562e+00
1.990909949770716780e+00,-1.001271108015843758e+01,7.738939034847363452e+00
1.905164980428150745e+00,-9.822902768729012024e+00,8.013877528198346312e+00
1.825038803426448641e+00,-9.689813517766760143e+00,8.305429289453948982e+00
1.763273096321701150e+00,-9.599012499228356532e+00,8.539395099167983005e+00
1.724826720410209013e+00,-9.514515367509075006e+00,8.663148608327350786e+00
1.706142197428878404e+00,-9.393211034672821924e+00,8.660540572801107118e+00
1.697256450132115679e+00,-9.202628341365157283e+00,8.555371111121203853e+00
1.685921003586648759e+00,-8.935635387088373349e+00,8.402541195612638347e+00
1.662243377731582372e+00,-8.616616748329391839e+00,8.269966030354030551e+00
1.622224563466156733e+00,-8.296540331273417834e+00,8.217250368632676327e+00
1.568987466076656734e+00,-8.038140922520959464e+00,8.278035804197038772e+00
1.511319158351724701e+00,-7.895914933785738832e+00,8.451553601872273447e+00
1.460099071026380368e+00,-7.897550962621139981e+00,8.705738857014608811e+00
1.423929209988177291e+00,-8.033135505246169927e+00,8.990365259564701006e+00
1.405565586219297725e+00,-8.256038425165362682e+00,9.255357845617131929e+00
1.400474703525422138e+00,-8.495591001031225886e+00,9.467835313123096341e+00
1.398098783357949237e+00,-8.677776594934423215e+00,9.622043816759285662e+00
1.385461537090824979e+00,-8.747459878331223848e+00,9.738937226128358660e+00
1.351909482886992642e+00,-8.685092261438496664e+00,9.855830635497431658e+00
1.293351403883139739e+00,-8.512557664890785247e+00,1.001003913913362098e+01
1.214483869734589883e+00,-8.286302795887046102e+00,1.022251660663958361e+01
1.128138235335575557e+00,-8.079984193219571509e+00,1.048750919269201454e+01
1.051840725456013814e+00,-7.962212732192124776e+00,1.077213559524210851e+01
1.002621966926611430e+00,-7.976484653744268627e+00,1.102632085038444210e+01
9.917263946420640242e-01,-8.129570094241270084e+00,1.119983864805967677e+01
1.020944714902088268e+00,-8.391773703566659748e+00,1.126062408362404099e+01
1.081793613189488967e+00,-8.708550959422899140e+00,1.120790842190268677e+01
1.157857033728517226e+00,-9.019272503409904829e+00,1.107533325664407897e+01
1.229581743676235073e+00,-9.276700738001112612e+00,1.092250334113551347e+01
1.280024186873313985e+00,-9.460701497286869710e+00,1.081733387945561020e+01
1.299739249875770497e+00,-9.581842608618645230e+00,1.081472584392936653e+01
1.289285623214408982e+00,-9.674084739877294226e+00,1.093847935308873254e+01
1.258602002823782318e+00,-9.779528293409434525e+00,1.117244516280277011e+01
1.223524320376462970e+00,-9.930864043173745159e+00,1.146399692405837101e+01
1.200630002448992650e+00,-1.013787912731469198e+01,1.173893541740935298e+01
1.202109552508461743e+00,-1.038286732712196248e+01,1.192322141826118376e+01
1.232312745451304981e+00,-1.062661046325710501e+01,1.196470702131784947e+01
1.287020970138689879e+00,-1.082283631457020334e+01,1.184803526735639068e+01
1.355564337044415257e+00,-1.093601573245380365e+01,1.159810477087086156e+01
1.424948686538380027e+00,-1.095609142122616575e+01,1.127121063208586627e+01
1.484504162797901206e+00,-1.090468332941396667e+01,1.093694438870336150e+01
1.529430176449012135e+00,-1.083018212734450358e+01,1.065685318934853676e+01
1.562031567649595720e+00,-1.079295757805290101e+01,1.046676837849337360e+01
1.590268737619081163e+00,-1.084537605844979602e+01,1.036833723857567868e+01
1.624193800381579011e+00,-1.101325163344733582e+01,1.033211388188310664e+01
1.671588767484223803e+00,-1.128506982155921179e+01,1.031066879204178655e+01
1.734404874933020091e+00,-1.161288848181103006e+01,1.025687464093372014e+01
1.807326821344666046e+00,-1.192502849692311884e+01,1.014092021705551971e+01
1.879045521980124978e+00,-1.214677417226586975e+01,9.960214653737036627e+00
2.319862027787460423e+00,-1.216114263251528271e+01,9.801769079200155943e+00
2.347703900803070898e+00,-1.207033331770053941e+01,9.579982137459701619e+00
2.340051397918306186e+00,-1.183686688709680190e+01,9.398860480917447191e+00
2.302843116300263393e+00,-1.151774580001273485e+01,9.282639060001878661e+00
2.250781370437340723e+00,-1.118727012305362756e+01,9.228721042304741218e+00
2.203189923330427291e+00,-1.091484129018964033e+01,9.207226572929096520e+00
2.178186097708831426e+00,-1.074500852579333454e+01,9.170919808216401847e+00
2.187018070681346682e+00,-1.068598839768490016e+01,9.072262020432553697e+00
2.230401123584635492e+00,-1.071002415045289524e+01,8.881739519667430471e+00
2.298062968568340025e+00,-1.076502911796848139e+01,8.601003381396782999e+00
2.371680563664932073e+00,-1.079328922708557137e+01,8.265967455464098279e+00
2.430297227560298978e+00,-1.075079967553128313e+01,7.938320609161188202e+00
2.456510422619267331e+00,-1.062079443746454821e+01,7.687814621893352296e+00
2.441480674315657851e+00,-1.041716976764186064e+01,7.570874219167917474e+00
2.387208554635777524e+00,-1.017705395022046844e+01,7.612455347110476112e+00
2.305425961291660109e+00,-9.945516169826156272e+00,7.797165685513303579e+00
2.213550211374958554e+00,-9.758064195967586230e+00,8.072737253142333813e+00
2.129089103765504642e+00,-9.627256935274544958e+00,8.364960342441241536e+00
2.064353026327740981e+00,-9.538236321045278743e+00,8.599464882597374071e+00
2.023176907882577868e+00,-9.454796826735599069e+00,8.723503346993501495e+00
2.000639568076957975e+00,-9.333861418771455476e+00,8.720889306196085045e+00
1.985737623858756962e+00,-9.143213897464502082e+00,8.615477680968204766e+00
1.965975920481911832e+00,-8.876095087429860087e+00,8.462295858794094627e+00
1.932211793718716653e+00,-8.557245098934732397e+00,8.329415425524413052e+00
1.882043631103198500e+00,-8.237849890683856202e+00,8.276578380547192637e+00
1.820575068876479685e+00,-7.980659356799886694e+00,8.337503780855183066e+00
1.758324782290669575e+00,-7.839991795840406397e+00,8.511421121181404814e+00
1.707063594877038515e+00,-7.843243349054315416e+00,8.766191664127306993e+00
1.675096957497870021e+00,-7.980211771085960137e+00,9.051473448366998298e+00
1.663717803500268433e+00,-8.204095849143191899e+00,9.317076207218656592e+00
1.666159570601240869e+00,-8.444241819338817123e+00,9.530042926039353546e+00
1.669515119351936416e+00,-8.626831611095754582e+00,9.684606510682638003e+00
1.659048869372335977e+00,-8.697038743288029394e+00,9.801769079200155943e+00
1.623472627112319877e+00,-8.635614686226031012e+00,9.918931647717672107e+00
1.559376752022656243e+00,-8.464611731404337647e+00,1.007349523236095656e+01
1.473243421799862007e+00,-8.240430780713818848e+00,1.028646195118165529e+01
1.380246125895549625e+00,-8.036457575346732440e+00,1.055206471003331359e+01
1.300102859035156877e+00,-7.920875261318531813e+00,1.083734649427300312e+01
1.251244435766850627e+00,-7.936722545284351504e+00,1.109211703721890530e+01
1.245148766015014008e+00,-8.090427794695623120e+00,1.126603437754512882e+01
1.282674892476022954e+00,-8.352185592467863628e+00,1.132695977785311925e+01
1.353606932702880572e+00,-8.667619879226757362e+00,1.127412273287589883e+01
1.439590350960197718e+00,-8.976508505116759906e+00,1.114124229960621726e+01
1.519549376296976284e+00,-9.232144061841307092e+00,1.098806047743210712e+01
1.575875932470440111e+00,-9.414889415794849725e+00,1.088264885220422684e+01
1.599440536825241566e+00,-9.535628862565859620e+00,1.088003481140681039e+01
1.591872076633766619e+00,-9.628366882553322625e+00,1.100407327580293604e+01
1.564452667836357058e+00,-9.734967095972361761e+00,1.123857781595907213e+01
1.534076080339544568e+00,-9.887680818606186861e+00,1.153080090525797630e+01
1.517657842470192975e+00,-1.009579097547388038e+01,1.180637247288700742e+01
1.526853052061132088e+00,-1.034117553987146643e+01,1.199108281128983577e+01
1.564784639224233942e+00,-1.058440848058011952e+01,1.203266393923239441e+01
1.625769573156762293e+00,-1.077926672989924306e+01,1.191572353650695959e+01
1.698000105652575087e+00,-1.089049282259047757e+01,1.166521754923912368e+01
1.768141948583396683e+00,-1.090842037534524067e+01,1.133757070293621538e+01
1.826186617424301328e+00,-1.085504434613487845e+01,1.100253477700352889e+01
1.868848330819854908e+00,-1.077899403431339387e+01,1.072179863873288319e+01
1.900336722559221148e+00,-1.074067578962496938e+01,1.053127613796775819e+01
1.930275241612376513e+00,-1.079230005083447352e+01,1.043261835018391004e+01
1.969546882916759722e+00,-1.095941108382591267e+01,1.039631158547121537e+01
2.025585216703822411e+00,-1.123022858687867576e+01,1.037481711609557244e+01
2.098835640339927089e+00,-1.155666230738102840e+01,1.032089909839843322e+01
2.181716562446234686e+00,-1.186707087232969826e+01,1.020467767748286469e+01
2.260546170538678457e+00,-1.208695954395068561e+01,1.002355602094061027e+01
2.702115087323945453e+00,-1.208856799561982243e+01,9.864600932271951450e+00
2.727158507827509570e+00,-1.199668064653450905e+01,9.642213027736012521e+00
2.712135827128816956e+00,-1.176293814191182108e+01,9.460600596686550290e+00
2.664794137677871433e+00,-1.144428215243376989e+01,9.344064257546037311e+00
2.602208462889920693e+00,-1.111471424700739696e+01,9.290000141424943791e+00
2.545931223868849180e+00,-1.084318095555642181e+01,9.268447429772717072e+00
2.515522987360666818e+00,-1.067375955204354021e+01,9.232042286793719299e+00
2.522515631609998810e+00,-1.061433053173020014e+01,9.133117171909921339e+00
2.566751799018084590e+00,-1.063705313337346325e+01,8.942078423732915837e+00
2.636295935106113042e+00,-1.069004886064416660e+01,8.660581591558811354e+00
2.710966659872033890e+00,-1.071605291177038843e+01,8.324637838839500148e+00
2.768374906241687583e+00,-1.067162306878122813e+01,7.996103187496579778e+00
2.790551531749571712e+00,-1.054050427945714219e+01,7.744918419155284894e+00
2.769075158286770755e+00,-1.033690198381004777e+01,7.627661150022948533e+00
2.707120176479056894e+00,-1.009796369031936614e+01,7.669354947858025184e+00
2.617863961811758511e+00,-9.868488899364164624e+00,7.854565784804410811e+00
2.519880756480912254e+00,-9.683515451742616520e+00,8.130884052209083279e+00
2.431112690452289282e+00,-9.555078646973869994e+00,8.423898960914815603e+00
2.363429449667246107e+00,-9.467899783380117285e+00,8.659038923981331237e+00
2.319534132199313259e+00,-9.385572359696855216e+00,8.783413487977037803e+00
2.293137909263432306e+00,-9.265078929464401369e+00,8.780792364069801792e+00
2.272198349549341856e+00,-9.074478499643891638e+00,8.675095111273064319e+00
2.243979737134004449e+00,-8.807390469981134729e+00,8.521498221487901148e+00
2.200098369356750183e+00,-8.488897702881597951e+00,8.388257730065037165e+00
2.139759460856804463e+00,-8.170375167834965424e+00,8.335277515710911800e+00
2.070054314298850340e+00,-7.914550997942048305e+00,8.396368001927919877e+00
2.003235704484842117e+00,-7.775532504536037059e+00,8.570756595657092802e+00
1.951963391041559026e+00,-7.780405775238846466e+00,8.826217475087615227e+00
1.924239891667841151e+00,-7.918684380706172199e+00,9.112272270295452614e+00
1.919886958424073864e+00,-8.143422727788781401e+00,9.378594717038540196e+00
1.929897740187645372e+00,-8.384023682933113619e+00,9.592138499024828846e+00
1.939011545535115788e+00,-8.566912200214366280e+00,9.747120895358190040e+00
1.930733349015032241e+00,-8.637604475275601601e+00,9.864600932271951450e+00
1.893143706063334708e+00,-8.577164877049584746e+00,9.982080969185712860e+00
1.823519980369237015e+00,-8.407801929443801114e+00,1.013706336551907405e+01
1.730135102294015903e+00,-8.185837292812740529e+00,1.035060714750536270e+01
1.630507516329136930e+00,-7.984341345478659591e+00,1.061692959424844851e+01
1.546546377432287844e+00,-7.871027214397593674e+00,1.090298438945628767e+01
1.498078863438840891e+00,-7.888448436526483754e+00,1.115844526888681010e+01
1.496810773307810205e+00,-8.042686110503284524e+00,1.133283386261598302e+01
1.542664304828294419e+00,-8.303841748016942859e+00,1.139392434883299110e+01
1.623688327420938382e+00,-8.617740612262107192e+00,1.134094413447886573e+01
1.719590903501109658e+00,-8.924605261633633546e+00,1.120770364305600175e+01
1.807778491659979725e+00,-9.178288637065493916e+00,1.105410675327083858e+01
1.869985527544918424e+00,-9.359664693079492892e+00,1.094840950047410288e+01
1.897405118312229799e+00,-9.479929373499878409e+00,1.094578837656686510e+01
1.892740759722897348e+00,-9.573111170782844681e+00,1.107016294056257166e+01
1.868618087242414738e+00,-9.680811087278001992e+00,1.130530290362908907e+01
1.842984071449946359e+00,-9.834819787032328620e+00,1.159831781233481784e+01
1.833084080065916055e+00,-1.004390798617925284e+01,1.187463607973949209e+01
1.850028256359179446e+00,-1.028954643274332881e+01,1.205984691668587772e+01
1.895704690114750290e+00,-1.053212341282677578e+01,1.210154071452095437e+01
1.962961927618388502e+00,-1.072549247295083141e+01,1.198428344538861801e+01
2.038855603539609262e+00,-1.083468995271980617e+01,1.173309867704732312e+01
2.109717444961777488e+00,-1.085044803412394998e+01,1.140456402570440275e+01
2.166209550290882913e+00,-1.079512561689975136e+01,1.106862027298509155e+01
2.206570482750413120e+00,-1.071756319620404341e+01,1.078712344081098884e+01
2.236921750488480409e+00,-1.067816832751423917e+01,1.059608469263398334e+01
2.268552530340967710e+00,-1.072896398968065590e+01,1.049715957775018360e+01
2.313174460494255236e+00,-1.089520825624406797e+01,1.046075443477118583e+01
2.377866544660222292e+00,-1.116486060695568128e+01,1.043920172311895911e+01
2.461560522310271004e+00,-1.148971024768336058e+01,1.038513760699786559e+01
2.554401602438542973e+00,-1.179819591838934656e+01,1.026860126785735439e+01
2.640331392568701752e+00,-1.201608880622841546e+01,1.008698883680789038e+01
3.082339443315941452e+00,-1.200491952332323464e+01,9.927432785343746957e+00
3.104553144501900341e+00,-1.191200272720534237e+01,9.704353062426340770e+00
3.082126296593156844e+00,-1.167812211994717231e+01,9.522175659921416013e+00
3.024620402701933664e+00,-1.136012422624475704e+01,9.405276792154653620e+00
2.951486829088642239e+00,-1.103166618694691614e+01,9.351044489956226613e+00
2.886506775513668188e+00,-1.076119580453270075e+01,9.329424730763250295e+00
2.850680784613909502e+00,-1.059228933060527211e+01,9.292906336359246566e+00
2.855819203121233940e+00,-1.053248452304262806e+01,9.193673478961267520e+00
2.900887041914695264e+00,-1.055387275036709127e+01,9.002040435344332181e+00
2.972282912198527693e+00,-1.060481587898150480e+01,8.719667904992178364e+00
3.047968315228835490e+00,-1.062853519324673890e+01,8.382679077165230197e+00
3.104126818643537788e+00,-1.058218028051529380e+01,8.053122399416592359e+00
3.122230102815906072e+00,-1.045001974741236417e+01,7.801156229585654245e+00
3.094282351981668011e+00,-1.024656153857005059e+01,7.683534189112378954e+00
3.024636721911495574e+00,-1.000895031601171326e+01,7.725357690655017429e+00
2.927916622515784884e+00,-9.781687571634488876e+00,7.911144693205883982e+00
2.823848873024482842e+00,-9.599317555307125716e+00,8.188322548981266991e+00
2.730801751936094313e+00,-9.473341720423299250e+00,8.482248987027181997e+00
2.660194586399867500e+00,-9.388067402235460435e+00,8.718120438386669946e+00
2.613590432206967407e+00,-9.306907693629710820e+00,8.842881914655050579e+00
2.583328595617655488e+00,-9.186930770690752368e+00,8.840252636789518448e+00
2.556328731724035297e+00,-8.996491524926948813e+00,8.734226574282972777e+00
2.519620766412783652e+00,-8.729593948113723911e+00,8.580151865562866575e+00
2.465589388899600110e+00,-8.411650674307098896e+00,8.446496881178642724e+00
2.395056481626483436e+00,-8.094196106672065127e+00,8.393351852617463749e+00
2.317108365045943863e+00,-7.839899032000241519e+00,8.454632382989013095e+00
2.245734704648786995e+00,-7.702622234096578424e+00,8.629563475802889627e+00
2.194481817862151019e+00,-7.709123765070586387e+00,8.885819059120318997e+00
2.171042744697671445e+00,-7.848637617127919519e+00,9.172763731706355728e+00
2.173759586953896150e+00,-8.074101008993627815e+00,9.439914671188013529e+00
2.191377524665362841e+00,-8.315015925002173347e+00,9.654122758699074325e+00
2.206277708742157007e+00,-8.498095696191859005e+00,9.809587284088918224e+00
2.200205263067953165e+00,-8.569233727712976645e+00,9.927432785343746957e+00
2.160612930305782609e+00,-8.509820418500179784e+00,1.004527828659857391e+01
2.085470708721828714e+00,-8.342208173601971311e+00,1.020074281198841781e+01
1.984847779293960501e+00,-8.122605317158882343e+00,1.041495089949948039e+01
1.878610748904975702e+00,-7.923721392022723187e+00,1.068210183898113819e+01
1.790859621700201965e+00,-7.812756331120757736e+00,1.096904651156717492e+01
1.742814238203525878e+00,-7.831750262615502223e+00,1.122530209488460251e+01
1.746402624577323870e+00,-7.986431360763933007e+00,1.140023318769848082e+01
1.800604719357428607e+00,-8.246825377566448623e+00,1.146151371807003017e+01
1.891731165869630527e+00,-8.558992423019363471e+00,1.140836868950885119e+01
1.997553449135125891e+00,-8.863638052364878561e+00,1.127471370512462734e+01
2.093964902160672992e+00,-9.115206378971320689e+00,1.112063899640452114e+01
2.162049547410290984e+00,-9.295096845807654162e+00,1.101461293389797547e+01
2.193330221289942816e+00,-9.414812175792139470e+00,1.101198365603244333e+01
2.191589677462754793e+00,-9.508384693104602547e+00,1.113674513230082219e+01
2.170797362737906244e+00,-9.617126409183777369e+00,1.137261658366031369e+01
2.149948870272616386e+00,-9.772345667265495806e+00,1.166654302170622515e+01
2.146611031627953636e+00,-9.982292751485804416e+00,1.194372087748160993e+01
2.171339224523153089e+00,-1.022803987575203521e+01,1.212950788003247737e+01
2.224778373132076048e+00,-1.046981221550472796e+01,1.217133138157511496e+01
2.298304312019771256e+00,-1.066156793467028052e+01,1.205370934110183967e+01
2.377837163264327369e+00,-1.076865976900318955e+01,1.180174317127090333e+01
2.449380884468935093e+00,-1.078222632333051934e+01,1.147218649352226549e+01
2.504277641931756282e+00,-1.072497920880811506e+01,1.113519766569531555e+01
2.542300280608793983e+00,-1.064594218207604648e+01,1.085282513534316351e+01
2.571489671702561264e+00,-1.060548793867474870e+01,1.066119209172622817e+01
2.604803687937640166e+00,-1.065541983904565448e+01,1.056195923432824735e+01
2.654780447187095049e+00,-1.082069301319520704e+01,1.052544083992424362e+01
2.728138092633481726e+00,-1.108901239561187246e+01,1.050382108073126908e+01
2.822286520760655559e+00,-1.141207473735107314e+01,1.044958877853284207e+01
2.925090375449627800e+00,-1.171844209150697580e+01,1.033268991076607790e+01
3.018110420662632798e+00,-1.193419744635858493e+01,1.015051250826115137e+01
3.460243728316573453e+00,-1.191023703364371755e+01,9.990264638415542464e+00
3.479595480608589142e+00,-1.181634033825752361e+01,9.766402924271906372e+00
3.449729002341313411e+00,-1.158246260219567247e+01,9.583586910921882307e+00
3.382026431049057091e+00,-1.126532008636091220e+01,9.466278261899546465e+00
3.298319423721825849e+00,-1.093817853514572391e+01,9.411855851949761487e+00
3.224618301929844222e+00,-1.066894219297845758e+01,9.390160306119698319e+00
3.183360386748612658e+00,-1.050065653218794637e+01,9.353513898897467982e+00
3.186629173844905516e+00,-1.044050972892409135e+01,9.253933187275785954e+00
3.232506854234073579e+00,-1.046054176309982608e+01,9.061628386688720838e+00
3.305723416578853602e+00,-1.050938778424743703e+01,8.778266018092299561e+00
3.382384306055794099e+00,-1.053079283036936786e+01,8.440095898199661661e+00
3.437250714364656012e+00,-1.048252821234641807e+01,8.109383981296272026e+00
3.451242679569917371e+00,-1.034939920985426909e+01,7.856534560708437809e+00
3.416797619385745222e+00,-1.014620947532518969e+01,7.738500203945458011e+00
3.339452625700284116e+00,-9.910078270796311983e+00,7.780470315008805926e+00
3.235277854382530460e+00,-9.685180106863690241e+00,7.966908581619186691e+00
3.125148372327409607e+00,-9.505541414273663392e+00,8.245058066050404477e+00
3.027850287198751822e+00,-9.382119284766190503e+00,8.540014843800452837e+00
2.954342654936671142e+00,-9.298813867424108537e+00,8.776713126944873267e+00
2.905039985495404764e+00,-9.218878849989325275e+00,8.901911946323320279e+00
2.870905276090687686e+00,-9.099494644110231789e+00,8.899273451697988335e+00
2.837821325246717930e+00,-8.909333184964237873e+00,8.792875721836169944e+00
2.792590016115446439e+00,-8.642789242742242806e+00,8.638260914406831859e+00
2.728374142081237963e+00,-8.325591991453514140e+00,8.504137411307578276e+00
2.647622468759321279e+00,-8.009405060003006227e+00,8.450806086360922009e+00
2.561424043350364332e+00,-7.756799476107910429e+00,8.512301431581899891e+00
2.485508445606495087e+00,-7.621359198411187919e+00,8.687845733781134783e+00
2.434306207967031899e+00,-7.629495836162675459e+00,8.944999604110964952e+00
2.415194174625004742e+00,-7.770168481742063982e+00,9.232950142283714356e+00
2.425025996977858700e+00,-7.996224940841251794e+00,9.501037561728777447e+00
2.450290816469419486e+00,-8.237309741804565988e+00,9.715996541534444475e+00
2.471006687236909194e+00,-8.420470964814262160e+00,9.872006037544007739e+00
2.467158294354675263e+00,-8.492014549385514144e+00,9.990264638415542464e+00
2.425574019153779126e+00,-8.433670375065398517e+00,1.010852323928707719e+01
2.344922316254142824e+00,-8.267922120970666811e+00,1.026453273529663868e+01
2.237074412665314149e+00,-8.050829923849359915e+00,1.047949171510230748e+01
2.124248586872984568e+00,-7.854695988831679188e+00,1.074757913454737057e+01
2.032735590587165575e+00,-7.746162885385944108e+00,1.103552967272011998e+01
1.985144282971691876e+00,-7.766728425802774893e+00,1.129268354304995015e+01
1.993619153724665249e+00,-7.921762045927876805e+00,1.146822784524918326e+01
2.056192256429887344e+00,-8.181231420567366186e+00,1.152972319047016292e+01
2.157432793706544949e+00,-8.491465786775092894e+00,1.147639186552350665e+01
2.273176324533130899e+00,-8.793692869901173381e+00,1.134226836242425307e+01
2.377807653408462230e+00,-9.042979511097112066e+00,1.118765355499491676e+01
2.451767555007689836e+00,-9.221265408754252491e+00,1.108125582513309659e+01
2.486915923035698750e+00,-9.340355119579722754e+00,1.107861733050776465e+01
2.488119626623312541e+00,-9.434264178376022159e+00,1.120381614988621166e+01
2.470692354745700481e+00,-9.543988627585029860e+00,1.144051443303063387e+01
2.454673748457175009e+00,-9.700332299265197022e+00,1.173547121078068045e+01
2.457943576241694128e+00,-9.911016591321919478e+00,1.201362069521189824e+01
2.490492370062005634e+00,-1.015672402535722441e+01,1.220005896182227900e+01
2.551713258512832816e+00,-1.039753971549753508e+01,1.224202907288562692e+01
2.631504836529088287e+00,-1.058755506873712271e+01,1.212399471612264712e+01
2.714652730208661158e+00,-1.069246233336407848e+01,1.187114529553481290e+01
2.786839446501951922e+00,-1.070381460645839589e+01,1.154043337863142504e+01
2.840096979021264900e+00,-1.064466476956232377e+01,1.120226325873878537e+01
2.875742760259222042e+00,-1.056419131391715105e+01,1.091890089014236409e+01
2.903744866299758254e+00,-1.052269521761396831e+01,1.072659608955530075e+01
2.938733063348783148e+00,-1.057172733952604204e+01,1.062701537793361695e+01
2.994069819675576838e+00,-1.073592271885210181e+01,1.059036897071138661e+01
3.076105950721137461e+00,-1.100273751698009583e+01,1.056867342488132522e+01
3.180720995766645576e+00,-1.132380472171656116e+01,1.051425101493153846e+01
3.293491282007616761e+00,-1.162785385598717980e+01,1.039694236590920262e+01
3.393592138101122480e+00,-1.184132661902465600e+01,1.021412635255917856e+01
3.835536015791850772e+00,-1.180456605204536480e+01,1.005309649148733797e+01
3.851992662580404847e+00,-1.170974015269425195e+01,9.828363385003633823e+00
3.814649849345981281e+00,-1.147600967067820044e+01,9.644835751650681743e+00
3.736716816256636431e+00,-1.115992462939791352e+01,9.527070473148075536e+00
3.642409677217237629e+00,-1.083431125245637716e+01,9.472436221386304922e+00
3.559968342095256144e+00,-1.056648428353134328e+01,9.450656224615078926e+00
3.513263709781897060e+00,-1.039892791182306908e+01,9.413867169514597677e+00
3.514646990791276515e+00,-1.033847370386595799e+01,9.313898835249814212e+00
3.561312196916019079e+00,-1.035712712847694483e+01,9.120845479105446074e+00
3.636317752520002333e+00,-1.040383034886202829e+01,8.836380109049382980e+00
3.713914039274749612e+00,-1.042289076203592479e+01,8.496893645925652550e+00
3.767444909535132780e+00,-1.037273207614551573e+01,8.164894417200049048e+00
3.777286447640414213e+00,-1.023870960051311485e+01,7.911060768249925879e+00
3.736317183769161332e+00,-1.003591574945846254e+01,7.792566957154876128e+00
3.651263503036517921e+00,-9.801421284827586788e+00,7.834700438866180505e+00
3.539643110670050330e+00,-9.579044045634187654e+00,8.021864425272111632e+00
3.423474946429444277e+00,-9.402267802727852342e+00,8.301096619764107842e+00
3.321954448169469387e+00,-9.281494488299593115e+00,8.597201530761351407e+00
3.245570224760429667e+00,-9.200223985020787865e+00,8.834821173199511435e+00
3.193579471869753217e+00,-9.121572075783332068e+00,8.960507334920571054e+00
3.155564255090889336e+00,-9.002858670136538066e+00,8.957858569829765472e+00
3.116371545461610992e+00,-8.813094434055994242e+00,8.851046681758015566e+00
3.062581639799498490e+00,-8.547071272292660282e+00,8.695830028857377769e+00
2.988145422956458575e+00,-8.230821363493230791e+00,8.561184443660831533e+00
2.897149090065052057e+00,-7.916106630582041781e+00,8.507645524002315440e+00
2.802692413796736393e+00,-7.665360995537684019e+00,8.569380242771291734e+00
2.722248074640261084e+00,-7.531854450471767493e+00,8.745607859492903202e+00
2.671128466239200971e+00,-7.541633291442989773e+00,9.003762713459801503e+00
2.656387340068693703e+00,-7.683386488575831841e+00,9.292834112759884135e+00
2.673380807377671697e+00,-7.909900876633178868e+00,9.561965075200525632e+00
2.706333589712491161e+00,-8.151008011528483976e+00,9.777760793030592978e+00
2.732895463948988191e+00,-8.334138233363463044e+00,9.934377563402904343e+00
2.731289983136475197e+00,-8.406046216350805622e+00,1.005309649148733797e+01
2.687724669952952894e+00,-8.348815114027255291e+00,1.017181541957176982e+01
2.601572433969079778e+00,-8.185046974429642574e+00,1.032843218994408296e+01
2.486512576775935734e+00,-7.970618045355875481e+00,1.054422790777415031e+01
2.367118763890092126e+00,-7.777375546477507839e+00,1.081335887021479003e+01
2.271872503561934487e+00,-7.671359417555263072e+00,1.110243026951487266e+01
2.224768013112286447e+00,-7.693495520945362820e+00,1.136058512348177274e+01
2.238160353907701516e+00,-7.848788580950563976e+00,1.153681274020338421e+01
2.309127883930244707e+00,-8.107166302257869717e+00,1.159854745897236050e+01
2.420494982879655588e+00,-8.415262172049457590e+00,1.154500853931384619e+01
2.546161850887801670e+00,-8.714866233234507931e+00,1.141036295411729817e+01
2.659009394334029164e+00,-8.961700405268794967e+00,1.125514630121666215e+01
2.738842445569030559e+00,-9.138259793900006756e+00,1.114833441314491047e+01
2.777865478238681352e+00,-9.256645740313707904e+00,1.114568564805410489e+01
2.782034507914197263e+00,-9.350835869331566741e+00,1.127137180977516273e+01
2.768007976347820254e+00,-9.461482607653172394e+00,1.150899145221332631e+01
2.756864941069500752e+00,-9.618862523175220502e+00,1.180509636321056632e+01
2.766789390529524439e+00,-9.830159441614716442e+00,1.208432855770256431e+01
2.807196657829647446e+00,-1.007567522777246793e+01,1.227149254410849544e+01
2.876219172737044527e+00,-1.031537853393354354e+01,1.231362602581980070e+01
2.962273576923689866e+00,-1.050352333489230006e+01,1.219513221472474918e+01
3.049011983154103600e+00,-1.060616508434895700e+01,1.194129856577462867e+01
3.121801902759186120e+00,-1.061527965756837766e+01,1.160929933704902517e+01
3.173375187677951459e+00,-1.055424950640378867e+01,1.126981287392529296e+01
3.206604492657192385e+00,-1.047237864799619445e+01,1.098534750386922987e+01
3.233393229567031124e+00,-1.042985859052730113e+01,1.079229414772486351e+01
3.270046419287827355e+00,-1.047795399996899235e+01,1.069232581346007827e+01
3.330748742248045513e+00,-1.064096224628432630e+01,1.065553675835959702e+01
3.421477043595730017e+00,-1.090609661666061214e+01,1.063375676158837102e+01
3.536571706337359178e+00,-1.122495571771538536e+01,1.057912250982660041e+01
3.659312683879703432e+00,-1.152648177529518314e+01,1.046135723132399598e+01
3.766485043695531054e+00,-1.173752326224792597e+01,1.027782959797104034e+01
4.207923788470504078e+00,-1.168795795560752282e+01,1.011592834455913525e+01
4.221451297570550487e+00,-1.159225488030199358e+01,9.890235304580563991e+00
4.176594470692684524e+00,-1.135881983393893435e+01,9.705923744349878035e+00
4.088396291076466404e+00,-1.104399968208322136e+01,9.587655438780473105e+00
3.983461608014811084e+00,-1.072013173661033214e+01,9.532787820208385554e+00
3.892260400937798792e+00,-1.045389408837109535e+01,9.510914791534801793e+00
3.840093863334428814e+00,-1.028717833642135382e+01,9.473968594272276889e+00
3.839575343813073083e+00,-1.022645222449410873e+01,9.373573251481744251e+00
3.887005173586429940e+00,-1.024370403181818823e+01,9.179695279926860962e+00
3.963767191688881919e+00,-1.028821755358499423e+01,8.894014833725057301e+00
4.042257732891006761e+00,-1.030490216749913657e+01,8.553078275276673637e+00
4.094408477712160099e+00,-1.025286546044480751e+01,8.219660932482740989e+00
4.100059447019027914e+00,-1.011802648000597138e+01,7.964743048879505238e+00
4.052538370225696518e+00,-9.915759274060429007e+00,7.845743098835974649e+00
3.959766425061144623e+00,-9.683062396256623572e+00,7.888056551095377955e+00
3.840709692274666853e+00,-9.463366542217364952e+00,8.076019996835071879e+00
3.718526495878344829e+00,-9.289587327971400299e+00,8.356444914288683634e+00
3.612812881802485609e+00,-9.171560443558202991e+00,8.653814619007281550e+00
3.533576567739932006e+00,-9.092392606599183580e+00,8.892449238977606640e+00
3.478908434630521462e+00,-9.015083760930265200e+00,9.018672261325766826e+00
3.437004870699944981e+00,-8.897121293744985948e+00,9.016012182199524716e+00
3.391678074491498940e+00,-8.707876859897087485e+00,8.908744053787334138e+00
3.329293382502285681e+00,-8.442546022513239379e+00,8.752864402602146043e+00
3.244600021993596428e+00,-8.127450073799327157e+00,8.617643687158043520e+00
3.143332443264672982e+00,-7.814417485301167865e+00,8.563876079332201741e+00
3.040609355879269504e+00,-7.565704691262639336e+00,8.625874494114949442e+00
2.955649813330025744e+00,-7.434231651001780961e+00,8.802854856147025231e+00
2.904645655720945907e+00,-7.445659980181568827e+00,9.062112402525659860e+00
2.894320463095314544e+00,-7.588413429632428375e+00,9.352418552339088365e+00
2.918523475979906578e+00,-7.815247053511883202e+00,9.622699090956531975e+00
2.959206391667468239e+00,-8.056225089397237582e+00,9.839416566781382656e+00
2.991645390328715237e+00,-8.239208898483504129e+00,9.996702315952994411e+00
2.992302179555562436e+00,-8.311439042918236098e+00,1.011592834455913525e+01
2.946767017506849662e+00,-8.255366106894266309e+00,1.023515437316527610e+01
2.855123425910546686e+00,-8.093697262829637751e+00,1.039244012233688608e+01
2.732864970126697823e+00,-7.882088228529696927e+00,1.060915759816173853e+01
2.606924518526953616e+00,-7.691882336386918873e+00,1.087943813677918214e+01
2.507974347575338214e+00,-7.588470438611460978e+00,1.116974428659260887e+01
2.461390277518976877e+00,-7.612176033272583631e+00,1.142900183297124350e+01
2.479731894752077892e+00,-7.767633002440532231e+00,1.160598219500331929e+01
2.559117897060393165e+00,-8.024747664095492894e+00,1.166798060978606877e+01
2.680624368067773489e+00,-8.330493803019287213e+00,1.161421300196022699e+01
2.816216729003516495e+00,-8.627264984009030968e+00,1.147899228651612447e+01
2.937276738647912389e+00,-8.871471407197082826e+00,1.132311263533093637e+01
3.022980783977764041e+00,-9.046179136880208915e+00,1.121584450691874579e+01
3.065885639523592943e+00,-9.163781116902288915e+00,1.121318442779250368e+01
3.073041631854110278e+00,-9.258195385792612697e+00,1.133940745014066209e+01
3.062452481054363407e+00,-9.369702380014185650e+00,1.157804207011099074e+01
3.056231909027492755e+00,-9.528028051113107466e+00,1.187541177482958510e+01
3.072859178239506051e+00,-9.739809737535985334e+00,1.215583669228319863e+01
3.121163796798857248e+00,-9.984977920075372992e+00,1.234380013802289255e+01
3.198008356743266223e+00,-1.022340900939931885e+01,1.238611359028229586e+01
3.290322707172166794e+00,-1.040954964452637732e+01,1.226711364023876527e+01
3.380626454742596376e+00,-1.050984280119535441e+01,1.201219575663552952e+01
3.453978739671870191e+00,-1.051669563725889489e+01,1.167877841384159687e+01
3.503821567932176695e+00,-1.045380816735685414e+01,1.133784185539321321e+01
3.534593732779948816e+00,-1.037057995751291628e+01,1.105216140919141132e+01
3.560142328868030948e+00,-1.032705430018066295e+01,1.085828343763652803e+01
3.598451083256779093e+00,-1.037417509038495389e+01,1.075788809484599362e+01
3.664524694965377805e+00,-1.053588398757206690e+01,1.072094189758346872e+01
3.763959221117364695e+00,-1.079915745855080722e+01,1.069906886890988673e+01
3.889546856146921083e+00,-1.111558988378843083e+01,1.064420125033779740e+01
4.022262908013063409e+00,-1.141438261542548283e+01,1.052593294476839247e+01
4.136497227474679406e+00,-1.162284022753215673e+01,1.034162138453770474e+01
4.577113919781174545e+00,-1.156047013112327093e+01,1.017876019763093076e+01
4.587677450485122321e+00,-1.146394342279315737e+01,9.952019630341158773e+00
4.535268258536334862e+00,-1.123095616287364074e+01,9.766852609999117973e+00
4.436769802718240285e+00,-1.091761410672892652e+01,9.648035376203370816e+00
4.321179942619139958e+00,-1.059571489425479562e+01,9.592913096127494654e+00
4.221199105962304188e+00,-1.033125151300218114e+01,9.570938546401617231e+00
4.163555330421220724e+00,-1.016549081163138091e+01,9.533820867773600938e+00
4.161118354810779074e+00,-1.010452931313684211e+01,9.432959551980529156e+00
4.209289219587475372e+00,-1.012035591871219253e+01,9.238181718957772404e+00
4.287774159313276101e+00,-1.016263163365843702e+01,8.951175321057585066e+00
4.367116603715217593e+00,-1.017690852559550407e+01,8.608656346260007197e+00
4.417841448449569164e+00,-1.012301039502429845e+01,8.273691486659005889e+00
4.419260791893693252e+00,-9.987434094173950783e+00,8.017590432120531574e+00
4.365159854443340315e+00,-9.785827960185400798e+00,7.898038158010144194e+00
4.264660198911919053e+00,-9.555093964761972813e+00,7.940548003108587771e+00
4.138177055643362579e+00,-9.338244347979410165e+00,8.129383858750415470e+00
4.010003458203167170e+00,-9.167600385744121283e+00,8.411110334992912385e+00
3.900127071313317373e+00,-9.052420159860503190e+00,8.709860245708320292e+00
3.818064007486904998e+00,-8.975424545273169130e+00,8.949602459788950526e+00
3.760729639060878426e+00,-8.899520341714080018e+00,9.076411331232080215e+00
3.714929869286226261e+00,-8.782391175175945364e+00,9.073738905666022703e+00
3.663443262879374274e+00,-8.593792557229011919e+00,8.965972905037020269e+00
3.592427020339381993e+00,-8.329330396400759895e+00,8.809369757053293171e+00
3.497439210188009184e+00,-8.015600800046694729e+00,8.673521430795487319e+00
3.385873583422057465e+00,-7.704466142998210643e+00,8.619504267034464817e+00
3.274876124673896882e+00,-7.457963858645138444e+00,8.681790440060632719e+00
3.185415534176232910e+00,-7.328626806985338860e+00,8.859592235322518050e+00
3.134560569763592763e+00,-7.341712029193528721e+00,9.120053094663273185e+00
3.128697378627313341e+00,-7.485383112034821984e+00,9.411706665826372387e+00
3.160158814974709962e+00,-7.712393345358685259e+00,9.683241679308947525e+00
3.208614822868685490e+00,-7.953086579631300168e+00,9.900965023435110979e+00
3.246962639712201781e+00,-8.135805312859289984e+00,1.005898079564126490e+01
3.249901485804297607e+00,-8.208314172248073248e+00,1.017876019763093076e+01
3.202408082557472557e+00,-8.153445709956425702e+00,1.029853959962059662e+01
3.105282857936322749e+00,-7.993998598752128260e+00,1.045655537182675054e+01
2.975839910563180091e+00,-7.785370362166120550e+00,1.067427871595291400e+01
2.843375112396000493e+00,-7.598350188769440017e+00,1.094581372943548914e+01
2.740751406036429305e+00,-7.497632107234321275e+00,1.123746730059858656e+01
2.694722281437932132e+00,-7.522906009472492883e+00,1.149792815993934347e+01
2.718045621977605908e+00,-7.678428650815515510e+00,1.167572995520122880e+01
2.805874382185401750e+00,-7.934104071848109285e+00,1.173801612822739671e+01
2.937532869411070280e+00,-8.237283402663724274e+00,1.168399896446637598e+01
3.083052423051611868e+00,-8.531006066437047508e+00,1.154815063820856835e+01
3.212320617025235858e+00,-8.772404648125601057e+00,1.139154749022484125e+01
3.303893134319968894e+00,-8.945132131193851421e+00,1.128378148959583882e+01
3.350686970984644297e+00,-9.061867718807608441e+00,1.128110906402978131e+01
3.360852018003247288e+00,-9.156447577867877996e+00,1.140791793547290922e+01
3.353737744138673094e+00,-9.268750998197088364e+00,1.164766014955354301e+01
3.352487595490399208e+00,-9.427929332020903885e+00,1.194641006026894736e+01
3.375866894585126676e+00,-9.640064292133466495e+00,1.222813653651144605e+01
3.432108428834949265e+00,-9.884724529309565355e+00,1.241697239215327286e+01
3.516795621692356377e+00,-1.012171912159370457e+01,1.245948223725171644e+01
3.615366631136295528e+00,-1.030571830852674431e+01,1.233992996314132995e+01
3.709209652358220310e+00,-1.040357757102149883e+01,1.208382890860285563e+01
3.783082282097869786e+00,-1.040814407162298849e+01,1.174886404900185610e+01
3.831147229832638335e+00,-1.034342302461112340e+01,1.140634507420427646e+01
3.859420570300289288e+00,-1.025887871636521886e+01,1.111933867630409090e+01
3.883701562434978882e+00,-1.021436639134924462e+01,1.092456084328133237e+01
3.923656101036687716e+00,-1.026047363583370675e+01,1.082369952748826059e+01
3.995106605501208108e+00,-1.042076786651383991e+01,1.078658184886024429e+01
4.103261354495622903e+00,-1.068199496693054940e+01,1.076460729913436687e+01
4.239355147135239754e+00,-1.099577609822139124e+01,1.070948501905849248e+01
4.382050260694004606e+00,-1.129161945967132752e+01,1.059066778526274533e+01
4.503336358470992451e+00,-1.149733642341413642e+01,1.040550076492070275e+01
4.942812669608097842e+00,-1.142216614614685000e+01,1.024159205070272627e+01
4.950376655135869441e+00,-1.132487104079619478e+01,1.001371739606840450e+01
4.890376407838237682e+00,-1.109248843600077095e+01,9.827624226617237113e+00
4.781542598761953755e+00,-1.078084391300487432e+01,9.708212705161487932e+00
4.655270243992462476e+00,-1.046114321610857445e+01,9.652814720208519716e+00
4.546490370249538060e+00,-1.019864440055815535e+01,9.630730260469430704e+00
4.483354152436280771e+00,-1.003395650757559920e+01,9.593426930503877514e+00
4.478981771905868214e+00,-9.972797259604178066e+00,9.492061137090578526e+00
4.527869296559887680e+00,-9.987174525100058986e+00,9.296309084597213612e+00
4.608042426906449940e+00,-1.002716312338992033e+01,9.007867168000245783e+00
4.688193062566717195e+00,-1.003899967231320467e+01,8.663635017482814504e+00
4.737445013733660559e+00,-9.983257413076106701e+00,8.326994765548262123e+00
4.734590897921625796e+00,-9.847025428493855870e+00,8.069612771439292231e+00
4.673881917658330387e+00,-9.646218751129886471e+00,7.949462533220843063e+00
4.565645652089733275e+00,-9.417617676879977751e+00,7.992184999633245468e+00
4.431747122899565738e+00,-9.203783784602245888e+00,8.181965354782331445e+00
4.297609136627069226e+00,-9.036417103792924621e+00,8.465100941159597880e+00
4.183601676063938513e+00,-8.924186463287178128e+00,8.765345108050587086e+00
4.098738266203371339e+00,-8.849434478586939434e+00,9.006286439757998252e+00
4.038749427522816404e+00,-8.774998190435590928e+00,9.133729570601635928e+00
3.989045775838453434e+00,-8.658787065689846685e+00,9.131043778375833142e+00
3.931373525765677446e+00,-8.470963984626541432e+00,9.022738764993412985e+00
3.851688792990359378e+00,-8.207552044569574434e+00,8.865352335701150110e+00
3.746369213988944402e+00,-7.895407411597776814e+00,8.728824537439596298e+00
3.624479038940148001e+00,-7.586392736474084408e+00,8.674537196257118055e+00
3.505199898043422468e+00,-7.342283717972040158e+00,8.737134905773705995e+00
3.411253322344601546e+00,-7.215187980904820719e+00,8.915826011529320638e+00
3.360582288779675686e+00,-7.229937545061144277e+00,9.177589616857968480e+00
3.359228068857663452e+00,-7.374441067796101201e+00,9.470701950464869512e+00
3.397997492429728261e+00,-7.601480990725100639e+00,9.743595099485666822e+00
3.454270004629587998e+00,-7.841729084946518213e+00,9.962407429549097415e+00
3.498558649123150843e+00,-8.024060551326243740e+00,1.012121354858043709e+01
3.503799687000260121e+00,-8.096803347173459287e+00,1.024159205070272627e+01
3.454360208267557297e+00,-8.043186924611545052e+00,1.036197055282501545e+01
3.351763952898569876e+00,-7.886087414594744160e+00,1.052077667185635335e+01
3.215151814783125062e+00,-7.680605381010702892e+00,1.073958900191978572e+01
3.076186330500490396e+00,-7.496924165352135461e+00,1.101248215094058125e+01
2.969920768546425727e+00,-7.398991880905196439e+00,1.130559448454748406e+01
2.924482089627040260e+00,-7.425832703236121546e+00,1.156735808987613190e+01
2.952820038121505508e+00,-7.581319828559472285e+00,1.174604919563174654e+01
3.049115663581613234e+00,-7.835374702325630381e+00,1.180864690514833448e+01
3.190938100588807558e+00,-8.135763917472523588e+00,1.175435956396585624e+01
3.346385532240172545e+00,-8.426216291549804893e+00,1.161783176570430243e+01
3.483856619421865641e+00,-8.664621843060530182e+00,1.146044533641203955e+01
3.581294381142927641e+00,-8.835236850604879066e+00,1.135214032302961940e+01
3.631984154325313519e+00,-8.951021242472480210e+00,1.134945453080381661e+01
3.645180687222548954e+00,-9.045706369496128829e+00,1.147689766164745251e+01
3.641579537287217061e+00,-9.158740387689462636e+00,1.171783899335486723e+01
3.645348676068545402e+00,-9.318675409886697736e+00,1.201808316024585466e+01
3.675529965356254092e+00,-9.531028170601743454e+00,1.230121874662312109e+01
3.739748313660891554e+00,-9.775015369747436011e+00,1.249099910177220707e+01
3.832298502632394133e+00,-1.001040441548615867e+01,1.253372156818461036e+01
3.937122113864340633e+00,-1.019212098734151084e+01,1.241357132996616031e+01
4.034477179957043802e+00,-1.028745875900821183e+01,1.215618933585719219e+01
4.108826818795152214e+00,-1.028971383400690165e+01,1.181954908392263981e+01
4.155065231652720570e+00,-1.022318385983306577e+01,1.147531693340520675e+01
4.180797082396837006e+00,-1.013736608381878490e+01,1.118687501680824070e+01
4.203782320420157426e+00,-1.009188669658733950e+01,1.099112296431487579e+01
4.245372393029897218e+00,-1.013694041102077037e+01,1.088975717090157502e+01
4.322204985146965939e+00,-1.029570135358338057e+01,1.085245384093602183e+01
4.439093438664494684e+00,-1.055469127333158497e+01,1.083036938119693460e+01
4.585705841850401754e+00,-1.086559004529291883e+01,1.077497139624396461e+01
4.738383052991753885e+00,-1.115826183400766780e+01,1.065555987478821542e+01
4.866709685803486174e+00,-1.136107697150604778e+01,1.046946670533704804e+01
5.304725695527604756e+00,-1.127311593192273698e+01,1.030442390377452178e+01
5.309253940602709498e+00,-1.117510953163987253e+01,1.007532972096958979e+01
5.241623973814963477e+00,-1.094349329321306286e+01,9.888240627408881878e+00
5.122420324464306063e+00,-1.063377237519255836e+01,9.768190045349642858e+00
4.985439048804511941e+00,-1.031650685457444716e+01,9.712495584233700185e+00
4.867841562173335745e+00,-1.005616857609795645e+01,9.690292933988397195e+00
4.799198119569253684e+00,-9.892674783013506001e+00,9.652789965928718630e+00
4.792873168776218940e+00,-9.831356640743909026e+00,9.550881688136003689e+00
4.842452092772256300e+00,-9.844259905114689957e+00,9.354082019606300591e+00
4.924277311757482956e+00,-9.881910898635698715e+00,9.064096433997791635e+00
5.005190917158770070e+00,-9.891273856097944517e+00,8.718022039087454544e+00
5.052921742435008134e+00,-9.833705610320496504e+00,8.379580172702825180e+00
5.045751716992265656e+00,-9.696902257967742855e+00,8.120820734520808770e+00
4.978406707708227685e+00,-9.497037650221841432e+00,8.000027482271475421e+00
4.862425920914331456e+00,-9.270744542748671435e+00,8.042978588641188864e+00
4.721124593822728421e+00,-9.060100706874873566e+00,8.233774600795676690e+00
4.581050028564527032e+00,-8.896157273675166621e+00,8.518425458032016451e+00
4.462944869582592844e+00,-8.786981904085390482e+00,8.820276456626919170e+00
4.375308808467541333e+00,-8.714546838324960021e+00,9.062507246093259639e+00
4.312678070567879551e+00,-8.641643491390730958e+00,9.190632420705494354e+00
4.259063259350241992e+00,-8.526437668563509931e+00,9.187932254791292053e+00
4.195179732805761397e+00,-8.339523804689008557e+00,9.079047620059363055e+00
4.106789828099704387e+00,-8.077349176445078882e+00,8.920818897952649706e+00
3.991101679860150853e+00,-7.767014744694707318e+00,8.783560437054138248e+00
3.858861314740347659e+00,-7.460348749392760936e+00,8.728982563596423105e+00
3.731294308839553597e+00,-7.218821117646550434e+00,8.791915280401529031e+00
3.632878020922552409e+00,-7.094074971591796341e+00,8.971562696272702198e+00
3.582426720008323073e+00,-7.110496288314008595e+00,9.234727194962005115e+00
3.585629181187950820e+00,-7.255744237127114360e+00,9.529408192484428497e+00
3.631756518574660753e+00,-7.482662296634086552e+00,9.803761797400731837e+00
3.695889032816893405e+00,-7.722299934335120852e+00,1.002374515633974106e+01
3.746150548476045117e+00,-7.904118157088245056e+00,1.018340116601001277e+01
3.753714169784081012e+00,-7.977048661904158067e+00,1.030442390377452178e+01
3.702341483692212165e+00,-7.924733138168829960e+00,1.042544664153903078e+01
3.594286031125244474e+00,-7.770110677795159404e+00,1.058510265120930249e+01
3.450521660909989574e+00,-7.567944947161668878e+00,1.080508601014831171e+01
3.305080962468402106e+00,-7.387760208014256591e+00,1.107943961506461505e+01
3.195206820004018233e+00,-7.292708142230615032e+00,1.137412061258703844e+01
3.150395108488977858e+00,-7.321114196478294645e+00,1.163728511127634135e+01
3.183780763109098189e+00,-7.476461435747173034e+00,1.181693252714751274e+01
3.288566732004248649e+00,-7.728709009797213092e+00,1.187986524395262045e+01
3.440563761352928296e+00,-8.026078224597146260e+00,1.182528737049490708e+01
3.605938149688395988e+00,-8.313032086490645511e+00,1.168802890959639385e+01
3.751605326958921793e+00,-8.548254076140477054e+00,1.152980018748968050e+01
3.854904041963417516e+00,-8.716620560188445666e+00,1.142091555275775150e+01
3.909496287220703081e+00,-8.831366437469368336e+00,1.141821538684354920e+01
3.925746946643299040e+00,-8.926094592694726160e+00,1.154634056145578214e+01
3.925697796331229839e+00,-9.039791186943304524e+00,1.178857135092212616e+01
3.934535802736925270e+00,-9.200383775645226692e+00,1.209042234951702532e+01
3.971569500834232436e+00,-9.412814560435986522e+00,1.237507320675336686e+01
4.043804510212569703e+00,-9.655958538460506446e+00,1.256586921890785469e+01
4.144237410417175305e+00,-9.889567926010935039e+00,1.260882032527756813e+01
4.255308412940087770e+00,-1.006885664317809592e+01,1.248802707302823300e+01
4.356146861359693645e+00,-1.016158298140045346e+01,1.222926763484621837e+01
4.430928730176166397e+00,-1.016150112934279015e+01,1.189082576846159078e+01
4.475290720639797826e+00,-1.009318795115893153e+01,1.154475137355125192e+01
4.498437489075818974e+00,-1.000614088982962180e+01,1.125476578794274474e+01
4.520098148544096084e+00,-9.959714822072095686e+00,1.105796611941303986e+01
4.563312913815771310e+00,-1.000367393530749816e+01,1.095605784162032492e+01
4.645532069444205270e+00,-1.016077948275069787e+01,1.091855487356064636e+01
4.771166701498929186e+00,-1.041733576766795899e+01,1.089635222331534514e+01
4.928308835359409557e+00,-1.072511430853824344e+01,1.084065776219940069e+01
5.090969638497182537e+00,-1.101438584222338157e+01,1.072060718014016167e+01
5.226324054190540025e+00,-1.121413337403043009e+01,1.053351808657945377e+01
5.662558080614133793e+00,-1.111339597704635018e+01,1.036725575684631906e+01
5.664013873822887568e+00,-1.101473741680052321e+01,1.013685780857178642e+01
5.588715943963924460e+00,-1.078405439697937496e+01,9.948703998757979505e+00
5.459109132127100139e+00,-1.047649015404521222e+01,9.827970213827423862e+00
5.311394014008992137e+00,-1.016190370310389568e+01,9.771958797848803613e+00
5.184961682144081152e+00,-9.903927890333523720e+00,9.749629793244045217e+00
5.110796966859665780e+00,-9.741753207457684027e+00,9.711913397352349264e+00
5.102502149316440416e+00,-9.680316337318489062e+00,9.609425163787621571e+00
5.152746229358239560e+00,-9.691720456181286636e+00,9.411505516526393222e+00
5.236185883356997195e+00,-9.726982216621916422e+00,9.119869635006528696e+00
5.317815582823964604e+00,-9.733837790273987878e+00,8.771825745103029703e+00
5.363975802882160693e+00,-9.674462700429399931e+00,8.431457820127752356e+00
5.352446979488910017e+00,-9.537175191882150571e+00,8.171225792741138250e+00
5.278438506063621638e+00,-9.338399741606087545e+00,8.049745111115313989e+00
5.154706742811669073e+00,-9.114594883885251519e+00,8.092940650445655137e+00
5.006017259303641609e+00,-8.907320454824606770e+00,8.284822474772841616e+00
4.860036153438030304e+00,-8.746950270703919728e+00,8.571093268203165749e+00
4.737868675201066360e+00,-8.640938651516332669e+00,8.874662088281416672e+00
4.647489181408472447e+00,-8.570895687338691005e+00,9.118271403099704742e+00
4.582230113474151878e+00,-8.499592103334197901e+00,9.247125732753767480e+00
4.524697492596097881e+00,-8.385481485551053993e+00,9.244410200307608960e+00
4.454577591047549134e+00,-8.199614707947672443e+00,9.134905907646372114e+00
4.357446556643418845e+00,-7.938870352715885481e+00,8.975776712460614704e+00
4.231354127326712344e+00,-7.630578356045541355e+00,8.837737119367739425e+00
4.088739381285876995e+00,-7.326496728816123571e+00,8.782848645501289297e+00
3.952879960616887622e+00,-7.087744210935341016e+00,8.846139509781263399e+00
3.850011758134443074e+00,-6.965458967689066583e+00,9.026809291627198917e+00
3.799817118764210022e+00,-6.983559320597809261e+00,9.291471448537301114e+00
3.807624528264425656e+00,-7.129460626276907576e+00,9.587829463365066474e+00
3.861159715584444818e+00,-7.356100319162321988e+00,9.863744403240515268e+00
3.933195416767864661e+00,-7.594956889940449152e+00,1.008497967832929199e+01
3.989461576187340430e+00,-7.776131868777566680e+00,1.024554428371279258e+01
3.999368327697601977e+00,-7.849202295323868483e+00,1.036725575684631906e+01
3.946076153271274478e+00,-7.798237845890381159e+00,1.048896722997984376e+01
3.832574935146429773e+00,-7.646225586066957902e+00,1.064953183536334613e+01
3.681677432962962904e+00,-7.447551109891319854e+00,1.087076711045212107e+01
3.529789263404165212e+00,-7.271024764490237047e+00,1.114668205032756987e+01
3.416341707771115122e+00,-7.178949801754129112e+00,1.144304006515533523e+01
3.372194545897795770e+00,-7.208918997530119555e+00,1.170770222206543920e+01
3.410660973496290715e+00,-7.364018584072378637e+00,1.188837200391137472e+01
3.523959654057421620e+00,-7.614266373197543736e+00,1.195166286819134882e+01
3.686140013680969663e+00,-7.908378822371593841e+00,1.189677439432490047e+01
3.861438207838973291e+00,-8.191599229593460763e+00,1.175873480123202341e+01
4.015292632846167109e+00,-8.423441573731373921e+00,1.159960560604626778e+01
4.124446570594576755e+00,-8.589419516494439577e+00,1.149010131338502916e+01
4.182947173541910146e+00,-8.703036922778631279e+00,1.148738578093887064e+01
4.202274667051240975e+00,-8.797743812888002779e+00,1.161624011059293338e+01
4.205816881846403454e+00,-8.912032580679685623e+00,1.185984942541122322e+01
4.219773841352918886e+00,-9.073180213063430699e+00,1.216341824548947059e+01
4.263710504556441627e+00,-9.285544637699924664e+00,1.244968903891979650e+01
4.344001554588865943e+00,-9.527669809321942296e+00,1.264157086324698298e+01
4.452335782229048355e+00,-9.759320103296472482e+00,1.268476640257732413e+01
4.569647410342853711e+00,-9.936031494215342263e+00,1.256328572095149987e+01
4.673938865506136686e+00,-1.002605408111367957e+01,1.230305369356488754e+01
4.749106618825731374e+00,-1.002360948078670155e+01,1.196268576858961019e+01
4.791541076730766235e+00,-9.953540061583511900e+00,1.161464187868610942e+01
4.812058311359574070e+00,-9.865309620736878671e+00,1.132300599716624667e+01
4.832364914657270916e+00,-9.817958133233384288e+00,1.112508634990501655e+01
4.877192815258722725e+00,-9.860780467805920324e+00,1.102259811634028885e+01
4.964801963877994773e+00,-1.001610486974361613e+01,1.098488172044859290e+01
5.099193720463773616e+00,-1.027002515305537145e+01,1.096255271584383451e+01
5.266874737504937620e+00,-1.057443847037336049e+01,1.090654129986521603e+01
5.439518464306408951e+00,-1.086007430986530586e+01,1.078580751493466039e+01
5.581885934956202888e+00,-1.105658369176762257e+01,1.059765370512085170e+01
6.016014378825055076e+00,-1.094308953062855316e+01,1.043008760991811457e+01
6.014360619345613834e+00,-1.084384013780781153e+01,1.019830294553410610e+01
5.931357325459140739e+00,-1.061426259990296650e+01,1.000901667807003470e+01
5.791315803134589046e+00,-1.030909542232861753e+01,9.887556222239085812e+00
5.632844073166515031e+00,-9.997439476571525319e+00,9.831207685494270265e+00
5.497561546646307917e+00,-9.742034262199748440e+00,9.808744287373311721e+00
5.417862576059611968e+00,-9.581307580746601715e+00,9.770800884539211140e+00
5.407580557752349470e+00,-9.519793547727735117e+00,9.667695796156198895e+00
5.458462472586579572e+00,-9.529672940865447472e+00,9.468584912752049831e+00
5.543477176887591895e+00,-9.562492752522212314e+00,9.175193737063839450e+00
5.625774301193718685e+00,-9.566806701939102098e+00,8.825055045220702610e+00
5.670313193617570136e+00,-9.505645066097997642e+00,8.482638518301495623e+00
5.654382444014645515e+00,-9.367963712819726396e+00,8.220840209846489444e+00
5.573684000681057960e+00,-9.170429203510432004e+00,8.098628361908366102e+00
5.442196752147059335e+00,-8.949298311625064173e+00,8.142083885976834523e+00
5.286136315879102376e+00,-8.745577794973124597e+00,8.335120606078497474e+00
5.134281379340020379e+00,-8.588934961963522241e+00,8.623114402356266694e+00
5.008089298790047827e+00,-8.486198376187493508e+00,8.928510338414891834e+00
4.914997350722707381e+00,-8.418624583513125259e+00,9.173585885740051182e+00
4.847124717628165769e+00,-8.348989408615627994e+00,9.303215762121181953e+00
4.785668505650658489e+00,-8.236066649065614698e+00,9.300483885464421618e+00
4.709288020006417774e+00,-8.051389220841247862e+00,9.190320509821640726e+00
4.603381118337021682e+00,-7.792274259530347358e+00,9.030233549950455796e+00
4.466850389395871090e+00,-7.486264255456159589e+00,8.891363125988984706e+00
4.313839148156026759e+00,-7.185009974201967964e+00,8.836144290105401922e+00
4.169684925429686828e+00,-6.949232107254897706e+00,8.899816088598276664e+00
4.062384455024960594e+00,-6.829522174811105018e+00,9.081573283326392243e+00
4.012484589704735427e+00,-6.849308625950230045e+00,9.347828385309595589e+00
4.024945568748441893e+00,-6.995768940982834749e+00,9.645970115818910173e+00
4.085938169645380036e+00,-7.221968521786232387e+00,9.923545728868040428e+00
4.165919502286964615e+00,-7.459867833897768641e+00,1.014611257189067928e+01
4.228221480245777819e+00,-7.640265329144325435e+00,1.030764358138743120e+01
4.240491952442984491e+00,-7.713426226643486316e+00,1.043008760991811457e+01
4.185295011419960076e+00,-7.663864355083526370e+00,1.055253163844879793e+01
4.066363437663198077e+00,-7.514599243578689247e+00,1.071406264794554986e+01
3.908354546117196904e+00,-7.319595944974100377e+00,1.093662949096818870e+01
3.750049393164077483e+00,-7.146894392380340300e+00,1.121420510401731718e+01
3.633065785667516145e+00,-7.057895878599110162e+00,1.151234683452663354e+01
3.589621847519751441e+00,-7.089425617669878221e+00,1.177860193650983689e+01
3.633201819285303280e+00,-7.244166190680601858e+00,1.196035913123795069e+01
3.755033961417870714e+00,-7.492215725280719774e+00,1.202403092973082721e+01
3.927403840768519228e+00,-7.782827505173378846e+00,1.196881209384724443e+01
4.112619809786660419e+00,-8.062072572022120909e+00,1.182994166988577334e+01
4.274650051849159027e+00,-8.290333465855313833e+00,1.166985471001458841e+01
4.389651650887194556e+00,-8.453778757318577419e+00,1.155969133437180929e+01
4.452065605104563062e+00,-8.566174993616625599e+00,1.155695945771504718e+01
4.474492552409905066e+00,-8.660794145698826441e+00,1.168658933409617617e+01
4.481665832425683504e+00,-8.775602125844748969e+00,1.193166488142133908e+01
4.500792102694294528e+00,-8.937198638913743665e+00,1.223706081747996066e+01
4.551682076986575787e+00,-9.149347429626990547e+00,1.252505461375773166e+01
4.640067634805024710e+00,-9.390272525543128523e+00,1.271809133385939461e+01
4.756320231052429293e+00,-9.619778738397592122e+00,1.276154685792786303e+01
4.879863745261374675e+00,-9.793758970669630415e+00,1.263933500998973969e+01
4.987575834153780363e+00,-9.880983105689026047e+00,1.237753670153473529e+01
5.063081443243195423e+00,-9.876149718353049778e+00,1.203512017461552830e+01
5.103536059634252275e+00,-9.804352428423122490e+00,1.168498148277238968e+01
5.121378532674428108e+00,-9.714986405011622139e+00,1.139159030708418108e+01
5.140300978509263707e+00,-9.666731739852748362e+00,1.119247942368003201e+01
5.186729613481849910e+00,-9.708374002198825181e+00,1.108937433529701799e+01
5.279730795033413138e+00,-9.861787731289583192e+00,1.105143093246291741e+01
5.422888547244349766e+00,-1.011286350370081344e+01,1.102896753434195887e+01
5.601114966232237258e+00,-1.041365921726664467e+01,1.097261899759714332e+01
5.783738136133749208e+00,-1.069541693598752552e+01,1.085115854176619443e+01
5.933101473518918922e+00,-1.088851273125924912e+01,1.066187227430212303e+01
6.364798678889014738e+00,-1.076228681366374929e+01,1.049291946298991007e+01
6.359998017107983515e+00,-1.066251025933670249e+01,1.025966650037792682e+01
6.269253248635023645e+00,-1.043421611748368605e+01,1.006918115146540949e+01
6.118747883202170001e+00,-1.013169399307009932e+01,9.946951273841436958e+00
5.949499602881466842e+00,-9.823227791881310011e+00,9.890245783124402834e+00
5.805353979795917496e+00,-9.570607719652233669e+00,9.867640084960672908e+00
5.720109183439603839e+00,-9.411461949558622919e+00,9.829456320102222477e+00
5.707822694304110378e+00,-9.349913798085564665e+00,9.725698086615885529e+00
5.759313952251631008e+00,-9.358242504938864670e+00,9.525325885263676184e+00
5.845862413866711016e+00,-9.388566632193466432e+00,9.230076149413553921e+00
5.928776366900483374e+00,-9.390304376676523290e+00,8.877719416000907415e+00
5.971641982349601641e+00,-9.327377805092869067e+00,8.533133765507278312e+00
5.951266154504569528e+00,-9.189396209299999896e+00,8.269677029850399208e+00
5.863852564482968432e+00,-8.993259313478837669e+00,8.146691000237048286e+00
5.724607779290850296e+00,-8.774993695859803822e+00,8.190421804247591808e+00
5.561196680932426695e+00,-8.575016850518920819e+00,8.384681363982812385e+00
5.403503748058058775e+00,-8.422259602345260276e+00,8.674499529365698791e+00
5.273327458072816221e+00,-8.322912119935340414e+00,8.981830072758837602e+00
5.177556031991015217e+00,-8.257886431022068763e+00,9.228458112751336984e+00
5.107085996179524301e+00,-8.189990149203300263e+00,9.358909162173784324e+00
5.041701532516633222e+00,-8.078350740370265015e+00,9.356159979757538991e+00
4.959037518194346461e+00,-7.895009498151093652e+00,9.245298746516310118e+00
4.844321756189551742e+00,-7.637729464972728977e+00,9.084197675551427764e+00
4.697321039279509947e+00,-7.334248618220946980e+00,8.944447541976888516e+00
4.533893920929773280e+00,-7.036072203766243760e+00,8.888878908495200903e+00
4.381445222344068746e+00,-6.803474499062367897e+00,8.952954052002931817e+00
4.269734312188607106e+00,-6.686457417575434548e+00,9.135862633375413822e+00
4.220168566720612802e+00,-6.707936707386011221e+00,9.403804395239545144e+00
4.237331867525419682e+00,-6.854858196684179283e+00,9.703834779494593832e+00
4.305830664149848275e+00,-7.080450412542076855e+00,9.983168765048013427e+00
4.393798877712167261e+00,-7.317210436071541757e+00,1.020714551369182210e+01
4.462166903841318977e+00,-7.496691776213714853e+00,1.036969978197766373e+01
4.476821610170053312e+00,-7.569891934220319030e+00,1.049291946298991007e+01
4.419735781345349501e+00,-7.521785472105859682e+00,1.061613914400215641e+01
4.295391631814339028e+00,-7.375408319061280693e+00,1.077869341228799627e+01
4.130296251715938283e+00,-7.184261174669367200e+00,1.100267016093180672e+01
3.965607832939129995e+00,-7.015555342774124625e+00,1.128200414648522631e+01
3.845128033647580601e+00,-6.929735060353382714e+00,1.158203453074027323e+01
3.802427108515177068e+00,-6.962822127424997731e+00,1.184997629260440632e+01
3.851152817296773279e+00,-7.117088553166999176e+00,1.203288487397688833e+01
3.981537019035962466e+00,-7.362735164930362508e+00,1.209696001748461924e+01
4.164099388141304203e+00,-7.649595023634583768e+00,1.204139138400293341e+01
4.359223545948260892e+00,-7.924615746776261460e+00,1.190164125042839238e+01
4.529415017841181168e+00,-8.149087536584072922e+00,1.174054017946351003e+01
4.650254480509623534e+00,-8.309851881587393407e+00,1.162967894622228293e+01
4.716585634627393553e+00,-8.420931419246128868e+00,1.162692976380603582e+01
4.742134401269055388e+00,-8.515394065594705353e+00,1.175738081322848316e+01
4.752978610449340557e+00,-8.630645570572479386e+00,1.200400885322098432e+01
4.777324566949372908e+00,-8.792580937733607271e+00,1.231133939661411958e+01
4.835217614156968047e+00,-9.004359673760452765e+00,1.260115756199700776e+01
4.931734762560116003e+00,-9.243897490823485441e+00,1.279541712173222834e+01
5.055920694437768148e+00,-9.471068889466661034e+00,1.283914792574277186e+01
5.185684948289594587e+00,-9.642159672517957247e+00,1.271616189612942094e+01
5.296783012478788244e+00,-9.726488287301613411e+00,1.245270516047254183e+01
5.372576655245046240e+00,-9.719239969198410378e+00,1.210811950997891451e+01
5.410997959654652689e+00,-9.645744753496710899e+00,1.175576277656626623e+01
5.426119763745860247e+00,-9.555292998717062503e+00,1.146051304071614574e+01
5.443627364994523710e+00,-9.506158480286694967e+00,1.126014083936393462e+01
5.491643359991882356e+00,-9.546576260896729949e+00,1.115638260587759767e+01
5.590036867582930391e+00,-9.697945904843088272e+00,1.111819884101914724e+01
5.741966840863289789e+00,-9.945962325200238041e+00,1.109559314285541731e+01
5.930741852652884560e+00,-1.024288044959010513e+01,1.103888765213838319e+01
6.123337498368273124e+00,-1.052051045163465837e+01,1.091665777451441244e+01
6.279676554271594213e+00,-1.071001224004013608e+01,1.072617242560189332e+01
6.708614687533154708e+00,-1.057108523723463378e+01,1.055575131606170558e+01
6.700629679000567052e+00,-1.047084767815100648e+01,1.032094992213633056e+01
6.602109087196449622e+00,-1.024402070487801630e+01,1.012920005132580492e+01
6.441113831311074733e+00,-9.944399449500766153e+00,1.000615876034259522e+01
6.261072599665159721e+00,-9.639390247995404337e+00,9.949076834717793361e+00
6.108054012598126192e+00,-9.389776438055807972e+00,9.926321070417685632e+00
6.017253593634363185e+00,-9.232348620334839495e+00,9.887883825661239356e+00
6.002945536456215869e+00,-9.170810948144671571e+00,9.783436801361903079e+00
6.055016386233338821e+00,-9.177562691118836824e+00,9.581734445025025693e+00
6.143055229986515542e+00,-9.205336460457798964e+00,9.284524717193916032e+00
6.226533362324284226e+00,-9.204463198414680747e+00,8.929828891521131240e+00
6.267672553066706342e+00,-9.139794770596324724e+00,8.582955736485674336e+00
6.242808704601687353e+00,-9.001610001422974960e+00,8.317750064160868817e+00
6.148656539232956852e+00,-8.807032445062214165e+00,8.193947601533203340e+00
6.001655152575855467e+00,-8.591829123724449957e+00,8.237968709021703972e+00
5.830917308129441423e+00,-8.395791020265811255e+00,8.433517845454474582e+00
5.667425797973979940e+00,-8.247081718575351772e+00,8.725259945768105041e+00
5.533308707997742104e+00,-8.151240153348629391e+00,9.034630678626031752e+00
5.434893016758979734e+00,-8.088843319046922886e+00,9.282895939323502432e+00
5.361843343405896967e+00,-8.022758249838270572e+00,9.414212977702868912e+00
5.292527350241624795e+00,-7.912500594098283102e+00,9.411445545056949413e+00
5.203558520381859509e+00,-7.730647100326141441e+00,9.299848368301566026e+00
5.080003199339086173e+00,-7.475414158402497122e+00,9.137677840639931048e+00
4.922503802388476402e+00,-7.174717478044683183e+00,8.996999986875026778e+00
4.748644840192053351e+00,-6.879877199180691960e+00,8.941062465422264793e+00
4.587905275363787005e+00,-6.650671265494189299e+00,9.005562966693970495e+00
4.471808274195707256e+00,-6.536467717758760898e+00,9.189685772193397995e+00
4.422617270129426181e+00,-6.559646160072735377e+00,9.459406244216619797e+00
4.444531534127604822e+00,-6.706927306726423232e+00,9.761428356408353935e+00
4.520584092929669673e+00,-6.931739161114690795e+00,1.004261667849530326e+01
4.616578762097672595e+00,-7.167171803674627917e+00,1.026808027904096221e+01
4.691041754702596656e+00,-7.345593717797455291e+00,1.043171365095884440e+01
4.708101001987691880e+00,-7.418780078398360622e+00,1.055575131606170558e+01
4.649143477268140145e+00,-7.372183173191219296e+00,1.067978898116456676e+01
4.519407302856177644e+00,-7.228838686879805131e+00,1.084342235308244895e+01
4.347254021066760288e+00,-7.041737769563606975e+00,1.106888595362810790e+01
4.176219778109659053e+00,-6.877203124853369154e+00,1.135007427571505723e+01
4.052286452099501446e+00,-6.794665243669835597e+00,1.165209638790678959e+01
4.010369459597077579e+00,-6.829305694138945171e+00,1.192181685993001317e+01
4.064272220165513261e+00,-6.982978907155011683e+00,1.210593966542944067e+01
4.203224371511735669e+00,-7.226011553880793414e+00,1.217044016670114637e+01
4.395978286228266363e+00,-7.508860731249342280e+00,1.211450264524838438e+01
4.600996795547187546e+00,-7.779400865896058725e+00,1.197382479148348011e+01
4.779331169017501324e+00,-7.999869964048003546e+00,1.181165426382184513e+01
4.905996044418930779e+00,-8.157800819878302079e+00,1.170005708706646175e+01
4.976246839610343642e+00,-8.267465232212483528e+00,1.169728965442054225e+01
5.004939359825086420e+00,-8.361700206786848000e+00,1.182860669279990695e+01
5.019494340194982307e+00,-8.477316666511708121e+00,1.207687195349738118e+01
5.049110101605954526e+00,-8.639476791464947070e+00,1.238624268635530434e+01
5.114055001357915131e+00,-8.850725673825031947e+00,1.267798478666893480e+01
5.218738942229682820e+00,-9.088682859170262418e+00,1.287353392310170719e+01
5.350870582886683380e+00,-9.313322808269269615e+00,1.291755503059020782e+01
5.486841577414616644e+00,-9.481361328644901221e+00,1.279375256796254234e+01
5.601288383016417960e+00,-9.562695024488176543e+00,1.252854689563773682e+01
5.677318341436780713e+00,-9.553005649171000258e+00,1.218167374060228170e+01
5.713651752605237277e+00,-9.477844193636519421e+00,1.182697791492949513e+01
5.726006411281829855e+00,-9.386358770307580812e+00,1.152976818709838724e+01
5.742067941116802743e+00,-9.336368904443975936e+00,1.132806583076150986e+01
5.791656817211268127e+00,-9.375516688116688258e+00,1.122361880646217180e+01
5.895440827435686870e+00,-9.524704868272216629e+00,1.118518156170572553e+01
6.056146009740452030e+00,-9.769440616541537281e+00,1.116242579740561780e+01
6.255468758450863476e+00,-1.006221339523184533e+01,1.110534387178081595e+01
6.458025729813814841e+00,-1.033545878392798478e+01,1.098230258079760802e+01
6.621316883677273779e+00,-1.052118110860533662e+01,1.079055270998708060e+01
7.047165832791320028e+00,-1.036958962612564505e+01,1.061858316913350109e+01
7.035959104899906613e+00,-1.026895983650708111e+01,1.038215473892408092e+01
6.929630595710683849e+00,-1.004378983640233258e+01,1.018907615369642983e+01
6.758123182733491774e+00,-9.747333275637718231e+00,1.006518225855479187e+01
6.567276867480924096e+00,-9.446056504548051791e+00,1.000770478858247969e+01
6.405379090041757095e+00,-9.199676775506809179e+00,9.984791340149547167e+00
6.309015399586720640e+00,-9.044108168063734965e+00,9.946087747775516519e+00
6.292668965855578556e+00,-8.982627192550937778e+00,9.840916966706874547e+00
6.345288311236238599e+00,-8.987775447926303229e+00,9.637816931051101932e+00
6.434771910151574126e+00,-9.012943344307725368e+00,9.338547713695385610e+00
6.518759400357874156e+00,-9.009424183755827542e+00,8.981394053473488626e+00
6.558117861231750112e+00,-8.943038605160596788e+00,8.632117270419609412e+00
6.528723509129456204e+00,-8.804751358888914581e+00,8.365073877950159442e+00
6.427811524538017629e+00,-8.611900055464031922e+00,8.240413536689912277e+00
6.273058002779308140e+00,-8.399961847895786704e+00,8.284739684697763451e+00
6.095021502644220490e+00,-8.208062886136048064e+00,8.481643862235575426e+00
5.925774884342319027e+00,-8.063567981229846637e+00,8.775407564614075895e+00
5.787763761652257699e+00,-7.971351821046941843e+00,9.086922055646374119e+00
5.686741492852818602e+00,-7.911666348159073436e+00,9.336907649347283566e+00
5.611131757238158713e+00,-7.847466628588575688e+00,9.469134637972619117e+00
5.537882609921068955e+00,-7.738692089453287792e+00,9.466348028637613155e+00
5.442589744895566461e+00,-7.558482756164468519e+00,9.353977548739763392e+00
5.310167033339599385e+00,-7.305515873286077877e+00,9.190683274202962494e+00
5.142143952615677804e+00,-7.007866401324365668e+00,9.049030605218222334e+00
4.957841301535717449e+00,-6.716628429643111353e+00,8.992705469469301605e+00
4.788818349538688679e+00,-6.491032053969017390e+00,9.057652921477345132e+00
4.668362470443458534e+00,-6.379765849907912845e+00,9.243051590293680064e+00
4.619588139931568804e+00,-6.404649222453206114e+00,9.514641067381969464e+00
4.646301638222141150e+00,-6.552184649851440668e+00,9.818756016106336304e+00
4.729953852506883827e+00,-6.776037197029126879e+00,1.010189280874977058e+01
4.834012374620087371e+00,-7.009948113805921643e+00,1.032891874013463962e+01
4.914597557346612078e+00,-7.187162590290424369e+00,1.049368599558251525e+01
4.934081307946853734e+00,-7.260280169266346562e+00,1.061858316913350109e+01
4.873270749284298375e+00,-7.215248260047432360e+00,1.074348034268448693e+01
4.738166280434226607e+00,-7.075085052152195964e+00,1.090824759813236255e+01
4.558987907128550177e+00,-6.892225533528535841e+00,1.113527352951723159e+01
4.381649506421201323e+00,-6.732042052896986206e+00,1.141841032216066587e+01
4.254308429799708691e+00,-6.652893057114477315e+00,1.172252527088503271e+01
4.213217426515312169e+00,-6.689082102351851411e+00,1.199411474797332211e+01
4.272327360115200534e+00,-6.842038967920511361e+00,1.217951341678965527e+01
4.419860066921235564e+00,-7.082240099145077572e+00,1.224446086879770057e+01
4.622799953800843298e+00,-7.360812218456044498e+00,1.218813573304878162e+01
4.837694012435703073e+00,-7.626608206722386818e+00,1.204648306406403968e+01
5.024148620387646424e+00,-7.842855050728331889e+00,1.188318878952724056e+01
5.156623377705634503e+00,-7.997795596108518090e+00,1.177081830962938902e+01
5.230794576866319545e+00,-8.105943509457972596e+00,1.176803170029438306e+01
5.262652166421834643e+00,-8.199877156786081756e+00,1.190025868891971683e+01
5.280957538149110952e+00,-8.315776974875502603e+00,1.215024428262062806e+01
5.315892672700291754e+00,-8.478043504261391305e+00,1.246175877365292450e+01
5.387936801956954014e+00,-8.688597152508412691e+00,1.275552247603142497e+01
5.500820337293754747e+00,-8.924774023422315850e+00,1.295242665356923872e+01
5.640906928178209156e+00,-9.146679866919813051e+00,1.299675280157708990e+01
5.783067356187318708e+00,-9.311498757145191263e+00,1.287209246031684273e+01
5.900822803349853096e+00,-9.389735865223583389e+00,1.260504906784739276e+01
5.977035369133337994e+00,-9.377579455207383674e+00,1.225577228479351533e+01
6.011225259127861875e+00,-9.300785351108789456e+00,1.189861862457161656e+01
6.020765850696466082e+00,-9.208320684367230058e+00,1.159934940721590202e+01
6.035349596885919432e+00,-9.157501255122296513e+00,1.139624937156012763e+01
6.086495638641923556e+00,-9.195332441442909399e+00,1.129107859049148566e+01
6.195665831341067964e+00,-9.342197758948174169e+00,1.125237499811745501e+01
6.365145363102697296e+00,-9.583424933072560492e+00,1.122946154968452248e+01
6.575010206172338556e+00,-9.871776726004483749e+00,1.117198407971221030e+01
6.787512455774241005e+00,-1.014037322456811197e+01,1.104809018457057412e+01
6.957728092316181723e+00,-1.032212557775837425e+01,1.085501159934292126e+01
7.380155388037412223e+00,-1.015791244636260160e+01,1.068141502220529837e+01
7.365689818749725504e+00,-1.005696193857587595e+01,1.044328255642955661e+01
7.251524064850222828e+00,-9.833644886481970104e+00,1.024881237554637536e+01
7.069486726479222050e+00,-9.540624986419681264e+00,1.012402552686448765e+01
6.867828216167481514e+00,-9.243364358183271179e+00,1.006613379345943926e+01
6.697049286117989553e+00,-9.000453304415728439e+00,1.004305519851243389e+01
6.595117208607431003e+00,-8.846889440369114510e+00,1.000407265365417153e+01
6.576716000820569619e+00,-8.785513056900089879e+00,9.898143864120473978e+00
6.629851319676298260e+00,-8.789031133098637483e+00,9.693580004152318352e+00
6.720731630670098156e+00,-8.811536910403608758e+00,9.392153832195889507e+00
6.805171375116074728e+00,-8.805337010088667427e+00,9.032426020721874949e+00
6.842693696925467250e+00,-8.737260767583077126e+00,8.680631858263636147e+00
6.808727082448783996e+00,-8.598975510770642927e+00,8.411663775780738206e+00
6.701036671672223832e+00,-8.408022663647226835e+00,8.286104956892273776e+00
6.538539569735922541e+00,-8.199558224180867327e+00,8.330750581422710965e+00
6.353237235714010112e+00,-8.012004109126898754e+00,8.529073927211079820e+00
6.178283496448553791e+00,-7.871894064754363818e+00,8.824954903711407894e+00
6.036428806203971931e+00,-7.783425374853504941e+00,9.138714605997165563e+00
5.932840358410350845e+00,-7.726535444591100976e+00,9.390501947238998781e+00
5.854692154408413174e+00,-7.664296995099733500e+00,9.523681949388324242e+00
5.777510159002881451e+00,-7.557109928469603943e+00,9.520875255829892581e+00
5.675876530280040910e+00,-7.378706111354135899e+00,9.407694876318103638e+00
5.534562057105581800e+00,-7.128231194194448506e+00,9.243223673730218692e+00
5.355994691974418132e+00,-6.833900143673300676e+00,9.100550056521102604e+00
5.161241355495335803e+00,-6.546538656420146651e+00,9.043818962679456064e+00
4.983946964099811971e+00,-6.324775841040588986e+00,9.109234517309785062e+00
4.859162631242771369e+00,-6.216573875807222649e+00,9.295969429509927551e+00
4.810848243971789451e+00,-6.243167306739863420e+00,9.569516362086913475e+00
4.842408601095749887e+00,-6.390847618332673008e+00,9.875823190562870835e+00
4.933704212412666656e+00,-6.613555790175149163e+00,1.016100066488055020e+01
5.045861284377961553e+00,-6.845744229990540219e+00,1.038966286421007545e+01
5.132593787500295157e+00,-7.021598402724952948e+00,1.055561766407974389e+01
5.154521513796412435e+00,-7.094590220269072489e+00,1.068141502220529837e+01
5.091878210158353291e+00,-7.051180001216165394e+00,1.080721238033085285e+01
4.951432770691075902e+00,-6.914350561040398802e+00,1.097316718020052129e+01
4.765266883272854415e+00,-6.735932673098860235e+00,1.120182937953004654e+01
4.581670720618663317e+00,-6.580284777161255150e+00,1.148700685384772413e+01
4.450971084649670395e+00,-6.504633367845145564e+00,1.179331368232368149e+01
4.410749262130989834e+00,-6.542365258593097366e+00,1.206686061490066919e+01
4.475094966757558801e+00,-6.694478457570205876e+00,1.225359552710081168e+01
4.631216957447665372e+00,-6.931623922482219591e+00,1.231901108173114068e+01
4.844331881748782820e+00,-7.205644935300957066e+00,1.226227998788949414e+01
5.069076994828633609e+00,-7.466425888089873730e+00,1.211960637068037805e+01
5.263624223199792951e+00,-7.678224944716260048e+00,1.195513516809249310e+01
5.401889817524035742e+00,-7.830014080937880649e+00,1.184195478858070416e+01
5.479980227465105713e+00,-7.936541145774883788e+00,1.183914809502227250e+01
5.515023387301497770e+00,-8.030097243024069797e+00,1.197232809717159796e+01
5.537118335399982882e+00,-8.146195666570982041e+00,1.222411543841343295e+01
5.577421549400920497e+00,-8.308445822744573661e+00,1.253787514069918707e+01
5.656610441437351255e+00,-8.518133101316930578e+00,1.283375611719951692e+01
5.777723434407286085e+00,-8.752323502489803175e+00,1.303207946298788578e+01
5.925770531942588626e+00,-8.971286484683352214e+00,1.307672508751832297e+01
6.074099314443250464e+00,-9.132713826480319597e+00,1.295116626862985854e+01
6.195120147927586807e+00,-9.207750490941400301e+00,1.268219818614696237e+01
6.271459537074924206e+00,-9.193101358125471023e+00,1.233040402368872357e+01
6.303449308704315079e+00,-9.114710263496576204e+00,1.197067621221470723e+01
6.310128603095299660e+00,-9.021323283864138176e+00,1.166925004025828017e+01
6.323202430329800450e+00,-8.969701447288120022e+00,1.146468618029012454e+01
6.375888553851481788e+00,-9.006168381406716605e+00,1.135875739075642521e+01
6.490437723197768349e+00,-9.150565391654922109e+00,1.131977484589816285e+01
6.668686272097048118e+00,-9.388049449660103463e+00,1.129669625095115748e+01
6.889082022872614175e+00,-9.671696675842083479e+00,1.123880451754610910e+01
7.111507877063586669e+00,-9.935372601518146496e+00,1.111401766886422138e+01
7.288615856526746484e+00,-1.011295944993274887e+01,1.091954748798104013e+01
7.707286617287193664e+00,-9.936174035147651296e+00,1.074424687527709388e+01
7.689525525174386367e+00,-9.834977168397109892e+00,1.050433505633012743e+01
7.567496494766784210e+00,-9.613715310711425488e+00,1.030841177188991509e+01
7.374916697419815037e+00,-9.324412256280881550e+00,1.018269250152328986e+01
7.162444670876427111e+00,-9.031459815734649510e+00,1.012436819442827307e+01
6.982787526803294398e+00,-8.792258838663338238e+00,1.010111715356561746e+01
6.875284874527780588e+00,-8.640849556333606074e+00,1.006184332664890135e+01
6.854813034404949157e+00,-8.579627388062238680e+00,9.955123025017234895e+00
6.908430302643162157e+00,-8.581488510987503204e+00,9.749030640361079136e+00
7.000656708508897097e+00,-8.601275316227473766e+00,9.445352177381613146e+00
7.085489220465923665e+00,-8.592360036797050071e+00,9.082936438328973239e+00
7.121118955758785951e+00,-8.522621552014472357e+00,8.728513629429984988e+00
7.082539323442411217e+00,-8.384446646420466109e+00,8.457535786501507502e+00
6.968054981879977738e+00,-8.195569818420496588e+00,8.331038777678141827e+00
6.797827510663258188e+00,-7.990793638090870843e+00,8.376017999449636875e+00
6.605297458049110837e+00,-7.807795313590793818e+00,8.575823240086350552e+00
6.424689571144316602e+00,-7.672244495530131658e+00,8.873915073271533061e+00
6.279045813358996142e+00,-7.587647795025866948e+00,9.190019224137394360e+00
6.172934529116957059e+00,-7.533639162646780463e+00,9.443687949350344724e+00
6.092271677698208876e+00,-7.473439636863426827e+00,9.577863087792389152e+00
6.011159354329326909e+00,-7.367947401741843372e+00,9.575035422296899412e+00
5.903171160680662055e+00,-7.191515463410020459e+00,9.461009345972840379e+00
5.752944625759781161e+00,-6.943765448681780583e+00,9.295309195643845612e+00
5.563817512711031199e+00,-6.653032289620386841e+00,9.151569504758448659e+00
5.358612086415689646e+00,-6.369829519021176445e+00,9.094414509659133117e+00
5.173063281543720748e+00,-6.152130473850620618e+00,9.160318856836919821e+00
5.043984478037782715e+00,-6.047122659270421252e+00,9.348449073776881946e+00
4.996174659937249629e+00,-6.075430510270996010e+00,9.624039980493950708e+00
5.032628562150661011e+00,-6.223142148173026911e+00,9.932635568819771166e+00
5.131608662699932211e+00,-6.444514614945713760e+00,1.021994392202301505e+01
5.251895739819993913e+00,-6.674773303850358275e+00,1.045031471160373115e+01
5.344798188011731455e+00,-6.849109367093305423e+00,1.061750954482402243e+01
5.369188719868787985e+00,-6.921916388642836537e+00,1.074424687527709388e+01
5.304734743399404984e+00,-6.880185760221158908e+00,1.087098420573016533e+01
5.158979667522972434e+00,-6.746846397378362781e+00,1.103817903895045660e+01
4.965869158382756332e+00,-6.573075352616066347e+00,1.126854982853117271e+01
4.776066864766390196e+00,-6.422151800154117574e+00,1.155585818173441481e+01
4.642061576419925117e+00,-6.350108773749985502e+00,1.186445377006023705e+01
4.602753250344234104e+00,-6.389376682227570825e+00,1.214004467677730581e+01
4.672361458254266964e+00,-6.540514619321431411e+00,1.232817489371726793e+01
4.837076976253064764e+00,-6.774373618267325980e+00,1.239407924089505464e+01
5.060349896729428032e+00,-7.043561803814307964e+00,1.233692424579573910e+01
5.294915138574117996e+00,-7.299049537348259342e+00,1.219318455491034214e+01
5.497521810990620317e+00,-7.506169352635184033e+00,1.202748440458134738e+01
5.641555243850485013e+00,-7.654641737439995985e+00,1.191345832825728834e+01
5.723561431872787431e+00,-7.759440620064271599e+00,1.191063066276179860e+01
5.761809643436747841e+00,-7.852540312951531654e+00,1.204480580120384303e+01
5.787732692009647906e+00,-7.968749316766388979e+00,1.229847452641679340e+01
5.833451501915223325e+00,-8.130855751983670388e+00,1.261457867728265292e+01
5.919828386750554117e+00,-8.339499627655287739e+00,1.291267051046783720e+01
6.049197205315625325e+00,-8.571490827299843573e+00,1.311247575110455088e+01
6.205206114773895720e+00,-8.787296054662091294e+00,1.315745497287604593e+01
6.359677931916752236e+00,-8.945155417155731925e+00,1.303095796405267848e+01
6.483917454358023136e+00,-9.016885701061095659e+00,1.275998012112420454e+01
6.560325731250747694e+00,-8.999718595332584670e+00,1.240555731222521629e+01
6.590057908610317483e+00,-8.919768392570361470e+00,1.204314157317257461e+01
6.593828516710719789e+00,-8.825518670474913563e+00,1.173946311019310862e+01
6.605359936772766893e+00,-8.773123044863380571e+00,1.153337072553695464e+01
6.659567558437993640e+00,-8.808177058603066101e+00,1.142665042390528640e+01
6.779485217276821629e+00,-8.949956274712087989e+00,1.138737659698857030e+01
6.966492340905701575e+00,-9.183456023235372356e+00,1.136412555612591646e+01
7.197401497523554070e+00,-9.462107159740286377e+00,1.130580124903089789e+01
7.429722916435610891e+00,-9.720583452586904372e+00,1.118008197866427267e+01
7.613686040187100268e+00,-9.893804303030302449e+00,1.098415869422406033e+01
8.028262942207332387e+00,-9.704502831617153547e+00,1.080707872834888938e+01
8.007170287006635689e+00,-9.603136907841602010e+00,1.056531399463255028e+01
7.877255786885028144e+00,-9.384138825659661620e+00,1.036787753277158330e+01
7.674126983268754643e+00,-9.098841045024377294e+00,1.024118729276336381e+01
7.450846692597447252e+00,-8.810497163349511496e+00,1.018241252861915136e+01
7.262319820996784969e+00,-8.575254455633141148e+00,1.015898191262257200e+01
7.149247735880140731e+00,-8.426153899483740162e+00,1.011940476153340285e+01
7.126690077921056243e+00,-8.365137338235689057e+00,1.001186022529773290e+01
7.180753698823574283e+00,-8.365314743368925221e+00,9.804176124047287999e+00
7.274272857476169918e+00,-8.382325254255349023e+00,9.498152256361771961e+00
7.359436176204887659e+00,-8.370660318877087391e+00,9.132937466064008802e+00
7.393115917324524666e+00,-8.299290098615625055e+00,8.775777337844555603e+00
7.349883806824909271e+00,-8.161337906902563333e+00,8.502706647429286946e+00
7.228593608781110902e+00,-7.974720056036216143e+00,8.375232662244524562e+00
7.050654209756337387e+00,-7.773852420114589989e+00,8.420559272755355096e+00
6.850940411611147418e+00,-7.595625959741251876e+00,8.621907672386896593e+00
6.664736802254800807e+00,-7.464812488051567385e+00,8.922301762971329708e+00
6.515362843833490736e+00,-7.384214599731960149e+00,9.240847286056242282e+00
6.406775238147888629e+00,-7.333174475523733804e+00,9.496475174971664046e+00
6.323623994780371405e+00,-7.275093193850924678e+00,9.631686590395780456e+00
6.238586365373462783e+00,-7.171406142059921329e+00,9.628837085946369001e+00
6.124233179334202859e+00,-6.997117483575534536e+00,9.513930350212357112e+00
5.965078978671232157e+00,-6.752332384799386134e+00,9.346950445275275854e+00
5.765382541066784938e+00,-6.465484876464464570e+00,9.202100607347706074e+00
5.549729969328432766e+00,-6.186731104216050880e+00,9.144504186165141491e+00
5.355949471671785922e+00,-5.973332193590858985e+00,9.210917533436326465e+00
5.222614086745636541e+00,-5.871651362785695660e+00,9.400500739474797030e+00
5.175354830215010082e+00,-5.901677109276874944e+00,9.678220121827630251e+00
5.216747719513698200e+00,-6.049302232836353710e+00,9.989199091371942174e+00
5.323450237853570854e+00,-6.269141299316677518e+00,1.027872641775187468e+01
5.451894977105542495e+00,-6.497256363071945096e+00,1.051087643371801761e+01
5.550987065629509942e+00,-6.669911515982956729e+00,1.067936256545455720e+01
5.577858431510395398e+00,-6.742472603677504672e+00,1.080707872834888938e+01
5.511617792032510010e+00,-6.702480611563069957e+00,1.093479489124322157e+01
5.360588842368076534e+00,-6.572791366835434523e+00,1.110328102297976116e+01
5.160582467634769799e+00,-6.403877236521783978e+00,1.133543103894590232e+01
4.964631413575183672e+00,-6.257870979861502647e+00,1.162495836532583660e+01
4.827377390826748993e+00,-6.189549082714123074e+00,1.193593733487014674e+01
4.789027981239799558e+00,-6.230344984034136502e+00,1.221365671722298174e+01
4.863923205274956807e+00,-6.380371720462536089e+00,1.240323992326145230e+01
5.037231390109496942e+00,-6.610706801154630163e+00,1.246965327053263728e+01
5.270638404295515222e+00,-6.874772821249703014e+00,1.241205684935007447e+01
5.514985673639794861e+00,-7.124681949121925761e+00,1.226720701142250292e+01
5.725612431993901907e+00,-7.326885244932748620e+00,1.210022710648542166e+01
5.875386308842618810e+00,-7.471871359603505347e+00,1.198532037075140977e+01
5.961302315095046822e+00,-7.574831754872219491e+00,1.198247086630199831e+01
6.002773828296586345e+00,-7.667393508027044113e+00,1.211768228172611472e+01
6.032562603280852365e+00,-7.783621694249921674e+00,1.237331017064153826e+01
6.083742992718999432e+00,-7.945452367464212351e+00,1.269185569372644729e+01
6.177348321081534976e+00,-8.152869799265351602e+00,1.299224978431088218e+01
6.314995266811415320e+00,-8.382442425416691378e+00,1.319359818394242367e+01
6.478962466155385513e+00,-8.594868870157771568e+00,1.323892479445325421e+01
6.639547285063977178e+00,-8.748979383555052891e+00,1.311145080926849182e+01
6.766955074496062927e+00,-8.817295397554092418e+00,1.283838011885322494e+01
6.843372086106501051e+00,-8.797585662939296114e+00,1.248121999063377174e+01
6.870788418027011346e+00,-8.716116611648068613e+00,1.211600520033600681e+01
6.871602952942169829e+00,-8.621066482513079166e+00,1.180998133265049255e+01
6.881559202497555816e+00,-8.567927234565225092e+00,1.160229723140004765e+01
6.937268109092474155e+00,-8.601518697842893246e+00,1.149475269516437592e+01
7.062540088522482051e+00,-8.740526623683017249e+00,1.145517554407520677e+01
7.258289588103902013e+00,-8.969794253894709968e+00,1.143174492807862741e+01
7.499687552511674404e+00,-9.243149892361119058e+00,1.137297016393441496e+01
7.741869382839060343e+00,-9.496140199592984388e+00,1.124627992392619724e+01
7.932644857083882783e+00,-9.664789705278234777e+00,1.104884346206522849e+01
8.342788131163391796e+00,-9.463035606815466849e+00,1.086991058142068489e+01
8.318328724007733044e+00,-9.361580953026836127e+00,1.062622119993999803e+01
8.180510954310879157e+00,-9.145061586029427758e+00,1.042721298011797515e+01
7.966833346517252501e+00,-8.864065719837794788e+00,1.029951418074111480e+01
7.732757409781434887e+00,-8.580639030647905230e+00,1.024027152073520597e+01
7.535375499351689044e+00,-8.349609512416460433e+00,1.021665437760540129e+01
7.416738859999011169e+00,-8.202976104359430920e+00,1.017676215957411756e+01
7.392081009786366508e+00,-8.142218342190192359e+00,1.006836147964845729e+01
7.446553749229286367e+00,-8.140685373092724220e+00,9.859024040729536864e+00
7.541309451149674103e+00,-8.154861948511699765e+00,9.550563969286242738e+00
7.626739061664630448e+00,-8.140413612278882383e+00,9.182441766402499539e+00
7.658410530909427472e+00,-8.067444395086273090e+00,8.822438347386556856e+00
7.610488080431943914e+00,-7.929831366353816691e+00,8.547193787831080414e+00
7.482384164464633614e+00,-7.745660846848915426e+00,8.418705004016151960e+00
7.296757088584706175e+00,-7.548927749426601608e+00,8.464392451933843375e+00
7.089909939261540117e+00,-7.375694204310228486e+00,8.667343751795078433e+00
6.898174945352447907e+00,-7.249799769305079522e+00,8.970129228443058267e+00
6.745134345341141646e+00,-7.173329642983425458e+00,9.291210638046340620e+00
6.634120328330514127e+00,-7.125346554846514913e+00,9.548873536937545481e+00
6.548509588164797890e+00,-7.069464421882146077e+00,9.685161347352817529e+00
6.459554467150187662e+00,-6.967695866412324079e+00,9.682289158485030356e+00
6.338829689585189442e+00,-6.795726926289062497e+00,9.566467669847899202e+00
6.170737552013970451e+00,-6.554153835036425235e+00,9.398158466399046063e+00
5.960468861921873085e+00,-6.271488003307725378e+00,9.252155503644509338e+00
5.734381203983215158e+00,-5.997481499159860618e+00,9.194100567187366124e+00
5.532398049675582463e+00,-5.788625142438071691e+00,9.261042619776251428e+00
5.394848223297303846e+00,-5.690406927598233189e+00,9.452135065347102127e+00
5.348186888726304211e+00,-5.722153036657318559e+00,9.732065324282904939e+00
5.394562643949818437e+00,-5.869569422031698736e+00,1.004551994430481798e+01
5.509021816382303705e+00,-6.087670960236946982e+00,1.033735214829394167e+01
5.645647506770796298e+00,-6.313421886874651889e+00,1.057135027089811175e+01
5.750945568090446436e+00,-6.484228308600282098e+00,1.074117769196078953e+01
5.780314830530988601e+00,-6.556480183836397302e+00,1.086991058142068489e+01
5.712313627540770433e+00,-6.518286945647945529e+00,1.099864347088058025e+01
5.556051411981096422e+00,-6.392411469844386573e+00,1.116847089194325626e+01
5.349204338392809177e+00,-6.228569020217081587e+00,1.140246901454742634e+01
5.147168134152138919e+00,-6.087677021517912124e+00,1.169430121853655002e+01
5.006726594368725358e+00,-6.023190780716769055e+00,1.200775583855846484e+01
4.969382596917463424e+00,-6.065505334226150680e+00,1.228768609749426766e+01
5.049586767280733746e+00,-6.214280545600084693e+00,1.247877854306511658e+01
5.231481027392506533e+00,-6.440847644944959427e+00,1.254572059565400366e+01
5.474990611174956889e+00,-6.699494655354162553e+00,1.248766565919686045e+01
5.729073883545712675e+00,-6.943532736729372878e+00,1.234166269644232372e+01
5.947674567680900637e+00,-7.140576554257972219e+00,1.217335349299347058e+01
6.103156654603105302e+00,-7.281902804231401127e+00,1.205753200435633943e+01
6.192973701657389363e+00,-7.382911469679406480e+00,1.205465981548855225e+01
6.237685316419347537e+00,-7.474851032011120999e+00,1.219094762590382253e+01
6.271376297851539938e+00,-7.591003545931942043e+00,1.244861052479503094e+01
6.328062361120590396e+00,-7.752421623304109666e+00,1.276969193439830974e+01
6.428933314128818743e+00,-7.958423486144707404e+00,1.307247741104629135e+01
6.574876038921367183e+00,-8.185351504284456681e+00,1.327542871090752641e+01
6.746792595452060226e+00,-8.394172050476008451e+00,1.332111615882521782e+01
6.913455197381166428e+00,-8.544348515539899935e+00,1.319262737501028937e+01
7.043976830600379380e+00,-8.609140569053241876e+00,1.291738281545481470e+01
7.120340151372758442e+00,-8.586864306744654840e+00,1.255737939643887202e+01
7.145381727486849854e+00,-8.503919190924881022e+00,1.218925719355512705e+01
7.143192977119728226e+00,-8.408133869978163588e+00,1.188079712211183470e+01
7.151541102873473221e+00,-8.354282796329909999e+00,1.167145968319291427e+01
7.208729323840650238e+00,-8.386361178825486817e+00,1.156305900326725222e+01
7.339337370048600206e+00,-8.522440372022161981e+00,1.152316678523596849e+01
7.543806638442356771e+00,-8.747221543701799717e+00,1.149954964210616382e+01
7.795660929481844192e+00,-9.014974505195956667e+00,1.144030698210025498e+01
8.047660153814097939e+00,-9.262185321757721468e+00,1.131260818272339641e+01
8.245199054212804413e+00,-9.426053429571425113e+00,1.111359996290136998e+01
8.650566510529399622e+00,-9.211917691249663420e+00,1.093274243449248040e+01
8.622706232952367600e+00,-9.110457727606133815e+00,1.068705857164744977e+01
8.476972350954234514e+00,-8.896638357760007665e+00,1.048642156445941787e+01
8.252753661345256120e+00,-8.620249172280821881e+00,1.035767761131320341e+01
8.007902861007710982e+00,-8.342056448998807383e+00,1.029795007838982102e+01
7.801687460889949577e+00,-8.115501655482674437e+00,1.027413964020725068e+01
7.677495292892603906e+00,-7.971498036089818662e+00,1.023392092339722659e+01
7.650723829517427355e+00,-7.911054087160690251e+00,1.012463303560604189e+01
7.705566757530560196e+00,-7.907784300000741062e+00,9.913582269589131357e+00
7.801499792321526350e+00,-7.919069142873556011e+00,9.602597599575315002e+00
7.887128556468580243e+00,-7.901804370295689495e+00,9.231462492029940847e+00
7.916732708138793484e+00,-7.827271268399291770e+00,8.868512616726224707e+00
7.864083968098876554e+00,-7.690118002690500276e+00,8.591015311723511516e+00
7.729163028823847981e+00,-7.508588530601969069e+00,8.461474908493372027e+00
7.535878916803040894e+00,-7.316221545787094271e+00,8.507536286382499924e+00
7.321955791772132294e+00,-7.148206749306289964e+00,8.712148645839285166e+00
7.124760117391673475e+00,-7.027416391462827150e+00,9.017412277205782090e+00
6.968121443607823373e+00,-6.955204901261448747e+00,9.341121585012915673e+00
6.854734536054125194e+00,-6.910368539230471008e+00,9.600893331844064349e+00
6.766696035777286511e+00,-6.856767945123966257e+00,9.738296592987673250e+00
6.673834322306594125e+00,-6.757034106844950649e+00,9.735400896623838563e+00
6.546735642879616179e+00,-6.587566326843382392e+00,9.618631464341097725e+00
6.369701275222774406e+00,-6.349459367512682917e+00,9.448944730333931119e+00
6.148864823615271646e+00,-6.071279426332120366e+00,9.301746802962618688e+00
5.912362025256017617e+00,-5.802326329933105598e+00,9.243216714538785794e+00
5.702212187448949976e+00,-5.598260855474249453e+00,9.310706655901356044e+00
5.560494650557323837e+00,-5.503643538863625118e+00,9.503363102001248564e+00
5.514479958953093508e+00,-5.537111345418908925e+00,9.785584456598959591e+00
5.565880565364203392e+00,-5.684192307111597842e+00,1.010160455318945694e+01
5.688126395459278228e+00,-5.900345726734524732e+00,1.039582526458434053e+01
5.832951378146273846e+00,-6.123505370212278365e+00,1.063173855022101577e+01
5.944467941020022295e+00,-6.292290226284818822e+00,1.080295592772909075e+01
5.976351027207157607e+00,-6.364167443789592760e+00,1.093274243449248040e+01
5.906617598518228540e+00,-6.327834063760603200e+00,1.106252894125587005e+01
5.745167983722880400e+00,-6.205939464548675844e+00,1.123374631876394503e+01
5.531542330729298129e+00,-6.047387950930948719e+00,1.146965960440061849e+01
5.323491319686407763e+00,-5.911810959541002219e+00,1.176388031579550209e+01
5.179928059454844913e+00,-5.851276490487737902e+00,1.207990041238599943e+01
5.143637007578992559e+00,-5.895098921648029844e+00,1.236212176698371046e+01
5.229169100760716837e+00,-6.042477881819342755e+00,1.255477821308360298e+01
5.419636481125145622e+00,-6.265026414084929662e+00,1.262226815444617500e+01
5.673208726445792216e+00,-6.517950232847457670e+00,1.256373806602234211e+01
5.936973307529155086e+00,-6.755817977192362989e+00,1.241654013865103146e+01
6.163494337246260280e+00,-6.947453867644208358e+00,1.224685340464386307e+01
6.324647119182517763e+00,-7.084942716810046726e+00,1.213008397236112224e+01
6.418353320280511198e+00,-7.183883528421637799e+00,1.212718827599728755e+01
6.466320162687473783e+00,-7.275113913979689428e+00,1.226459153714089645e+01
6.503948427566757395e+00,-7.391092376837836042e+00,1.252436328397204690e+01
6.566182001182100159e+00,-7.551956156965403899e+00,1.284807259177917871e+01
6.674351988003007996e+00,-7.756347200050662138e+00,1.315333622314567563e+01
6.828602901502263123e+00,-7.980397933020054957e+00,1.335794858260246087e+01
7.008453884204115525e+00,-8.185379465914156327e+00,1.340400996049158877e+01
7.181153393473482360e+00,-8.331432499397605440e+00,1.327446955726144751e+01
7.314730176802410000e+00,-8.392589273984508935e+00,1.299697225225873787e+01
7.390975064711279074e+00,-8.367723511535398728e+00,1.263402237695501995e+01
7.413582443791673526e+00,-8.283347780234079138e+00,1.226288726940964580e+01
7.408343554073038462e+00,-8.186895466226664198e+00,1.195190259939583122e+01
7.415050504997393155e+00,-8.132366069838813161e+00,1.174085183337891891e+01
7.473694187506529474e+00,-8.162880012802041563e+00,1.163156394558773421e+01
7.609615557900985650e+00,-8.295869178000623734e+00,1.159134522877771012e+01
7.822774925175295380e+00,-8.515903152318415437e+00,1.156753479059514156e+01
8.085044389704632906e+00,-8.777738661156490707e+00,1.150780725767175738e+01
8.346809376252650736e+00,-9.018869526947934645e+00,1.137906330452554471e+01
8.551056116251089634e+00,-9.177741665737752186e+00,1.117842629733751103e+01
8.951303198370080594e+00,-8.951303198370066383e+00,1.099557428756427768e+01
8.920009229142840113e+00,-8.849924491334988375e+00,1.074782807806721685e+01
8.766351919368865708e+00,-8.639032685650340326e+00,1.054550686152470540e+01
8.531608165445758729e+00,-8.367562929066290067e+00,1.041568219164900988e+01
8.276012248576375185e+00,-8.094928902992785780e+00,1.035545328726340664e+01
8.060992427237383851e+00,-7.873116823107420004e+00,1.033144297686741275e+01
7.931258314691786104e+00,-7.731909762400078101e+00,1.029088665165689598e+01
7.902360916654483702e+00,-7.671836474856965182e+00,1.018068136739170804e+01
7.957533355753711568e+00,-7.666803748549099851e+00,9.967858975694284140e+00
8.054581388684308507e+00,-7.675139080499724820e+00,9.654263803771188535e+00
8.140339488122085854e+00,-7.655025730333959721e+00,9.280013272861683760e+00
8.167816622177230812e+00,-7.578966366088059736e+00,8.914016683575535893e+00
8.110407877695539725e+00,-7.442397657096350372e+00,8.634189980006336640e+00
7.968671661651969274e+00,-7.263708239931740529e+00,8.503562174397339746e+00
7.767768122665050790e+00,-7.075944349414382550e+00,8.550010205798738383e+00
7.546833931681006469e+00,-6.913378678848049574e+00,8.756340144951657578e+00
7.344255090701037325e+00,-6.797880533029912797e+00,9.064166254052121730e+00
7.184092225934072040e+00,-6.730060249093867242e+00,9.390592878330334514e+00
7.068389766469787006e+00,-6.688461292219123777e+00,9.652545229887270040e+00
6.977958281720038514e+00,-6.637225998133578386e+00,9.791101896681198014e+00
6.881204251921936077e+00,-6.539645930686604380e+00,9.788181892942708018e+00
6.747734113222284336e+00,-6.372865687893269460e+00,9.670432261777797578e+00
6.561759850769693259e+00,-6.138485925280246391e+00,9.499321124622122525e+00
6.330368322297091233e+00,-5.865104141419228867e+00,9.350887572130037739e+00
6.083478989236065004e+00,-5.601518286846566497e+00,9.291866163965030623e+00
5.865205997399070448e+00,-5.402497739147694489e+00,9.359922636857197276e+00
5.719372405899922462e+00,-5.311622077548964427e+00,9.554196301003099023e+00
5.674054422472927683e+00,-5.346811659461049970e+00,9.838786709306846845e+00
5.730519631271857151e+00,-5.493425994682348268e+00,1.015745957674126743e+01
5.860577340063183982e+00,-5.707414252175412983e+00,1.045415006817004056e+01
6.013614421044880309e+00,-5.927748877968431529e+00,1.069204368319900134e+01
6.131357764214940609e+00,-6.094334358639268423e+00,1.086469831255253560e+01
6.165769292437339288e+00,-6.165769292437331295e+00,1.099557428756427768e+01
6.094334358639276417e+00,-6.131357764214932615e+00,1.112645026257601977e+01
5.927748877968439523e+00,-6.013614421044873204e+00,1.129910489192955225e+01
5.707414252175420977e+00,-5.860577340063176877e+00,1.153699850695851303e+01
5.493425994682356261e+00,-5.730519631271850933e+00,1.183368899838728616e+01
5.346811659461057076e+00,-5.674054422472922354e+00,1.215236186582170852e+01
5.311622077548971532e+00,-5.719372405899915357e+00,1.243695227412545634e+01
5.402497739147701594e+00,-5.865205997399063342e+00,1.263122593827135809e+01
5.601518286846573602e+00,-6.083478989236057011e+00,1.269928241116352474e+01
5.865104141419235084e+00,-6.330368322297082351e+00,1.264026100299851763e+01
6.138485925280255273e+00,-6.561759850769684377e+00,1.249182745050643284e+01
6.372865687893278341e+00,-6.747734113222275454e+00,1.232071631335075779e+01
6.539645930686612374e+00,-6.881204251921926307e+00,1.220296668218584735e+01
6.637225998133588156e+00,-6.977958281720029632e+00,1.220004667844735557e+01
6.688461292219133547e+00,-7.068389766469777236e+00,1.233860334524128355e+01
6.730060249093877012e+00,-7.184092225934063158e+00,1.260055569679822085e+01
6.797880533029922567e+00,-7.344255090701027555e+00,1.292698232107643186e+01
6.913378678848059344e+00,-7.546833931680995811e+00,1.323480843017689779e+01
7.075944349414394097e+00,-7.767768122665041020e+00,1.344113836932981698e+01
7.263708239931752075e+00,-7.968671661651958615e+00,1.348758640073121562e+01
7.442397657096362806e+00,-8.110407877695530843e+00,1.335695859512221872e+01
7.578966366088071283e+00,-8.167816622177220154e+00,1.307713189155301947e+01
7.655025730333971268e+00,-8.140339488122075196e+00,1.271113530226687161e+01
7.675139080499736366e+00,-8.054581388684297849e+00,1.233688477135736683e+01
7.666803748549111397e+00,-7.957533355753700910e+00,1.202328959943427122e+01
7.671836474856976729e+00,-7.902360916654473044e+00,1.181046720773684910e+01
7.731909762400089647e+00,-7.931258314691774558e+00,1.170026192347165939e+01
7.873116823107431550e+00,-8.060992427237371416e+00,1.165970559826114261e+01
8.094928902992796438e+00,-8.276012248576362751e+00,1.163569528786515050e+01
8.367562929066302502e+00,-8.531608165445746295e+00,1.157546638347954548e+01
8.639032685650352761e+00,-8.766351919368851497e+00,1.144564171360384996e+01
8.849924491335002585e+00,-8.920009229142827678e+00,1.124332049706133851e+01
9.244704360494573336e+00,-8.681355242307919440e+00,1.105840614063607319e+01
9.209945409308554432e+00,-8.580147542307352992e+00,1.080853175448644876e+01
9.048363457215007344e+00,-8.372417054072709419e+00,1.060447256871228738e+01
8.803119726618952257e+00,-8.106187255453789930e+00,1.047353268568391904e+01
8.536818202841798708e+00,-7.839444374190987830e+00,1.041278640608445016e+01
8.313031204265501017e+00,-7.622649239854847991e+00,1.038856984356411850e+01
8.177773700440319260e+00,-7.484409517478967544e+00,1.034766513351008754e+01
8.146739294359889527e+00,-7.424765575061118561e+00,1.023651316952197554e+01
8.202198775058946012e+00,-7.417944226577942501e+00,1.002186260194217482e+01
8.300296234437121612e+00,-7.423272473770859747e+00,9.705573601021258767e+00
8.386111126065317833e+00,-7.400279490411067584e+00,9.328108202591852915e+00
8.411401013061409415e+00,-7.322734126451641679e+00,8.958967648367481829e+00
8.349201113842008581e+00,-7.186878981748016315e+00,8.676737191947699657e+00
8.200656916985307632e+00,-7.011233811701809593e+00,8.544987274131065291e+00
7.992179102810630376e+00,-6.828315188636286059e+00,8.591834301005238927e+00
7.764306833469060365e+00,-6.671433284072791459e+00,8.799936644911074524e+00
7.556429580832303650e+00,-6.561418288607922200e+00,9.110407025904805778e+00
7.392822016836785082e+00,-6.498123223865148290e+00,9.439637703258036083e+00
7.274865359538801535e+00,-6.459853149959166707e+00,9.703840264333006616e+00
7.182078896783243849e+00,-6.411068157883657470e+00,9.843587153427110437e+00
7.081450494574401233e+00,-6.315763650674147911e+00,9.840642066423798795e+00
6.941616557620218231e+00,-6.151862155491184758e+00,9.721880948478114348e+00
6.746712016734291772e+00,-5.921477454619540559e+00,9.549299941297677563e+00
6.504787065234851617e+00,-5.653213955246810585e+00,9.399591322593632725e+00
6.247549234373448890e+00,-5.395316637896159229e+00,9.340062911786230160e+00
6.021204788122862084e+00,-5.201600537868423579e+00,9.408703999865686285e+00
5.871312048820706231e+00,-5.114609560795758902e+00,9.604646503575601457e+00
5.826742157420596868e+00,-5.151519613434920153e+00,9.891681585659522824e+00
5.888309136710233815e+00,-5.297531570055074468e+00,1.021309190024865998e+01
6.026198606157986859e+00,-5.509131217138702574e+00,1.051233100696473954e+01
6.187454464314667391e+00,-5.726400590427799031e+00,1.075226816339974611e+01
6.311428166943428231e+00,-5.890603981419446633e+00,1.092640592160474711e+01
6.348381269708713859e+00,-5.961526823017495147e+00,1.105840614063607319e+01
6.275278073616925134e+00,-5.929099920829820292e+00,1.119040635966739750e+01
6.103614327312669730e+00,-5.815681268212940402e+00,1.136454411787240026e+01
5.876648346390489053e+00,-5.668386068483566298e+00,1.160448127430740684e+01
5.656808091450792553e+00,-5.544055144178516414e+00,1.190372038102348462e+01
5.507218433458322515e+00,-5.491777819872540434e+00,1.222513069561262178e+01
5.473179781013121747e+00,-5.538577364154061655e+00,1.251216577769654492e+01
5.569410944238186723e+00,-5.682712115730188529e+00,1.270810828140646009e+01
5.776957075165401356e+00,-5.896446388357635016e+00,1.277674936948591622e+01
6.050497588113680436e+00,-6.136983112578560551e+00,1.271722095867851365e+01
6.333422324141121607e+00,-6.361586275952348934e+00,1.256751233997447059e+01
6.575590570812825497e+00,-6.541640242189208365e+00,1.239493133279403381e+01
6.747948889383962978e+00,-6.670906788776666652e+00,1.227617021484834758e+01
6.849383844572836111e+00,-6.765352404298951683e+00,1.227322512784503417e+01
6.903898680812066146e+00,-6.854892539167657617e+00,1.241297201693913976e+01
6.949499797262842726e+00,-6.970213438124117644e+00,1.267717457801411207e+01
7.022942967595933617e+00,-7.129523829965842552e+00,1.300640525536733882e+01
7.145793594289175488e+00,-7.330082985608306956e+00,1.331687563636107186e+01
7.316674146428558956e+00,-7.547654904786510244e+00,1.352497798026690745e+01
7.512322251637612247e+00,-7.744235780243268863e+00,1.357182500714108109e+01
7.696947993356753059e+00,-7.881458007579151825e+00,1.344007508932444495e+01
7.836440622952117963e+00,-7.935004754388986115e+00,1.315784463290466633e+01
7.912245003706002144e+00,-7.904895657517855057e+00,1.278870407868029524e+01
7.929804254036694644e+00,-7.817806360605048965e+00,1.241123868025088761e+01
7.918326930483628345e+00,-7.720237037564146476e+00,1.209494967932997334e+01
7.921652488987841245e+00,-7.664458677466587488e+00,1.188029911175017261e+01
7.983127404190765830e+00,-7.691686770104559479e+00,1.176914714776205884e+01
8.129587230987818103e+00,-7.817997230155008914e+00,1.172824243770802788e+01
8.360006271552997248e+00,-8.027729957092500257e+00,1.170402587518769622e+01
8.642944007700659625e+00,-8.276757071548038525e+00,1.164327959558822734e+01
8.924047443881850228e+00,-8.504800162292895038e+00,1.151233971255985900e+01
9.141513838167995232e+00,-8.653019764035541073e+00,1.130828052678569762e+01
9.530477488766941008e+00,-8.402246148195771980e+00,1.112123799370786870e+01
9.492224035737248045e+00,-8.301302411251731073e+00,1.086917170115856912e+01
9.322722902151980406e+00,-8.096973039347137302e+00,1.066332250144138882e+01
9.067014123910659862e+00,-7.836311250077647728e+00,1.053123400941789534e+01
8.790057057037902410e+00,-7.575799376235548444e+00,1.046995486143978837e+01
8.557548950874627636e+00,-7.364301402416910669e+00,1.044552587043014924e+01
8.416791985947515542e+00,-7.229203657145006012e+00,1.040426234290336360e+01
8.383610897393277028e+00,-7.170049570294369623e+00,1.029213535020199899e+01
8.439313121272860485e+00,-7.161414474683325260e+00,1.007560186072683273e+01
8.538391097444742783e+00,-7.163678464139919377e+00,9.756538362203546200e+00
8.624187481771073749e+00,-7.137776074744383692e+00,9.375761824784575538e+00
8.647229498693860705e+00,-7.058787737062662160e+00,9.003383157380008939e+00
8.580210194789316347e+00,-6.923779375257391955e+00,8.718676966039403453e+00
8.424871359150250427e+00,-6.751387685805715577e+00,8.585771333575625164e+00
8.208872530777842513e+00,-6.573561435153228771e+00,8.633029304122711522e+00
7.974143779527022247e+00,-6.422601876146280198e+00,8.842957128688745172e+00
7.761060527770340833e+00,-6.318263447462163285e+00,9.156150966157932558e+00
7.594093645313611418e+00,-6.259628780163058792e+00,9.488269665928267926e+00
7.473948346505741469e+00,-6.224779658997583454e+00,9.754789820628397834e+00
7.378848328299173254e+00,-6.178531066225671609e+00,9.895762574066825579e+00
7.274367453260105698e+00,-6.085626525530722475e+00,9.892791652662676682e+00
7.128183062072255716e+00,-5.924799685353386636e+00,9.772988758252949992e+00
6.924365791691390548e+00,-5.698684523240487465e+00,9.598893864755750016e+00
6.671938812561942100e+00,-5.435867046023630245e+00,9.447871997084973827e+00
6.404400717152661571e+00,-5.183986731783797097e+00,9.387821401084355699e+00
6.170045291411479838e+00,-4.995839790362770039e+00,9.457064611064179616e+00
6.016155878067310780e+00,-4.912878572489335127e+00,9.654725928912943900e+00
5.972386746399855895e+00,-4.951506283427391075e+00,9.944278892253310076e+00
6.039089725169054290e+00,-5.096775552190855763e+00,1.026850862877810577e+01
6.184824937537244161e+00,-5.305756824391734128e+00,1.057037267085931553e+01
6.354299530926629913e+00,-5.519714341322788265e+00,1.081241456398548095e+01
6.484502021966220831e+00,-5.681348127343080812e+00,1.098807986437884665e+01
6.524008166600505199e+00,-5.751686896404280880e+00,1.112123799370786870e+01
6.449272606889850934e+00,-5.721308054891723671e+00,1.125439612303689074e+01
6.272594652329881448e+00,-5.612390334438743800e+00,1.143006142343025466e+01
6.039083455529354438e+00,-5.471068086280197917e+00,1.167210331655642186e+01
5.813484597669174470e+00,-5.352674338189847170e+00,1.197396735863762984e+01
5.661000720462222802e+00,-5.304704399523104463e+00,1.229819709516242554e+01
5.628163327364633872e+00,-5.352969734431209048e+00,1.258775005850279172e+01
5.729757829041560946e+00,-5.495247886090108835e+00,1.278541137635155778e+01
5.945793698944195960e+00,-5.704174284747217882e+00,1.285465458633138169e+01
6.229219276272523587e+00,-5.938033788109569500e+00,1.279460399033076534e+01
6.521601848714913885e+00,-6.155530540855497890e+00,1.264358212265998738e+01
6.771479102790311622e+00,-6.329400906756616152e+00,1.246948722916278740e+01
6.949359537740401827e+00,-6.454275642433434435e+00,1.234968433475306071e+01
7.054626424297004483e+00,-6.546288628067790327e+00,1.234671341334891181e+01
7.112429525894977900e+00,-6.634842268545899202e+00,1.248768616678733778e+01
7.162062050128275459e+00,-6.749672432744464601e+00,1.275420632148747124e+01
7.241160864838852795e+00,-6.907973859010867024e+00,1.308632502125780306e+01
7.371382966809477466e+00,-7.106299813030565460e+00,1.339951885872699222e+01
7.550571478008999193e+00,-7.320257408299913671e+00,1.360944668329302587e+01
7.754067347166978763e+00,-7.512265482387989302e+00,1.365670465384011223e+01
7.944568795225184665e+00,-7.644773017031990747e+00,1.352379902137633394e+01
8.086912321842161688e+00,-7.694342819164275760e+00,1.323909283003573023e+01
8.162389882399814667e+00,-7.661582631651723929e+00,1.286671416263116363e+01
8.177334885442553158e+00,-7.573216347221959133e+00,1.248593762521219119e+01
8.162670985090416664e+00,-7.475203383604700491e+00,1.216687412668890644e+01
8.164256650557838668e+00,-7.418858123942785987e+00,1.195034063721374018e+01
8.227102982886874472e+00,-7.444363596719529852e+00,1.183821364451237557e+01
8.378776967646579976e+00,-7.567078413673947956e+00,1.179695011698558815e+01
8.617748209545631255e+00,-7.771245399022332023e+00,1.177252112597594902e+01
8.910917794201008491e+00,-8.013367781169208115e+00,1.171124197799784206e+01
9.201572995433966895e+00,-8.234390634401782094e+00,1.157915348597435035e+01
9.425535294375924522e+00,-8.376945940028232229e+00,1.137330428625716827e+01
9.808331701444782169e+00,-8.114157653397748859e+00,1.118406984677966420e+01
9.766556241374638958e+00,-8.013574046280833585e+00,1.092975008123055858e+01
9.589148634870007015e+00,-7.812891452353017741e+00,1.072206058938664164e+01
9.323020342987311082e+00,-7.558132930039423769e+00,1.058879122606397694e+01
9.035469132280665505e+00,-7.304198980416122033e+00,1.052696424241921669e+01
8.794295454601735784e+00,-7.098284056123188357e+00,1.050231685619657185e+01
8.648068738381796905e+00,-6.966506604760525079e+00,1.046068443267731674e+01
8.612732844126634646e+00,-6.907904691047006551e+00,1.034755502450799547e+01
8.668631654808470088e+00,-6.897431405660208625e+00,1.012908572534105645e+01
8.768617811537950502e+00,-6.896574571309431967e+00,9.807169798705016817e+00
8.854317614422363647e+00,-6.867734487815611466e+00,9.422989118521240215e+00
8.875050890981016849e+00,-6.787349080986457395e+00,9.047281385321269909e+00
8.803187172909256120e+00,-6.653324905336772233e+00,8.760029920241068524e+00
8.641073579940671934e+00,-6.484400791104729223e+00,8.625936111241466975e+00
8.417615663674158810e+00,-6.311918646774165254e+00,8.673616568109814295e+00
8.176121151377738983e+00,-6.167123587426733167e+00,8.885421147714307466e+00
7.957932370013311996e+00,-6.068657261104556611e+00,9.201414938518407638e+00
7.787697703286437623e+00,-6.014819033987887309e+00,9.536502779918482275e+00
7.665433696390041796e+00,-5.983483304605279329e+00,9.805405625165796835e+00
7.568065138952839277e+00,-5.939858143266582680e+00,9.947638675212584047e+00
7.459757929778547236e+00,-5.849480451569540662e+00,9.944641193767022713e+00
7.307242572703327887e+00,-5.691928700079442294e+00,9.823767261317577493e+00
7.094538701491902799e+00,-5.470363929322456187e+00,9.648115959234637273e+00
6.831651597024401390e+00,-5.213327515049098970e+00,9.495743955860532992e+00
6.553872421841391294e+00,-4.967799491946473189e+00,9.435156507449617536e+00
6.311575860143200600e+00,-4.785491277438335800e+00,9.505018751821271650e+00
6.153758117877553779e+00,-4.706706685804235235e+00,9.704447162121683235e+00
6.110843653474139714e+00,-4.747047610244201188e+00,9.996588729349946689e+00
6.182713560210737924e+00,-4.891429341812250975e+00,1.032371708016229128e+01
6.336302036047384512e+00,-5.097556287465144109e+00,1.062827978719216127e+01
6.513988009344471308e+00,-5.307949149768135477e+00,1.087248553517359362e+01
6.650412118048726562e+00,-5.466821150987519751e+00,1.104972128359249695e+01
6.692480925612354525e+00,-5.536501718715004294e+00,1.118406984677966420e+01
6.616151683845782117e+00,-5.508234901773749748e+00,1.131841840996682969e+01
6.434530413720040087e+00,-5.403996883540887808e+00,1.149565415838573479e+01
6.194569156175643521e+00,-5.268881908455629315e+00,1.173985990636716537e+01
5.963313674921672636e+00,-5.156638244830418216e+00,1.204442261339703713e+01
5.808022263160788512e+00,-5.113095790395382423e+00,1.237155096420937994e+01
5.776437256155452893e+00,-5.162809257103869953e+00,1.266369253143764517e+01
5.883398452082184704e+00,-5.303068852920703513e+00,1.286312094173805498e+01
6.107879335147246458e+00,-5.506912523477923038e+00,1.293298318610971087e+01
6.401109008947903689e+00,-5.733764102041519095e+00,1.287239573769879719e+01
6.702852732884396758e+00,-5.943830931937986506e+00,1.272002373432469113e+01
6.960349713414678341e+00,-6.111250134799278477e+00,1.254437243224175091e+01
7.143689318336641669e+00,-6.231541771285101561e+00,1.242349849979230569e+01
7.252760919875123946e+00,-6.320995471339599270e+00,1.242050101834674436e+01
7.313858407961006058e+00,-6.408464823851347525e+00,1.256273406839353157e+01
7.367549085764591332e+00,-6.522691468883467181e+00,1.283163691364084613e+01
7.452332485502475734e+00,-6.679822533869235635e+00,1.316672475504091899e+01
7.589939203154763447e+00,-6.875695842386866374e+00,1.348271854584502094e+01
7.777421103099591448e+00,-7.085780934370543349e+00,1.369452312544951411e+01
7.988719952558454906e+00,-7.272960865646311390e+00,1.374220358231786143e+01
8.185029014471897568e+00,-7.400549758599142436e+00,1.360810977331825988e+01
8.330145171465309417e+00,-7.446026946431488547e+00,1.332085830823805850e+01
8.405221703120995258e+00,-7.410598189996935758e+00,1.294515057503808997e+01
8.417492407722708236e+00,-7.321012273475782095e+00,1.256096989485431159e+01
8.399598527693118655e+00,-7.222636591724021393e+00,1.223905396821827196e+01
8.399411909772471319e+00,-7.165765404676548656e+00,1.202058466905133471e+01
8.463597108799158164e+00,-7.189494499467612876e+00,1.190745526088201345e+01
8.620440573519067229e+00,-7.308438506457287431e+00,1.186582283736275478e+01
8.867899619153730484e+00,-7.506755726045821753e+00,1.184117545114011172e+01
9.171217424268808927e+00,-7.741631136956199200e+00,1.177934846749535147e+01
9.471330941933365111e+00,-7.955308578317737300e+00,1.164607910417268677e+01
9.701701765916165954e+00,-8.091969640104862194e+00,1.143838961232876983e+01
1.007797806520349226e+01,-7.817281097985763871e+00,1.124690169985145971e+01
1.003265535551962984e+01,-7.717156986499763782e+00,1.099026911860820555e+01
9.847361799872556887e+00,-7.520372469967242068e+00,1.078069087259998327e+01
9.570870885358344182e+00,-7.271859305108633542e+00,1.064620954105150474e+01
9.272799032368768124e+00,-7.024856830801015306e+00,1.058382029509973599e+01
9.023025413685864748e+00,-6.824816161448396201e+00,1.055894876247009684e+01
8.871364831241836058e+00,-6.696540787356637381e+00,1.051693772849446162e+01
8.833867712223531399e+00,-6.638555141080161093e+00,1.040277950736552270e+01
8.889915074565090336e+00,-6.626220033502248086e+00,1.018232342112086108e+01
8.990733573499319675e+00,-6.622186631171715909e+00,9.857479950863849538e+00
9.076255941658791571e+00,-6.590382256317406373e+00,9.469805483617948383e+00
9.094619516554438121e+00,-6.508648670146464532e+00,9.090681017393389851e+00
9.017889958199441836e+00,-6.375750218221590160e+00,8.800817251632700788e+00
8.849028516324780824e+00,-6.210512418196949547e+00,8.665503976795385199e+00
8.618182646426209459e+00,-6.043630397515545205e+00,8.713618045690354919e+00
8.370022715615707654e+00,-5.905245160862892639e+00,8.927348802580926446e+00
8.146837311039869078e+00,-5.812848200128154730e+00,9.246216280363492857e+00
7.973432794794883094e+00,-5.763942997170934390e+00,9.584351452421628892e+00
7.849124552109655539e+00,-5.736213230050007716e+00,9.855699733710244104e+00
7.749536234187339723e+00,-5.695299292151153381e+00,9.999226268868833145e+00
7.637433346229069997e+00,-5.607577645912728670e+00,9.996201527952838006e+00
7.478613111681878145e+00,-5.453505738065933528e+00,9.874228352873238634e+00
7.257057987565799451e+00,-5.236778302345699743e+00,9.696979655922941532e+00
6.983763921351828330e+00,-4.985864930304377829e+00,9.543221962529850444e+00
6.695814543950038278e+00,-4.747030903056077555e+00,9.482083524300072952e+00
6.445656636724487853e+00,-4.570835462829785811e+00,9.552581104642811738e+00
6.283985073020692980e+00,-4.496375879512561902e+00,9.753823141800758378e+00
6.241980369972468523e+00,-4.538423817081596923e+00,1.004862148090886187e+01
6.319044467555569256e+00,-4.681768664365680621e+00,1.037872477777829516e+01
6.480486704993956515e+00,-4.884799314337224807e+00,1.068605721608386894e+01
6.666368801000835731e+00,-5.091368747403827832e+00,1.093248380162117606e+01
6.809001310803289186e+00,-5.247282288952791696e+00,1.111133135406019790e+01
6.853640374171508398e+00,-5.316228414347246911e+00,1.124690169985145971e+01
6.775759034457188079e+00,-5.290137973385037995e+00,1.138247204564272153e+01
6.589272540752119767e+00,-5.190760647216152712e+00,1.156131959808174337e+01
6.342965868798002838e+00,-5.062090108069636329e+00,1.180774618361904871e+01
6.106164748230368922e+00,-4.956211544824315141e+00,1.211507862192462426e+01
5.948158281184047880e+00,-4.917216971474493548e+00,1.244518191879405578e+01
5.917877501755946845e+00,-4.968358916384770119e+00,1.273998025790216104e+01
6.030203883276929133e+00,-5.106433925248097694e+00,1.294122229506010768e+01
6.263075561469079844e+00,-5.304914637661104493e+00,1.301171987540284825e+01
6.566016276741560631e+00,-5.524421948582442177e+00,1.295058143717307075e+01
6.877012214292367531e+00,-5.726730360972557499e+00,1.279682374377997789e+01
7.142029277902798512e+00,-5.887427001918361213e+00,1.261957504682968256e+01
7.330757719655203175e+00,-6.002941481369576060e+00,1.249760187175008141e+01
7.443602283625421201e+00,-6.089706964654896026e+00,1.249457713083408628e+01
7.507997442476752603e+00,-6.175991649840040232e+00,1.263810366599267354e+01
7.565770230819151898e+00,-6.289498407838031824e+00,1.290945194728129231e+01
7.656262936473936520e+00,-6.445292872931374539e+00,1.324758711933942479e+01
7.801261029861874086e+00,-6.638488307873713801e+00,1.356645459712199298e+01
7.997013505024538560e+00,-6.844436829235182707e+00,1.378018535401256450e+01
8.216061653489214578e+00,-7.026528380741926760e+00,1.382829942290753422e+01
8.418102337101327493e+00,-7.148991760062127554e+00,1.369298614807021863e+01
8.565907404985336981e+00,-7.190260217232031792e+00,1.340312238230953135e+01
8.640506344880424905e+00,-7.152147251487553703e+00,1.302399791608497281e+01
8.650042978726881771e+00,-7.061402299394579529e+00,1.263632344883906988e+01
8.628877123182208564e+00,-6.962748132626149555e+00,1.231147997858206011e+01
8.626886288456274698e+00,-6.905393984724723211e+00,1.209102389233739672e+01
8.692375363324499560e+00,-6.927292618967010540e+00,1.197686567120845780e+01
8.854337183792614141e+00,-7.042287717020346172e+00,1.193485463723282258e+01
9.110209380715470928e+00,-7.234466146681084453e+00,1.190998310460318521e+01
9.423579273573936987e+00,-7.461746506828195180e+00,1.184759385865141468e+01
9.733045434707415566e+00,-7.667748239904046414e+00,1.171311252710293793e+01
9.969728237237902135e+00,-7.798282138557189214e+00,1.150353428109471388e+01
1.033912993839050287e+01,-7.511817602814142347e+00,1.130973355292325699e+01
1.029023724963345821e+01,-7.412255522895825344e+00,1.105073109576137114e+01
1.009708664352361041e+01,-7.219625753937174650e+00,1.083921749752360064e+01
9.810302090976085410e+00,-6.977706439894353352e+00,1.070349429688898191e+01
9.501795947939417175e+00,-6.737995148059550132e+00,1.064052891687486557e+01
9.243498725174157826e+00,-6.544124849862029691e+00,1.061542770784968504e+01
9.086446723300815265e+00,-6.419536561449135981e+00,1.057302872259657178e+01
9.046783817568455177e+00,-6.362233012325763326e+00,1.045781630633053716e+01
9.102929805360767901e+00,-6.348013391463841693e+00,1.023532441634117518e+01
9.204501244235913759e+00,-6.340748721971015023e+00,9.907481176087083341e+00
9.289762554836100250e+00,-6.305955358415697987e+00,9.516226725427761934e+00
9.305695541471319387e+00,-6.222925565300389650e+00,9.133601230852409714e+00
9.224082644173417833e+00,-6.091298434417105945e+00,8.841060715495734357e+00
9.048507768054257383e+00,-5.929970078746017670e+00,8.704497888984370491e+00
8.810354813013548281e+00,-5.768948094984091668e+00,8.753056267688597458e+00
8.555639904024099351e+00,-5.637220727733866177e+00,8.968760723208438534e+00
8.327575577688291375e+00,-5.551091700553345554e+00,9.290572785630924812e+00
8.151105775526016117e+00,-5.507256302369569312e+00,9.631830470027988866e+00
8.024832455870436476e+00,-5.483224947259169646e+00,9.905684519501891216e+00
7.923077077866520490e+00,-5.445110595758312577e+00,1.005053645176208477e+01
7.807213953293617337e+00,-5.360176321930388177e+00,1.004748377884843613e+01
7.642121977599287241e+00,-5.209793094871159269e+00,9.924384241368006343e+00
7.411760796430216125e+00,-4.998195696683474409e+00,9.745498739704620661e+00
7.128124932948441739e+00,-4.753753863298080695e+00,9.590321169485635622e+00
6.830088647123901069e+00,-4.521961491468191596e+00,9.528618147788858295e+00
6.572159691838770357e+00,-4.352156928810100744e+00,9.599766738682038891e+00
6.406715252444572073e+00,-4.282171949853937676e+00,9.802867147272662507e+00
6.365676528954063329e+00,-4.325918823384730771e+00,1.010038780433946215e+01
6.447958047506364920e+00,-4.468073009525870276e+00,1.043353944312293180e+01
6.617246965624238975e+00,-4.667759587742004612e+00,1.074370994564087667e+01
6.811301443781831111e+00,-4.870241102070465011e+00,1.099241215973612462e+01
6.960122651768578805e+00,-5.022995216469389845e+00,1.117291128153387092e+01
7.007337353737132624e+00,-5.091128595570562076e+00,1.130973355292325699e+01
6.927948514273123415e+00,-5.067279117624887697e+00,1.144655582431264307e+01
6.736682435991818707e+00,-4.972945355316138460e+00,1.162705494611038759e+01
6.484144940775167676e+00,-4.850958808322372029e+00,1.187575716020563554e+01
6.241918566688259062e+00,-4.751662025827178226e+00,1.218592766272358041e+01
6.081295514084455789e+00,-4.717335710776502822e+00,1.251907930150705184e+01
6.052371427931475090e+00,-4.769884383544371609e+00,1.281659995857385148e+01
6.170056241608156355e+00,-4.905604847866596785e+00,1.301970036716447510e+01
6.411254407945262912e+00,-5.098437365947965816e+00,1.309084895805765569e+01
6.723800330861758212e+00,-5.310258935611887665e+00,1.302914593636088014e+01
7.043926631388153226e+00,-5.504475991178977345e+00,1.287396836614189333e+01
7.316353235591179782e+00,-5.658175301625753661e+00,1.269508286447850764e+01
7.510392409751836418e+00,-5.768716128067639559e+00,1.257198332699807786e+01
7.626973378847090146e+00,-5.852662373673292784e+00,1.256893065408442922e+01
7.694666422278601203e+00,-5.937659506648648389e+00,1.271378258634462100e+01
7.756542200861463066e+00,-6.050326473014336237e+00,1.298763663581852690e+01
7.852764309810663867e+00,-6.204613345296105642e+00,1.332889432021558918e+01
8.005153635001297729e+00,-6.394900075884476287e+00,1.365070638263807545e+01
8.209145041597437853e+00,-6.596442354771830274e+00,1.386641083815791653e+01
8.435879358889181390e+00,-6.773180745087842070e+00,1.391496921686214350e+01
8.643567363319448305e+00,-6.890309171541751709e+00,1.377840639035077785e+01
8.793971976092459286e+00,-6.927252628966898307e+00,1.348586587499410427e+01
8.868014438239979924e+00,-6.886441841091364147e+00,1.310324038041875383e+01
8.874757699434953295e+00,-6.794601775427132395e+00,1.271198592975943065e+01
8.850279509939300127e+00,-6.695756690283650947e+00,1.238414268950534058e+01
8.846453108625484063e+00,-6.637964578230041823e+00,1.216165079951597860e+01
8.913208534343697309e+00,-6.657978472664879632e+00,1.204643838324994221e+01
9.080230775472307059e+00,-6.768843904024048896e+00,1.200403939799682895e+01
9.344430617323460808e+00,-6.954589944028318094e+00,1.197893818897165019e+01
9.667743244519879653e+00,-7.173921858759901404e+00,1.191597280895753208e+01
9.986443485019357524e+00,-7.371912996926251793e+00,1.178024960832291512e+01
1.022933210178167762e+01,-7.496084267262641099e+00,1.156873601008514285e+01
1.059150333494133989e+01,-7.197978233568863793e+00,1.137256540599505250e+01
1.053902070267317193e+01,-7.099083844958535394e+00,1.111113835147146567e+01
1.033805086877809742e+01,-6.910870555822364203e+00,1.089764471289789682e+01
1.004105447366334047e+01,-6.675899502874738545e+00,1.076065096789166908e+01
9.722213969473486372e+00,-6.443844721124701636e+00,1.069709615063462493e+01
9.455480778602458614e+00,-6.256445368385125327e+00,1.067175996188822928e+01
9.293086741078864677e+00,-6.135732128044993239e+00,1.062896406739761446e+01
9.251255495994801237e+00,-6.079178188931288140e+00,1.051267311418032868e+01
9.307448288411112713e+00,-6.063052438712284165e+00,1.028809841287180227e+01
9.409689653598622527e+00,-6.052503078172252415e+00,9.957186136655341357e+00
9.494603538199941184e+00,-6.014698139790533027e+00,9.562269039242714541e+00
9.508045299249156201e+00,-5.930427282124162147e+00,9.176061676082667873e+00
9.421535835470791653e+00,-5.800221030369491437e+00,8.880782603843186962e+00
9.239289914524224656e+00,-5.643029351131445992e+00,8.742941372978078718e+00
8.993920984079872838e+00,-5.488130784995661315e+00,8.791954320794062028e+00
8.732772087329472299e+00,-5.363311573866233140e+00,9.009678048484103030e+00
8.499955669982126594e+00,-5.283649899969388386e+00,9.334502687258424913e+00
8.320531982282881600e+00,-5.245020919025723316e+00,9.678954984132589701e+00
8.192377563475893965e+00,-5.224780039329561809e+00,9.955372661045094773e+00
8.088511895882984248e+00,-5.189554005834593475e+00,1.010158059438977141e+01
7.968929025012603695e+00,-5.107540357518759677e+00,1.009849934451676212e+01
7.797605930031422439e+00,-4.961058457800979760e+00,9.974247436448532511e+00
7.558494350140539275e+00,-4.754889178936966943e+00,9.793687335554960072e+00
7.264594575671340593e+00,-4.517273420401631157e+00,9.637057102950176812e+00
6.956567793277393719e+00,-4.292875801108162470e+00,9.574776461313980747e+00
6.690969133363058319e+00,-4.129743808259288329e+00,9.646591094868142591e+00
6.521839461439274288e+00,-4.064383919770345521e+00,9.851592785478347380e+00
6.481823988282988225e+00,-4.109819656693113998e+00,1.015189861998353926e+01
6.569341757688270889e+00,-4.250625068933645778e+00,1.048816898819256060e+01
6.746462146669196080e+00,-4.446714243614460216e+00,1.080124308703280711e+01
6.948656211499049995e+00,-4.644837939339798716e+00,1.105227347491741696e+01
7.103639495701260742e+00,-4.794227601628563207e+00,1.123446230151293079e+01
7.153432827984719466e+00,-4.861467929794699216e+00,1.137256540599505250e+01
7.072584203778908396e+00,-4.839924076012048104e+00,1.151066851047717421e+01
6.876632056377488311e+00,-4.750818265260863704e+00,1.169285733707268626e+01
6.617988703123803162e+00,-4.635757175061025137e+00,1.194388772495729611e+01
6.370467235403409312e+00,-4.543260041930863302e+00,1.225696182379754262e+01
6.207332234302080920e+00,-4.513722007237068290e+00,1.259323219200656396e+01
6.179817832648407894e+00,-4.567653463580067630e+00,1.289353802651175762e+01
6.302848704908354804e+00,-4.700845675887284969e+00,1.309853971712196241e+01
6.552298383829942452e+00,-4.887740172663012750e+00,1.317035435067612426e+01
6.874330235221983720e+00,-5.091529958730806271e+00,1.310807370903992819e+01
7.203451503195242189e+00,-5.277318863418477335e+00,1.295144347643514493e+01
7.483165694184596539e+00,-5.423743214345473795e+00,1.277088337554157249e+01
7.682429357854930529e+00,-5.529111815738565916e+00,1.264663146747334288e+01
7.802705110428810542e+00,-5.610105919588552759e+00,1.264355021760033360e+01
7.873692950485479791e+00,-5.693710207184334848e+00,1.278975815094500845e+01
7.939689232578549749e+00,-5.805414007569654089e+00,1.306617582785751708e+01
8.041655815509114902e+00,-5.958017657073217066e+00,1.341062812473167831e+01
8.201428806218538980e+00,-6.145159469382136308e+00,1.373545276350600020e+01
8.413618094514141887e+00,-6.342020556632842698e+00,1.395317649119604297e+01
8.647965466767544740e+00,-6.513136853157317496e+00,1.400218943901202628e+01
8.861207792027430585e+00,-6.624718708497226771e+00,1.386434820814691804e+01
9.014116760880970247e+00,-6.657221055541215016e+00,1.356906913590743713e+01
9.087521580511261021e+00,-6.613701050405938808e+00,1.318286177274739224e+01
9.091412837483460407e+00,-6.520833191147163532e+00,1.278794467533476364e+01
9.063583828029216249e+00,-6.421888095280794850e+00,1.245703239911830451e+01
9.057891224827795185e+00,-6.363705073629631670e+00,1.223245769780977810e+01
9.125872855984889398e+00,-6.381779888145433510e+00,1.211616674459249232e+01
9.297890420810551504e+00,-6.488332538079995437e+00,1.207337085010187572e+01
9.570320969034041170e+00,-6.667348484057165514e+00,1.204803466135548007e+01
9.903453066525802484e+00,-6.878373824871575337e+00,1.198447984409843592e+01
1.023125529152148872e+01,-7.068015475682659421e+00,1.184748609909220818e+01
1.048023351229772793e+01,-7.185586568738603575e+00,1.163399246051863756e+01
1.083481730827853085e+01,-6.875984149198895778e+00,1.143539725906684801e+01
1.077872778525376063e+01,-6.777866171510936510e+00,1.117149327852336249e+01
1.056998600591952098e+01,-6.594335806670762246e+00,1.095597686556850547e+01
1.026287306874086802e+01,-6.366672801201103127e+00,1.081768515477909531e+01
9.933812408582669562e+00,-6.142644885871671789e+00,1.075352817880194145e+01
9.658742754736879377e+00,-5.962021012243078566e+00,1.072795193890527266e+01
9.491063364359849430e+00,-5.845373436361586350e+00,1.068475056891862529e+01
9.447063387324076800e+00,-5.789638240018730286e+00,1.056735780132169289e+01
9.503249274331345475e+00,-5.771585955122949585e+00,1.034065533660284864e+01
9.606073908268085049e+00,-5.757699991549645624e+00,1.000660778722669875e+01
9.690551291333775907e+00,-5.716863215950578336e+00,9.607948994311028557e+00
9.701441621550449312e+00,-5.631409682935921701e+00,9.218082457204232583e+00
9.610026976490139816e+00,-5.502777705698165711e+00,8.920005723420139532e+00
9.421160830210528303e+00,-5.349953712218031399e+00,8.780858497152348008e+00
9.168677760305264712e+00,-5.201444943414867517e+00,8.830335824777751697e+00
8.901226842056077615e+00,-5.083785894491934521e+00,9.050122405401083370e+00
8.663794601948049845e+00,-5.010791363778085206e+00,9.378024639190009282e+00
8.481535452012209930e+00,-4.977504860693414912e+00,9.725740495982625688e+00
8.351588847234244994e+00,-4.961145855356467571e+00,1.000477712959627574e+01
8.245673867425850290e+00,-4.928897025100793527e+00,1.015237032979895559e+01
8.122417039793257132e+00,-4.849938956848220961e+00,1.014925988620688813e+01
7.944911358044614680e+00,-4.707574534496852259e+00,1.002383073661452606e+01
7.697116097478050811e+00,-4.507136410004702221e+00,9.841559894600935721e+00
7.393043718534975994e+00,-4.276706769916829742e+00,9.683445647652844102e+00
7.075136645867702967e+00,-4.060061866287339782e+00,9.620574919645955347e+00
6.801981185413594311e+00,-3.903887214883849932e+00,9.693069970667940183e+00
6.629260862336056270e+00,-3.843303447307011567e+00,9.900013977548820066e+00
6.590326882372021799e+00,-3.890415864268711665e+00,1.020316510033823221e+01
6.683094966180258112e+00,-4.029710173852192767e+00,1.054262150767490347e+01
6.868022947017289326e+00,-4.221943349179791305e+00,1.085866186944836898e+01
7.078314189405634949e+00,-4.415434263217085764e+00,1.111207067872731535e+01
7.239425586123179102e+00,-4.561250658407153047e+00,1.129598567802500675e+01
7.291797970117970706e+00,-4.627515705630107945e+00,1.143539725906684801e+01
7.209540486202826948e+00,-4.608342040651598026e+00,1.157480884010868927e+01
7.009003970784323911e+00,-4.524649691883578129e+00,1.175872383940638066e+01
6.744390501150553163e+00,-4.416756911176991096e+00,1.201213264868532526e+01
6.491714219061348601e+00,-4.331277976564017251e+00,1.232817301045879255e+01
6.326178230491917631e+00,-4.306647537182390018e+00,1.266762941779546203e+01
6.300126923524807410e+00,-4.361935547031889016e+00,1.297078054058487417e+01
6.428485492167489213e+00,-4.492422254223907174e+00,1.317772454746575406e+01
6.686100480106098587e+00,-4.673084771936597548e+00,1.325021959848774067e+01
7.017484897872749094e+00,-4.868492777867677646e+00,1.318734887048085191e+01
7.355451592005155526e+00,-5.045513523330861894e+00,1.302923462353276030e+01
7.642319519888419066e+00,-5.184382975915456271e+00,1.284696378151916996e+01
7.846712943964346820e+00,-5.284379095835214812e+00,1.272153463192680789e+01
7.970636544879698526e+00,-5.362286497514400452e+00,1.271842418833474042e+01
8.044912563974364161e+00,-5.444390352406364819e+00,1.286601738853741850e+01
8.115043207878319009e+00,-5.555004230082503547e+00,1.314505402215107210e+01
8.222763908092256102e+00,-5.705744535801842154e+00,1.349276987894368496e+01
8.389905065152111874e+00,-5.889500090203724447e+00,1.382067211273261265e+01
8.610241218085571191e+00,-6.081400129745840211e+00,1.404045869335594432e+01
8.852118032263533109e+00,-6.246621683313580142e+00,1.408993602098134801e+01
9.070812609793810211e+00,-6.352443590084260627e+00,1.395078879471355648e+01
9.226124765423174168e+00,-6.380389201785501285e+00,1.365271206092946521e+01
9.298808556739068365e+00,-6.334150991646453122e+00,1.326284552382266924e+01
9.299790055721608439e+00,-6.240326116742709317e+00,1.286418673090699727e+01
9.268573851419269261e+00,-6.141375250563892330e+00,1.253013918153084738e+01
9.260985259985885065e+00,-6.082850450958861011e+00,1.230343671681200313e+01
9.330150252462576788e+00,-6.098931928074609488e+00,1.218604394921507073e+01
9.507090546769527251e+00,-6.200986654407150134e+00,1.214284257922842336e+01
9.787642876295391758e+00,-6.372971213565963744e+00,1.211726633933175634e+01
1.013045660935712355e+01,-6.575327753699665045e+00,1.205310936335460070e+01
1.046721458437418484e+01,-6.756277654236759744e+00,1.191481765256519232e+01
1.072215575035549762e+01,-6.867009434435943582e+00,1.169930123961033352e+01
1.106879435440554005e+01,-6.546066733175209151e+00,1.149822911213864352e+01
1.100908426183895372e+01,-6.448836864272466052e+00,1.123179832134399803e+01
1.079262779853623755e+01,-6.270260190133065237e+00,1.101421839619646192e+01
1.047550779215030481e+01,-6.050269800227850325e+00,1.087460257914782424e+01
1.013635612695130028e+01,-5.834643490018720513e+00,1.080983131723133539e+01
9.853061928816138959e+00,-5.661103045030538183e+00,1.078401019165683650e+01
9.680161514230533726e+00,-5.548714075805950330e+00,1.074039518007099403e+01
9.633994721193870348e+00,-5.493868300752628109e+00,1.062187840802378780e+01
9.690118118102203582e+00,-5.473870423798078200e+00,1.039300532764907103e+01
9.793435702088451933e+00,-5.456597699039745564e+00,1.005575936205198850e+01
9.877384854201046949e+00,-5.412711360351557310e+00,9.653283517485260035e+00
9.885664170795967820e+00,-5.326136853630227819e+00,9.259684112232569930e+00
9.789340680316655607e+00,-5.199236235664997707e+00,8.958753373196236325e+00
9.593913997990391351e+00,-5.051014355078934592e+00,8.818273849336609516e+00
9.334429810914445014e+00,-4.909164255233587681e+00,8.868224909182295335e+00
9.060820209944479231e+00,-4.798918537938789086e+00,9.090115887715210619e+00
8.818918132983574409e+00,-4.732790801869301234e+00,9.421157697966794586e+00
8.633949130029764163e+00,-4.704981884159021632e+00,9.772202841379586502e+00
8.502304287161974727e+00,-4.692595198068983287e+00,1.005391117636284726e+01
8.394405303649071115e+00,-4.663412382880096629e+00,1.020291754210591151e+01
8.267525847422177776e+00,-4.587646306222294967e+00,1.019977731684575950e+01
8.083894432450312806e+00,-4.449618676316002386e+00,1.007314721658819323e+01
7.827493845723051180e+00,-4.255219222884983665e+00,9.889131179859694143e+00
7.513354261252075617e+00,-4.032340666122011363e+00,9.729503031153774018e+00
7.185691546292503062e+00,-3.823810682942361261e+00,9.666030332688922755e+00
6.905104237581612736e+00,-3.674880673276040177e+00,9.739219504495686408e+00
6.728895003867068070e+00,-3.619224234972592047e+00,9.948144945066674794e+00
6.691101642761379864e+00,-3.667998926291794692e+00,1.025419865903010930e+01
6.789128975214234529e+00,-3.805615734415365381e+00,1.059690527096056378e+01
6.981831471680655987e+00,-3.993729382182471976e+00,1.091597163493477396e+01
7.200167325888834569e+00,-4.182307877321807865e+00,1.117180676599826228e+01
7.367365119233959092e+00,-4.324338699649861617e+00,1.135748270237848701e+01
7.422314229418720544e+00,-4.389544398847065487e+00,1.149822911213864352e+01
7.338702103915151653e+00,-4.372805211690317329e+00,1.163897552189880003e+01
7.133691394291242105e+00,-4.294712538985619332e+00,1.182465145827902475e+01
6.863254699335096909e+00,-4.194231754339856622e+00,1.208048658934251307e+01
6.605574317508091653e+00,-4.115989710385681732e+00,1.239955295331672325e+01
6.437754761691539152e+00,-4.096385107062045172e+00,1.274225956524717596e+01
6.413220264440760765e+00,-4.153001068606472224e+00,1.304831327921061046e+01
6.546881818866150837e+00,-4.280601703555836579e+00,1.325723871978160062e+01
6.812564148073528614e+00,-4.454734657173965218e+00,1.333042789158836428e+01
7.153153082121206374e+00,-4.641407597537181573e+00,1.326695519312351301e+01
7.499800949250814419e+00,-4.809317650276251577e+00,1.310732704441759289e+01
7.793676413586986484e+00,-4.940350546258759579e+00,1.292331100768909558e+01
8.003096056547684967e+00,-5.034772664029602218e+00,1.279668090743152753e+01
8.130615019848965730e+00,-5.109457393279393855e+00,1.279354068217137552e+01
8.208168847480655117e+00,-5.189951064863816299e+00,1.294254704791443800e+01
8.282443769973061976e+00,-5.299344988528366329e+00,1.322425538289770230e+01
8.395922407095300244e+00,-5.448037513138122456e+00,1.357530052631049067e+01
8.570407798297919655e+00,-5.628160639283944278e+00,1.390634233656207641e+01
8.798829287346364936e+00,-5.814815280977312817e+00,1.412823331509499170e+01
9.048140937900864600e+00,-5.973866200705525209e+00,1.417818437494067751e+01
9.272176284215284170e+00,-6.073713472332238794e+00,1.403770485108104893e+01
9.429784338880619288e+00,-6.096987551533874949e+00,1.373677411204471888e+01
9.501661566253368107e+00,-6.048024744399003616e+00,1.334317470679202877e+01
9.499676645540528597e+00,-5.953317136712811042e+00,1.294069886222529853e+01
9.465039223944128111e+00,-5.854458049085595306e+00,1.260345289662821777e+01
9.455525844442435712e+00,-5.795642690770980821e+00,1.237457981625350101e+01
9.525828585660750747e+00,-5.809676806264317150e+00,1.225606304420629300e+01
9.707611200135826124e+00,-5.907046795695585217e+00,1.221244803262044876e+01
9.996163872140067852e+00,-6.071695646960794335e+00,1.218662690704595342e+01
1.034850620895687534e+01,-6.265017749546437642e+00,1.212185564512946279e+01
1.069405898538384925e+01,-6.436930950914075744e+00,1.198223982808082511e+01
1.095482561431137114e+01,-6.540583226769395964e+00,1.176465990293328900e+01
1.129316083330128428e+01,-6.208467706068552694e+00,1.156106096521043902e+01
1.122982001005904529e+01,-6.112240522719833535e+00,1.129205597359002589e+01
1.100571660387791439e+01,-5.938892197762807967e+00,1.107237383487582782e+01
1.067871381029392630e+01,-5.726943126759305613e+00,1.093140907782492732e+01
1.032961587224753330e+01,-5.520096843491221428e+00,1.086601200897593600e+01
1.003822197768997881e+01,-5.353950605834624454e+00,1.083994140486865376e+01
9.860172843083972793e+00,-5.246015155788979811e+00,1.079590499379476576e+01
9.811843604118868356e+00,-5.192130941339589967e+00,1.067624313648334677e+01
9.867847075406350754e+00,-5.170169900919742823e+00,1.044515873034279352e+01
9.971563628194036966e+00,-5.149462256937274773e+00,1.010465436191420174e+01
1.005489023406460625e+01,-5.102511377886649768e+00,9.698289876517540264e+00
1.006049977395055173e+01,-5.014880965433039073e+00,9.300887592809992555e+00
9.959269057188734564e+00,-4.889872308596647343e+00,8.997049321372410091e+00
9.757350819634766026e+00,-4.746489992545429359e+00,8.855212512548668258e+00
9.490990156690028101e+00,-4.611569380940281349e+00,8.905646189508987121e+00
9.211376949404261438e+00,-4.508990738373464424e+00,9.129681034141109208e+00
8.965160989345967835e+00,-4.449928776079971726e+00,9.463921303920482586e+00
8.777615067101542934e+00,-4.427731180794664212e+00,9.818358175051230319e+00
8.644371050206865803e+00,-4.419406004771204266e+00,1.010278831942587807e+01
8.534557813508712343e+00,-4.393377704805898176e+00,1.025323435476792611e+01
8.404112821887391505e+00,-4.320941224696828620e+00,1.025006378928158135e+01
8.214421241655713857e+00,-4.187472497299456364e+00,1.012221021441104618e+01
7.949505872918736671e+00,-3.999423197212616188e+00,9.936416251669236033e+00
7.625419216593471106e+00,-3.784464971541803724e+00,9.775245807829223921e+00
7.288140563484217793e+00,-3.584415679784036080e+00,9.711159848891309565e+00
7.000258864520718660e+00,-3.443019550490638458e+00,9.785056159786387653e+00
6.820669819418393232e+00,-3.392441441836360205e+00,9.996000196031090468e+00
6.784076987804329661e+00,-3.442861672391541283e+00,1.030501093955129654e+01
6.887367015716983509e+00,-3.578630682122925677e+00,1.065102871398213580e+01
7.087801241302109645e+00,-3.762356712733257780e+00,1.097317783312577433e+01
7.314118460547351042e+00,-3.945738907837686327e+00,1.123148479187734594e+01
7.487352786365626400e+00,-4.083768691157757758e+00,1.141895469188816215e+01
7.544873377208473286e+00,-4.147829239325738548e+00,1.156106096521043902e+01
7.459964193630659324e+00,-4.133588356395194729e+00,1.170316723853271412e+01
7.250598199438976543e+00,-4.061281833859350598e+00,1.189063713854353210e+01
6.974496660835711737e+00,-3.968456979487651637e+00,1.214894409729510194e+01
6.711973613850394926e+00,-3.897670095735907836e+00,1.247109321643874047e+01
6.541994482906703823e+00,-3.883208114085212603e+00,1.281711099086958150e+01
6.519030693921683550e+00,-3.941120974230643448e+00,1.312612173438978758e+01
6.657963825928084667e+00,-4.065651914268456402e+00,1.333706577063448862e+01
6.931603254537114012e+00,-4.232954637162583467e+00,1.341096208152956848e+01
7.281233397755459968e+00,-4.410536651818047993e+00,1.334687612259165412e+01
7.636382944859920308e+00,-4.568991688920480243e+00,1.318570567875164201e+01
7.937106973265362519e+00,-4.691905278876197904e+00,1.299991171600983364e+01
8.151440178458219776e+00,-4.780551056867147430e+00,1.287205814113929847e+01
8.282496243220894172e+00,-4.851875999058501421e+00,1.286888757565295194e+01
8.363313538401188296e+00,-4.930647720843352566e+00,1.301933361099499820e+01
8.441738431525317665e+00,-5.038688512827305566e+00,1.330376375536964950e+01
8.560972611531305176e+00,-5.185144705954333411e+00,1.365820062650039368e+01
8.742769384381359643e+00,-5.361384734774946814e+00,1.399244089627976884e+01
8.979203645554346025e+00,-5.542505588745629375e+00,1.421647574091189092e+01
9.235844065992543150e+00,-5.695107255832105864e+00,1.426690941787220979e+01
9.465098961534094357e+00,-5.788764375600680800e+00,1.412507260904846795e+01
9.624889391946469530e+00,-5.807253308743994147e+00,1.382123433761088549e+01
9.695872454525918727e+00,-5.755562294521367583e+00,1.342383205390333956e+01
9.690865764675123728e+00,-5.660049775204402778e+00,1.301746756850667630e+01
9.652775698694380679e+00,-5.561383282842264464e+00,1.267696320007808630e+01
9.641309857866264821e+00,-5.502330674206621808e+00,1.244587879393753127e+01
9.712701906088069492e+00,-5.514263794354741677e+00,1.232621693662611229e+01
9.899238317857953717e+00,-5.606760944551484549e+00,1.228218052555222428e+01
1.019565688262573744e+01,-5.763767341025863189e+00,1.225610992144494205e+01
1.055735900515245618e+01,-5.947686697836749303e+00,1.219071285259595072e+01
1.091153038342021020e+01,-6.110216296762295940e+00,1.204974809554505200e+01
1.117797382489833780e+01,-6.206548383424443927e+00,1.183006595683085216e+01
1.150764740761710847e+01,-5.863439217989490970e+00,1.162389281828223631e+01
1.144066945615505304e+01,-5.768332058865230039e+00,1.135226877568687520e+01
1.120899780664617040e+01,-5.600490165299863321e+00,1.113044779666301487e+01
1.087225191974063598e+01,-5.396954555049256363e+00,1.098811059710774529e+01
1.051336862026241548e+01,-5.199269653528556745e+00,1.092207681792897134e+01
1.021401329020576121e+01,-5.040830602796107840e+00,1.089575238863914031e+01
1.003089602599404628e+01,-4.937545172979913133e+00,1.085128723605877887e+01
9.980411307197403659e+00,-4.884696023611965643e+00,1.073046034273011884e+01
1.003623559970923296e+01,-4.860755872580202031e+00,1.049712608302531791e+01
1.014025349223914851e+01,-4.836567401048701420e+00,1.015330654080483797e+01
1.022286073353107660e+01,-4.786539963357398619e+00,9.742985663018387754e+00
1.022574275669281185e+01,-4.697922121130996054e+00,9.341714243528931760e+00
1.011961204172185091e+01,-4.574969348019278570e+00,9.034917781924535873e+00
9.911280922744873934e+00,-4.436666646496317590e+00,8.891700040240792191e+00
9.638180446855258765e+00,-4.308947710266862074e+00,8.942624742925271875e+00
9.352730778476688656e+00,-4.214289837844984454e+00,9.168840806109219699e+00
9.102367075348263725e+00,-4.162491398809966547e+00,9.506335261988109409e+00
8.912384605059127551e+00,-4.146037060601268642e+00,9.864222954708823821e+00
8.777645657237297172e+00,-4.141861022100889578e+00,1.015142233039937381e+01
8.665992456565170698e+00,-4.119075177176678260e+00,1.030333311861892653e+01
8.532044999848505284e+00,-4.050106810115151390e+00,1.030013168429041670e+01
8.336367911000271747e+00,-3.921421489527586957e+00,1.017103331828088386e+01
8.063041020586787511e+00,-3.740037231531318618e+00,9.983430452825681201e+00
7.729142769620411357e+00,-3.533372178680558306e+00,9.820690842534411047e+00
7.382403516859843862e+00,-3.342172190831591116e+00,9.755980938322373675e+00
7.087377816145985499e+00,-3.208600490800369354e+00,9.830596708748405632e+00
6.904525594513878595e+00,-3.163251100118926296e+00,1.004359451054019914e+01
6.869193881836006987e+00,-3.215297703254707429e+00,1.035561380376876173e+01
6.977744213067249568e+00,-3.349044917213805483e+00,1.070500043088896369e+01
7.185857175537270436e+00,-3.528111089230280051e+00,1.103028601586355073e+01
7.420081328935722809e+00,-3.706009329503568761e+00,1.129110786881124362e+01
7.599293795220776637e+00,-3.839819808014571123e+00,1.148040298857519126e+01
7.659377532456474569e+00,-3.902647780072411532e+00,1.162389281828223631e+01
7.573232300689808127e+00,-3.890968370970215418e+00,1.176738264798927958e+01
7.359638904839647111e+00,-3.824634266012727490e+00,1.195667776775322899e+01
7.078042702090858285e+00,-3.739708907461718024e+00,1.221749962070092188e+01
6.810849395661087158e+00,-3.676594439169507567e+00,1.254278520567550714e+01
6.638841342788687427e+00,-3.667390016358767824e+00,1.289217183279570911e+01
6.617502216002637994e+00,-3.726566198110669248e+00,1.320419112602427347e+01
6.761668482972742922e+00,-3.847841049827255500e+00,1.341718892781606698e+01
7.043142014192412148e+00,-4.008010380080156310e+00,1.349180469824209894e+01
7.401634272850083462e+00,-4.176143795084199972e+00,1.342709479403006156e+01
7.765090280434034931e+00,-4.324798484278146837e+00,1.326435518373879141e+01
8.072490742905113592e+00,-4.439309591794094345e+00,1.307675231828358875e+01
8.291615461223557304e+00,-4.521976348454230354e+00,1.294765395227405591e+01
8.426144381890763313e+00,-4.589803528257855980e+00,1.294445251794554608e+01
8.510206622391971010e+00,-4.666739681470486900e+00,1.309636330616509703e+01
8.592782674947020638e+00,-4.773291166219019388e+00,1.338356268185565057e+01
8.717763408419097360e+00,-4.917318595980956886e+00,1.374145037457635965e+01
8.906829318288739472e+00,-5.089420728029940832e+00,1.407894483045525291e+01
9.151192251074117934e+00,-5.264715859363934491e+00,1.430516089363920074e+01
9.415043473109209415e+00,-5.410587478376361226e+00,1.435608559632368042e+01
9.649386668337507800e+00,-5.497838605778479604e+00,1.421286785463993674e+01
9.811239620365601155e+00,-5.511430331051619724e+00,1.390607139303554263e+01
9.881238950020364342e+00,-5.457010464584931775e+00,1.350479997354608663e+01
9.873156679133700209e+00,-5.360774412436402514e+00,1.309447909575963465e+01
9.831585380467011248e+00,-5.262404542818922337e+00,1.275065955353915648e+01
9.818140673641496008e+00,-5.203170073763768499e+00,1.251732529383435377e+01
9.890570706793225142e+00,-5.212949118631811096e+00,1.239649840050569374e+01
1.008176400212963664e+01,-5.300384444919885141e+00,1.235203324792533230e+01
1.038590053494726995e+01,-5.449439856884685796e+00,1.232570881863550127e+01
1.075677729053621690e+01,-5.623586275445162208e+00,1.225967503945672732e+01
1.111937532428265563e+01,-5.776384190715944555e+00,1.211733783990145774e+01
1.139133544750070293e+01,-5.865155502528941689e+00,1.189551686087759741e+01
1.171198949757776830e+01,-5.511243919493120202e+00,1.168672467135403181e+01
1.164137202545314942e+01,-5.417376750630193527e+00,1.141243931232165387e+01
1.140222224518929295e+01,-5.255322288790445384e+00,1.118844497702229290e+01
1.105588893587853860e+01,-5.060574974638308632e+00,1.104471318689560100e+01
1.068739792248188536e+01,-4.872434943855703082e+00,1.097803242234598997e+01
1.038023328015457736e+01,-4.722017592624342619e+00,1.095145007171865537e+01
1.019213705283514315e+01,-4.623579865638991038e+00,1.090654925872949654e+01
1.013950655384606847e+01,-4.571840544880532597e+00,1.078453852838045712e+01
1.019509063942792437e+01,-4.545907098267471191e+00,1.054891810764683768e+01
1.029930862600924613e+01,-4.518194392457218989e+00,1.020172989235038230e+01
1.038109727893526468e+01,-4.465081544576359640e+00,9.787388775095914539e+00
1.038119527715045010e+01,-4.375548185473551399e+00,9.382185780867386526e+00
1.027017771808508684e+01,-4.254818319309335628e+00,9.072383390707164708e+00
1.005552246339221156e+01,-4.121837422840989085e+00,8.927762431081541550e+00
9.775831229188494120e+00,-4.001593103434856857e+00,8.979186083516601968e+00
9.484724608791234246e+00,-3.915108997904709565e+00,9.207618565105621045e+00
9.230389673864159761e+00,-3.870770023188944364e+00,9.548419722166965329e+00
9.038118550648640337e+00,-3.860188629412653505e+00,9.909813924805368046e+00
8.901994137569225529e+00,-3.860247475127666306e+00,1.019982722083935833e+01
8.788579882574431679e+00,-3.840791206532514490e+00,1.035322639968069147e+01
8.651199204627312511e+00,-3.775430081219576905e+00,1.034999359835786237e+01
8.449620705510911378e+00,-3.651754635663996496e+00,1.021963035314187174e+01
8.167998766911319208e+00,-3.477353114299748249e+00,1.003018939344178229e+01
7.824440313913833656e+00,-3.279356932450049111e+00,9.865855293959924666e+00
7.468411972871119353e+00,-3.097376930791708283e+00,9.800511375431364414e+00
7.166405978802410814e+00,-2.971920855268242789e+00,9.875858215811284424e+00
6.980414903970825868e+00,-2.931949538005212297e+00,1.009094292620491373e+01
6.946405464304465482e+00,-2.985600819025401531e+00,1.040601932021807841e+01
7.060207524535888624e+00,-3.117148762518489491e+00,1.075882916556574109e+01
7.275935550730620704e+00,-3.291279129782934021e+00,1.108730183171968875e+01
7.517980544330765902e+00,-3.463402495892717869e+00,1.135067916347459871e+01
7.703103870199645264e+00,-3.592772994260950092e+00,1.154182895784268403e+01
7.765739167329513748e+00,-3.654279469356233712e+00,1.168672467135403181e+01
7.678422372756522840e+00,-3.645223846203086815e+00,1.183162038486537782e+01
7.460738641568409157e+00,-3.585047731300071927e+00,1.202277017923346492e+01
7.173830023070375539e+00,-3.508264421138250988e+00,1.228614751098837488e+01
6.902150049966053302e+00,-3.453037993555433616e+00,1.261462017714232076e+01
6.728250454170373374e+00,-3.449203814076553520e+00,1.296743002248998344e+01
6.708589864373680101e+00,-3.509607151321884722e+00,1.328250641650314989e+01
6.857943466632833385e+00,-3.627437060992412476e+00,1.349759112689677742e+01
7.147114899877636596e+00,-3.780167966621639231e+00,1.357293796727669921e+01
7.514273906686800508e+00,-3.938494099487013234e+00,1.350759404874813896e+01
7.885824986642584022e+00,-4.077002920999499125e+00,1.334325994926628134e+01
8.199716248116894590e+00,-4.182828640580435575e+00,1.315381898956619189e+01
8.423500787877992835e+00,-4.259313847668505737e+00,1.302345574435020126e+01
8.561432140345772268e+00,-4.323504730056840550e+00,1.302022294302737215e+01
8.648716419866495642e+00,-4.398490023096335300e+00,1.317362212186870529e+01
8.735440044951078065e+00,-4.503413195709550898e+00,1.346363541790269736e+01
8.866151375456233552e+00,-4.644815808112498168e+00,1.382502962054109652e+01
9.062434331599519055e+00,-4.812521517409638960e+00,1.416583077760244258e+01
9.314629823615995008e+00,-4.981695979888560721e+00,1.439426325919146166e+01
9.585561566490849117e+00,-5.120555165910356976e+00,1.444568691162652208e+01
9.824851517122761280e+00,-5.201184668695417734e+00,1.430106595200089892e+01
9.988640733232442059e+00,-5.209769055163704365e+00,1.399126356184067888e+01
1.005756490567804562e+01,-5.152622835266222445e+00,1.358606056761215086e+01
1.004635500886750954e+01,-5.055748191674798164e+00,1.317171945035768310e+01
1.000127697087721756e+01,-4.957782109374158530e+00,1.282453123506122772e+01
9.985828405325282375e+00,-4.898423234337723642e+00,1.258891081432760650e+01
1.005924217978997781e+01,-4.905995846517958725e+00,1.246690008397856708e+01
1.025498679969556726e+01,-4.988179911906953201e+00,1.242199927098940648e+01
1.056667947258458895e+01,-5.128974708383310599e+00,1.239541692036207365e+01
1.094652886974466455e+01,-5.292976944996413025e+00,1.232873615581246263e+01
1.131734541409763040e+01,-5.435694736255017645e+00,1.218500436568577072e+01
1.159465033007936974e+01,-5.516665407332770776e+00,1.196101003038640975e+01
1.190592775089115918e+01,-5.152155009616588899e+00,1.174955652442582732e+01
1.183167260668128762e+01,-5.059650272558995354e+00,1.147257020989238185e+01
1.158514664899012381e+01,-4.903666619457916376e+00,1.124637014719193395e+01
1.122939808952834717e+01,-4.718084339168115093e+00,1.110122299471928820e+01
1.085149425824559799e+01,-4.539873957287236195e+00,1.103388560825423426e+01
1.053668670104935856e+01,-4.397793645620763137e+00,1.100704149467166459e+01
1.034370952048997871e+01,-4.304402054701141900e+00,1.096169853231560687e+01
1.028894580691690130e+01,-4.253848468775420777e+00,1.083848633224726576e+01
1.034422693450299491e+01,-4.225909440720851507e+00,1.060054569918518119e+01
1.044854020066152245e+01,-4.194631848593834533e+00,1.024993863600227861e+01
1.052940874824961703e+01,-4.138428109797845700e+00,9.831517399692550896e+00
1.052666765835576435e+01,-4.048054599493648098e+00,9.422324271757393177e+00
1.041078264230530692e+01,-3.929717520710351408e+00,9.109471181140904150e+00
1.018990242371041077e+01,-3.802302272192185306e+00,8.963426103298221648e+00
9.903782212731522705e+00,-3.689805620058018931e+00,9.015356137107115586e+00
9.607210770009416478e+00,-3.611746901106272833e+00,9.246038049617084198e+00
9.349091635760581553e+00,-3.575060925208313645e+00,9.590195159628969179e+00
9.154687337334648234e+00,-3.570479459745730111e+00,9.955148100010843493e+00
9.017292170827341025e+00,-3.574856731321941261e+00,1.024801722841615970e+01
8.902200457720862659e+00,-3.558816075033552018e+00,1.040292696676169903e+01
8.761462155625055814e+00,-3.497201616502143562e+00,1.039966233124783912e+01
8.554076116051492207e+00,-3.378764019487173975e+00,1.026801536704099327e+01
8.264289280463140486e+00,-3.211665094622240701e+00,1.007670893554162639e+01
7.911238464995056674e+00,-3.022715554508199176e+00,9.910756597698179959e+00
7.546109215484390731e+00,-2.850327474720153020e+00,9.844769221506281198e+00
7.237300307856323833e+00,-2.733278167746146181e+00,9.920858020785248144e+00
7.048302519270194466e+00,-2.698832810374057090e+00,1.013806072330861419e+01
7.015676949443568233e+00,-2.754064456172252484e+00,1.045623975219324642e+01
7.134715648970414215e+00,-2.883232425355643169e+00,1.081252380300336746e+01
7.357983932386723325e+00,-3.052147820534502287e+00,1.114423102042074376e+01
7.607751556946003468e+00,-3.218202675199466345e+00,1.141020189364490989e+01
7.798709232183703932e+00,-3.342910527001550669e+00,1.160323398712822218e+01
7.863881093037313086e+00,-3.403005226996165700e+00,1.174955652442582732e+01
7.775460733331612140e+00,-3.396634638006177376e+00,1.189587906172343246e+01
7.553833097835936705e+00,-3.342800882630267978e+00,1.208891115520674475e+01
7.261806613807417321e+00,-3.274400490367292083e+00,1.235488202843090910e+01
6.985834932775238926e+00,-3.227275461175058702e+00,1.268658924584828718e+01
6.810187938318193801e+00,-3.228921543254120508e+00,1.304287329665840645e+01
6.792259540694548292e+00,-3.290513223396310138e+00,1.336105232554304045e+01
6.946747014782676644e+00,-3.404707212225880131e+00,1.357825502806640650e+01
7.243466531429938016e+00,-3.549693453415002420e+00,1.365434382734537344e+01
7.619080204379280019e+00,-3.697853460146692139e+00,1.358835645115347468e+01
7.998498405262561839e+00,-3.825871567656848438e+00,1.342240411331002825e+01
8.318681018803186333e+00,-3.922729994020399236e+00,1.323109768181066315e+01
8.546983824534372332e+00,-3.992831796364956887e+00,1.309945071760381552e+01
8.688240829192329429e+00,-4.053247603998318738e+00,1.309618608208995560e+01
8.778719663513230742e+00,-4.126165267289713334e+00,1.325109582043549317e+01
8.869582233461635212e+00,-4.229318481822240905e+00,1.354396494884081292e+01
9.006000877919044356e+00,-4.367896887487292545e+00,1.390891788922268368e+01
9.209438509749849899e+00,-4.530944359862751014e+00,1.425307499923457044e+01
9.469357989778892204e+00,-4.693700767245355010e+00,1.448375691174453905e+01
9.747227282247942881e+00,-4.825264167075049571e+00,1.453568694555343299e+01
9.991311915468822136e+00,-4.899057177224417359e+00,1.438964186771074871e+01
1.015690468572038085e+01,-4.902526413508267566e+00,1.407678877709426324e+01
1.022466054463601459e+01,-4.842659657114474214e+00,1.366759564915910552e+01
1.021027297674999268e+01,-4.745234916242451639e+00,1.324917441284937603e+01
1.016166601569308270e+01,-4.647782832618058357e+00,1.289856734966647522e+01
1.014419015472397412e+01,-4.588359044122099384e+00,1.266062671660439065e+01
1.021853047450383656e+01,-4.593673762298195129e+00,1.253741451653604777e+01
1.041871198481141292e+01,-4.670417129452117067e+00,1.249207155417999004e+01
1.073778467679369442e+01,-4.802641296162617479e+00,1.246522744059742038e+01
1.112638742828961469e+01,-4.956127932187095020e+00,1.239789005413236822e+01
1.150519773524406375e+01,-5.088417658401061416e+00,1.225274290165972069e+01
1.178766355561912249e+01,-5.161349189100411294e+00,1.202654283895927279e+01
1.208920852637896637e+01,-4.786456259789652279e+00,1.181238837749762283e+01
1.201132202885217737e+01,-4.695438702687002142e+00,1.153266413391604850e+01
1.175753408625911334e+01,-4.545811036305314801e+00,1.130422814947556986e+01
1.139255943046911135e+01,-4.369771595370155914e+00,1.115764625967419477e+01
1.100545539059816491e+01,-4.201876041181069610e+00,1.108964326275565071e+01
1.068318596197100767e+01,-4.068448195807666146e+00,1.106253380292854516e+01
1.048543492445953973e+01,-3.980301471320920825e+00,1.101674263859553449e+01
1.042855355452557298e+01,-3.931010542831134380e+00,1.089231252181452447e+01
1.048346731166210688e+01,-3.901055681910255313e+00,1.065201991489377420e+01
1.058776753881550547e+01,-3.866175559352694524e+00,1.029794720300405864e+01
1.066761229767625352e+01,-3.806879019220493987e+00,9.875389994636735835e+00
1.066197871855173140e+01,-3.715744178541998011e+00,9.462152111807620614e+00
1.054125216085633099e+01,-3.599972358613695800e+00,9.146206559507461975e+00
1.031425690367902881e+01,-3.478367736267751642e+00,8.998717868605286441e+00
1.002188252245556299e+01,-3.373891235894483032e+00,9.051161215673989346e+00
9.720051224260432221e+00,-3.304507442716471566e+00,9.284123351704034022e+00
9.458345557894785927e+00,-3.275664978251864756e+00,9.631682354514156330e+00
9.261971174802859252e+00,-3.277207255794798879e+00,1.000024274842078320e+01
9.123425215962308599e+00,-3.285983959933749698e+00,1.029600680286355185e+01
9.006744377372561061e+00,-3.273443592225240728e+00,1.045244777885586274e+01
8.862730563106243409e+00,-3.215715190458574124e+00,1.044915087337076010e+01
8.649640928884467783e+00,-3.102744435205968543e+00,1.031620261726432375e+01
8.351833454590734007e+00,-2.943269453685715575e+00,1.012300517740673378e+01
7.989475051201203826e+00,-2.763745570708007193e+00,9.955412449036586509e+00
7.615450191002347324e+00,-2.601321743377502216e+00,9.888772806849560837e+00
7.300029732256898996e+00,-2.492969568874756625e+00,9.965613721748875165e+00
7.108165286783016512e+00,-2.464196139098875804e+00,1.018496340972736292e+01
7.076985497165166450e+00,-2.520981134456948602e+00,1.050628754564428924e+01
7.201238909376106889e+00,-2.647585468997058822e+00,1.086609336053052033e+01
7.431961083017952774e+00,-2.811004022242301392e+00,1.120107940718381556e+01
7.689340591088942745e+00,-2.970694592719916649e+00,1.146967932502696463e+01
7.886046558203727130e+00,-3.090515586001285619e+00,1.166461948453462050e+01
7.953736426384222291e+00,-3.149107025800210291e+00,1.181238837749762283e+01
7.864284035539801820e+00,-3.145481443885424611e+00,1.196015727046062516e+01
7.638868442506273837e+00,-3.098172688386685358e+00,1.215509742996828102e+01
7.341931137916814620e+00,-3.038393706984550136e+00,1.242369734781143009e+01
7.061874214002348715e+00,-2.999580509198826128e+00,1.275868339446472355e+01
6.884630743843052514e+00,-3.006813783443368582e+00,1.311848920935095464e+01
6.868487828051521582e+00,-3.069552298314039085e+00,1.343981334526788274e+01
7.028047757600310419e+00,-3.179917621583866705e+00,1.365916303324637049e+01
7.332151543949546380e+00,-3.316852447843369855e+00,1.373600394814568482e+01
7.715990693843148840e+00,-3.454488208968227170e+00,1.366936430595865914e+01
8.103031156334100871e+00,-3.571672326753846605e+00,1.350177157758851187e+01
8.429291599173561522e+00,-3.659283313018680150e+00,1.330857413773092368e+01
8.661961060912689803e+00,-3.722801069033346621e+00,1.317562588162448733e+01
8.806460423787390468e+00,-3.779303115004026825e+00,1.317232897613938292e+01
8.900101566962680621e+00,-3.850035110742139555e+00,1.332876995213169202e+01
8.995089156995549118e+00,-3.951274287874008806e+00,1.362453400657446423e+01
9.137184159870242794e+00,-4.086826075441692296e+00,1.399309440048108755e+01
9.347703405846312208e+00,-4.244950680225218598e+00,1.434065340329121163e+01
9.615225427822803539e+00,-4.400989813405129070e+00,1.457361553932125631e+01
9.899876265164536449e+00,-4.524973758844447858e+00,1.462605888638995921e+01
1.014859277851471298e+01,-4.591716750565085547e+00,1.447857019548778368e+01
1.031584991585125621e+01,-4.589965741576990332e+00,1.416262464318762682e+01
1.038234270972886542e+01,-4.527387752143030575e+00,1.374938676035851159e+01
1.036472966039443477e+01,-4.429504936070322252e+00,1.332682955199118702e+01
1.031257515391789603e+01,-4.332680002359683868e+00,1.297275684010147323e+01
1.029305026110340826e+01,-4.273252794986106551e+00,1.273246423318072296e+01
1.036825695771624289e+01,-4.276259231670135108e+00,1.260803411639971117e+01
1.057275184524663203e+01,-4.347372935332208144e+00,1.256224295206670050e+01
1.089901379369351631e+01,-4.470716826726572890e+00,1.253513349223959672e+01
1.129613291002595865e+01,-4.613317185226157413e+00,1.246713049532105089e+01
1.168269527372226335e+01,-4.734832299953985135e+00,1.232054860551967579e+01
1.197012590787888442e+01,-4.799488226989135242e+00,1.209211262107919715e+01
1.226158438995248900e+01,-4.414442012436015972e+00,1.187522023056941833e+01
1.218007754935362108e+01,-4.325038504456220068e+00,1.159272378639806966e+01
1.191915442037198858e+01,-4.182053195501614695e+00,1.136202389246343003e+01
1.154516023676878156e+01,-4.015934591488812266e+00,1.121398930626307866e+01
1.114908672489339381e+01,-3.858738515211461717e+00,1.114531236723014729e+01
1.081955144368487964e+01,-3.734277875802880509e+00,1.111793423973391803e+01
1.061714294916255064e+01,-3.651574570627807770e+00,1.107168926313513779e+01
1.055816259389541223e+01,-3.603624102609465307e+00,1.094602598458484621e+01
1.061264297764029862e+01,-3.571645324933651278e+00,1.070335196338946915e+01
1.071681842468949242e+01,-3.533128288033552167e+00,1.034577022214943476e+01
1.079553368605486696e+01,-3.470740800354195077e+00,9.919025270427264118e+00
1.078695609845791203e+01,-3.378926893880468185e+00,9.501692003201615222e+00
1.066142072467591007e+01,-3.265895107049931578e+00,9.182615279876706893e+00
1.042843140633369181e+01,-3.150346680104075148e+00,9.033664905744400286e+00
1.012999094525296151e+01,-3.054161547677001654e+00,9.086627991380671787e+00
9.823117770085907807e+00,-2.993699412994578424e+00,9.321898893224608074e+00
9.558033949332040535e+00,-2.972887320476706563e+00,9.672902371423187873e+00
9.359860185928726040e+00,-2.980673513079144410e+00,1.004511537451474901e+01
9.220288627271797210e+00,-2.993927787327063772e+00,1.034381059171860784e+01
9.102111765268935173e+00,-2.984970743777646263e+00,1.050180197235356871e+01
8.954911208322641869e+00,-2.931267407908127343e+00,1.049847239296357593e+01
8.736232278704704868e+00,-2.823992996348594353e+00,1.036420655626680976e+01
8.430562922658197067e+00,-2.672464077870921439e+00,1.016909443768899735e+01
8.059099082346175891e+00,-2.502745242833817940e+00,9.999840785494439999e+00
7.676401427720705328e+00,-2.350657495658923679e+00,9.932540712688288309e+00
7.354575031706267474e+00,-2.251291279619620944e+00,1.001014315768193796e+01
7.159991977590951073e+00,-2.228333364527534499e+00,1.023166670562549285e+01
7.130320055942988233e+00,-2.286641915589634255e+00,1.055617531689461686e+01
7.259759109133781863e+00,-2.410496295178090165e+00,1.091954697891465642e+01
7.497836846027553293e+00,-2.568133986431837990e+00,1.125785289696775315e+01
7.762704560822578870e+00,-2.721162981176632023e+00,1.152911476802998791e+01
7.965062921478655689e+00,-2.835871829794671672e+00,1.172598687744029888e+01
8.035248537492881482e+00,-2.892867479127716912e+00,1.187522023056941833e+01
7.944839196705355988e+00,-2.892045386336675961e+00,1.202445358369853601e+01
7.715801228087862285e+00,-2.851441999652037929e+00,1.222132569310884698e+01
7.414172793877076728e+00,-2.800519831111305535e+00,1.249258756417108174e+01
7.130248698696597387e+00,-2.770225298861751728e+00,1.283089348222418025e+01
6.951566441295611298e+00,-2.783149180796268496e+00,1.319426514424421804e+01
6.937261780609501827e+00,-2.846990286237039314e+00,1.351877375551334381e+01
7.101824526459420639e+00,-2.953332815323734373e+00,1.374029730345689693e+01
7.413134436337353250e+00,-3.081909695334896782e+00,1.381789974845054836e+01
7.804952425801621629e+00,-3.208664737951537393e+00,1.375059967564439667e+01
8.199353090939236921e+00,-3.314674091146029511e+00,1.358134602344983932e+01
8.531463545462161235e+00,-3.392760033270567632e+00,1.338623390487202869e+01
8.768337840063036737e+00,-3.449494874344005702e+00,1.325196806817526252e+01
8.915989613146891202e+00,-3.501944909177240550e+00,1.324863848878526795e+01
9.012755884745406121e+00,-3.570372155380139745e+00,1.340662986942022705e+01
9.111849026633095150e+00,-3.669551008986086771e+00,1.370532508662408944e+01
9.259581429752467230e+00,-3.801871084429121250e+00,1.407753808971564879e+01
9.477098151136685189e+00,-3.954805878176982592e+00,1.442854156791422859e+01
9.752088011573547988e+00,-4.103827326379514417e+00,1.466381246975816488e+01
1.004335104988253491e+01,-4.219948517490829332e+00,1.471677555539443638e+01
1.029652574440353163e+01,-4.279429905213660845e+00,1.456782518126212977e+01
1.046530158486931583e+01,-4.272356675416839167e+00,1.424874845793722322e+01
1.053043511628273521e+01,-4.207080404716324828e+00,1.383141519071157433e+01
1.050955124629912874e+01,-4.108835023322240154e+00,1.340467023898940013e+01
1.045383436810979561e+01,-4.012753207226279706e+00,1.304708849774936930e+01
1.043224055101625858e+01,-3.953386031969578163e+00,1.280441447655399223e+01
1.050825047444777915e+01,-3.954035054735323129e+00,1.267875119800369887e+01
1.071692597067763941e+01,-4.019331093014049117e+00,1.263250622140491863e+01
1.105017146614913415e+01,-4.133486215856282620e+00,1.260512809390868938e+01
1.145555190227538489e+01,-4.264831315545577262e+00,1.253645115487575801e+01
1.184960735680409805e+01,-4.375227595937445813e+00,1.238841656867540664e+01
1.214179434914023581e+01,-4.431374183758718388e+00,1.215771667474076700e+01
1.242281462147461824e+01,-4.036417153167234595e+00,1.193805208364121562e+01
1.233770335180872202e+01,-3.948756482653093869e+00,1.165275190316573806e+01
1.206978477382298820e+01,-3.812700455680246847e+00,1.141976234618815234e+01
1.168699542875685005e+01,-3.656879964465228561e+00,1.127025853815453260e+01
1.128220166916997869e+01,-3.510766520986742911e+00,1.120089999044582640e+01
1.094561181419864759e+01,-3.395586336127752070e+00,1.117325013899843178e+01
1.073867175618753045e+01,-3.318524331482312739e+00,1.112654618770298320e+01
1.067761431250042747e+01,-3.271992862194304852e+00,1.099963571930858208e+01
1.073159380960039044e+01,-3.237984381669690492e+00,1.075455319359099704e+01
1.083552941145646642e+01,-3.195799556941432140e+00,1.039342250534545720e+01
1.091300759619808680e+01,-3.130326927095041789e+00,9.962442171768277177e+00
1.090143658458727138e+01,-3.037919637732753753e+00,9.540966932293478919e+00
1.077113219774150643e+01,-2.927804651387887258e+00,9.218723418690510485e+00
1.053228111563381297e+01,-2.818558010208475295e+00,9.068294733662314755e+00
1.022797616662852604e+01,-2.730933466285838218e+00,9.121783470254699822e+00
9.916292235425160584e+00,-2.679636170423993047e+00,9.359389401733221092e+00
9.648049385460051752e+00,-2.667037015513676224e+00,9.713876538629126145e+00
9.448254531002721279e+00,-2.681183173263601560e+00,1.008978370188152596e+01
9.307787757299013975e+00,-2.698989948820376572e+00,1.039144342586634906e+01
9.188212759078837166e+00,-2.693697337787481771e+00,1.055100284807763877e+01
9.037921008984428184e+00,-2.644157337039264810e+00,1.054764022309430871e+01
8.813777685246867222e+00,-2.542808745006582605e+00,1.041204181740944357e+01
8.500420054363036826e+00,-2.399548034490138093e+00,1.021499323930614267e+01
8.120070696563903567e+00,-2.240013105776321289e+00,1.004405976912075715e+01
7.728940930991674563e+00,-2.098631829441756302e+00,9.976091752836765636e+00
7.400928687165186481e+00,-2.008538075832744241e+00,1.005446439086047761e+01
7.203783109732046164e+00,-1.991536409697727050e+00,1.027818652794171328e+01
7.175681178552281381e+00,-2.051335875102546780e+00,1.060591584019022982e+01
7.310269362679132854e+00,-2.172251639078818464e+00,1.097289391334116182e+01
7.555592006361488977e+00,-2.323822882394750877e+00,1.131455746864569356e+01
7.827810964756678480e+00,-2.469892139996844538e+00,1.158851157450066616e+01
8.035715712367686336e+00,-2.579262979296605085e+00,1.178733761109063849e+01
8.108370979218204155e+00,-2.634569435511283864e+00,1.193805208364121562e+01
8.017083314285740059e+00,-2.636607604131504523e+00,1.208876655619179274e+01
7.784598273885952935e+00,-2.602887127286722890e+00,1.228759259278176508e+01
7.478511154921376303e+00,-2.561053349903437137e+00,1.256154669863673767e+01
7.190949625584622140e+00,-2.539480029594676669e+00,1.290321025394126764e+01
7.010992994549004820e+00,-2.558193987776722800e+00,1.327018832709219964e+01
6.998578690588260542e+00,-2.623090672252161859e+00,1.359791763934071795e+01
7.168066141716096240e+00,-2.725215298386128193e+00,1.382163977642195363e+01
7.486389401029833301e+00,-2.845128680121980835e+00,1.390001241444566560e+01
7.885921857563398696e+00,-2.960649132816865592e+00,1.383204439816167408e+01
8.287403230146008326e+00,-3.055146407524236718e+00,1.366111092797628856e+01
8.625121411722606268e+00,-3.123433052217027939e+00,1.346406234987298767e+01
8.866028377539395322e+00,-3.173188458999370187e+00,1.332846394418812253e+01
9.016735839318485546e+00,-3.221449030739435226e+00,1.332510131920479246e+01
9.116584963692218935e+00,-3.287451638965925405e+00,1.348466074141608040e+01
9.219758410700382711e+00,-3.384421921026520952e+00,1.378632046540090705e+01
9.373080940443024645e+00,-3.513302871985259035e+00,1.416222762865330331e+01
9.597499562131996953e+00,-3.660779132790443757e+00,1.451671476554921014e+01
9.879808953339189515e+00,-3.802481966810612235e+00,1.475432069702773141e+01
1.017750124321344884e+01,-3.910458182877765587e+00,1.480780943362011648e+01
1.043494939231116447e+01,-3.962468937142241465e+00,1.465738074859192075e+01
1.060509182074089374e+01,-3.949975038750832557e+00,1.433513723498895232e+01
1.066876860766763002e+01,-3.882017241231560778e+00,1.391366199551415406e+01
1.064457128577084966e+01,-3.783508236653894130e+00,1.348268166193697404e+01
1.058528123539451116e+01,-3.688288182584861463e+00,1.312155097369143597e+01
1.056160058819807190e+01,-3.629046391566056684e+00,1.287646844797385093e+01
1.063834760918901878e+01,-3.627290307080778931e+00,1.274955797957944981e+01
1.085106154277963242e+01,-3.686582149909500394e+00,1.270285402828399945e+01
1.119106966960207217e+01,-3.791241975766740602e+00,1.267520417683660483e+01
1.160443802756310383e+01,-3.910965518991191381e+00,1.260584562912789863e+01
1.200571009972842162e+01,-4.009902025290960736e+00,1.245634182109428068e+01
1.230243250856779724e+01,-4.057308976237975706e+00,1.222335226411669318e+01
1.257266573097099815e+01,-3.652697055560081285e+00,1.200088393671301112e+01
1.248397105219510372e+01,-3.566909712431446167e+00,1.171275125116828342e+01
1.220920999830102360e+01,-3.438069778359280626e+00,1.147744853721995284e+01
1.181786798642519010e+01,-3.292923005278598936e+00,1.132646043186334772e+01
1.140462199527862275e+01,-3.158272853095791532e+00,1.125641328158294385e+01
1.106120434290432719e+01,-3.052684048684644047e+00,1.122848891806108007e+01
1.084986826973864993e+01,-2.981460042066240934e+00,1.118132128259067493e+01
1.078675896577157012e+01,-2.936426690933964689e+00,1.105315082710314023e+01
1.084016864197813845e+01,-2.900385146066712050e+00,1.080563508351894697e+01
1.094374612497387034e+01,-2.854505417522140931e+00,1.044091903299493573e+01
1.101987795224766131e+01,-2.785957582404478217e+00,1.000565985887314113e+01
1.100526642769012042e+01,-2.693045971744266076e+00,9.580000146923119075e+00
1.087024015932731658e+01,-2.586026216289740720e+00,9.254557349028452506e+00
1.062567116621881524e+01,-2.483326378822562575e+00,9.102635184352985576e+00
1.031571699747286175e+01,-2.404528898564492145e+00,9.156654965535995672e+00
9.999466659188259499e+00,-2.362635306305699068e+00,9.396619886077457906e+00
9.728294649697419416e+00,-2.358426706972728937e+00,9.754626427029007729e+00
9.527064519027437228e+00,-2.379044274680779392e+00,1.013426565572807547e+01
9.385838046508686361e+00,-2.401474937588115921e+00,1.043892030490345135e+01
9.264967582296149473e+00,-2.399925649231124059e+00,1.060006385815702501e+01
9.111687070118568599e+00,-2.354686141836275226e+00,1.059666784850392141e+01
8.882215073608509925e+00,-2.259492262204244817e+00,1.045972320051789595e+01
8.561357933418275223e+00,-2.124821151084193005e+00,1.026071829313560357e+01
8.172361085794779711e+00,-1.975847511267895928e+00,1.008808776857051903e+01
7.773058054342312673e+00,-1.845540692153673223e+00,1.001944495512954525e+01
7.439094705506709815e+00,-1.765002775278107672e+00,1.009859568903150873e+01
7.239550743792449339e+00,-1.754094758786588049e+00,1.032453897468100124e+01
7.213080811617363253e+00,-1.815349588913695911e+00,1.065552203509307994e+01
7.352773901549920055e+00,-1.933136078144093606e+00,1.102614352427961109e+01
7.605218128734026806e+00,-2.078354336249125467e+00,1.137119916910460837e+01
7.884637760655690997e+00,-2.217165504609427629e+00,1.164787313441527239e+01
8.097972540831733568e+00,-2.320972409863969244e+00,1.184867314717168618e+01
8.173067398820530016e+00,-2.374495581237423991e+00,1.200088393671301112e+01
8.080983563784831958e+00,-2.379448852413922566e+00,1.215309472625433607e+01
7.845236530062135394e+00,-2.352785429860996480e+00,1.235389473901074986e+01
7.534935988447390542e+00,-2.320267049852365204e+00,1.263056870432141210e+01
7.243978443991221816e+00,-2.307612499300193853e+00,1.297562434914641116e+01
7.062918510145347994e+00,-2.332211620744986114e+00,1.334624583833294054e+01
7.052445833762924110e+00,-2.398114083313872325e+00,1.367722889874502101e+01
7.226771180519810045e+00,-2.495825141841010453e+00,1.390317218439451175e+01
7.551900135909598077e+00,-2.606771240408243706e+00,1.398232291829647700e+01
7.958864721352404636e+00,-2.710706817715337280e+00,1.391368010485550322e+01
8.367129690692298283e+00,-2.793359147573790224e+00,1.374104958029041867e+01
8.710198724099345924e+00,-2.851576420771005260e+00,1.354204467290812630e+01
8.954955770298337114e+00,-2.894158814288220860e+00,1.340510002492210084e+01
9.108615327418931429e+00,-2.938093640431647557e+00,1.340170401526899724e+01
9.211499785936792861e+00,-3.001551166453811259e+00,1.356284756852256912e+01
9.318722290289626287e+00,-3.096162929669910469e+00,1.386750221769794855e+01
9.477579063841444551e+00,-3.221395413811845909e+00,1.424714144639701274e+01
9.708792244360990864e+00,-3.363143204601260372e+00,1.460514798734856434e+01
9.998258945694329825e+00,-3.497226679931629612e+00,1.484511290789002658e+01
1.030218370729140354e+01,-3.596777515720069651e+00,1.489913268907303667e+01
1.056370946263972321e+01,-3.641111794730581330e+00,1.474721052439756974e+01
1.073505996425940268e+01,-3.623102719234744029e+00,1.442176772650290317e+01
1.079718141303388990e+01,-3.552484098124380374e+00,1.399610801455288289e+01
1.076963095204098053e+01,-3.453813773697820722e+00,1.356084884043108651e+01
1.070676117859501630e+01,-3.359576646927592058e+00,1.319613278990707705e+01
1.068097792295410109e+01,-3.300527428495305671e+00,1.294861704632288379e+01
1.075839294685687264e+01,-3.296320168633422476e+00,1.282044659083534732e+01
1.097499362628849262e+01,-3.349423281627175619e+00,1.277327895536494218e+01
1.132152805095174308e+01,-3.444284085453404032e+00,1.274535459184307840e+01
1.174259234086609638e+01,-3.552023476766346999e+00,1.267530744156267630e+01
1.215078686013636755e+01,-3.639163538921882601e+00,1.252431933620607118e+01
1.245181117971869966e+01,-3.677604719558031476e+00,1.228901662225773883e+01
1.271091198258145027e+01,-3.263607497602135865e+00,1.206371578978480663e+01
1.261866021164488494e+01,-3.179825440575527740e+00,1.177272462574623724e+01
1.233722314943789478e+01,-3.058487602777179681e+00,1.153508754370602496e+01
1.193758936899676115e+01,-2.924387501914709198e+00,1.138260153035896849e+01
1.151617819970585188e+01,-2.801577771228109803e+00,1.131185946317855162e+01
1.116617521242204525e+01,-2.705888094190648907e+00,1.128365807036918866e+01
1.095058845849760054e+01,-2.640697071184677558e+00,1.123602249884584126e+01
1.088545595061400739e+01,-2.597241376349362252e+00,1.110658050247128514e+01
1.093822554896070010e+01,-2.559165952994558957e+00,1.085660922896835068e+01
1.104132356302550910e+01,-2.509568204961916571e+00,1.048827493921260867e+01
1.111599823212975302e+01,-2.437959404542329178e+00,1.004869768855561674e+01
1.109830165538994962e+01,-2.344635858857777144e+00,9.618815133473432866e+00
1.095860819905955452e+01,-2.240891078022054561e+00,9.290143714580775480e+00
1.070847690428608701e+01,-2.144981874513313791e+00,9.136714375390756260e+00
1.039310259031039152e+01,-2.075274418113531194e+00,9.191270070722003638e+00
1.007254346098137709e+01,-2.043018301147631721e+00,9.433615611717364402e+00
9.798682862515461167e+00,-2.047372267253922296e+00,9.795173828855979536e+00
9.596210705926287332e+00,-2.074567599091277970e+00,1.017857934518952057e+01
9.454365099666743433e+00,-2.101689651179714513e+00,1.048625638233546198e+01
9.332306602468168677e+00,-2.103960063154904248e+00,1.064899859275118743e+01
9.176146720387157174e+00,-2.063156714535357761e+00,1.064556889229851322e+01
8.941492778470939484e+00,-1.974345280151091675e+00,1.050726565727688566e+01
8.613340316933468799e+00,-1.848583599189433713e+00,1.030628648152290161e+01
8.215952400438091274e+00,-1.710546179266481781e+00,1.013194334097703475e+01
7.808753347369258968e+00,-1.591678402318856600e+00,1.006261954264326164e+01
7.469088419212173591e+00,-1.520975738503771435e+00,1.014255550738497824e+01
7.267318252850431648e+00,-1.516294951230612531e+00,1.037074030902782518e+01
7.242542060003126281e+00,-1.578966635987695932e+00,1.070500695373102751e+01
7.387287856784617190e+00,-1.693431556048888176e+00,1.107930526824611128e+01
7.646717374300012082e+00,-1.832009983225514338e+00,1.142778410727778748e+01
7.933173220608503939e+00,-1.963265226778184491e+00,1.170720287253418057e+01
8.151811121051416364e+00,-2.061282752715558164e+00,1.190999496236766042e+01
8.229311432514579749e+00,-2.112928051744964009e+00,1.206371578978480663e+01
8.136517079316432088e+00,-2.120849112485889254e+00,1.221743661720195107e+01
7.897702923400853336e+00,-2.101412913389924420e+00,1.242022870703543269e+01
7.583447055916488821e+00,-2.078431603678881245e+00,1.269964747229182578e+01
7.289346570273615100e+00,-2.074887681890253521e+00,1.304812631132350020e+01
7.107360965850485712e+00,-2.105462236560300404e+00,1.342242462583858575e+01
7.098880194754762840e+00,-2.172317874496977108e+00,1.375669127054178809e+01
7.277947725837651483e+00,-2.265419588310527033e+00,1.398487607218463502e+01
7.609659639420019772e+00,-2.367097198815643733e+00,1.406481203692635162e+01
8.023755878008593356e+00,-2.459102211741124755e+00,1.399548823859257851e+01
8.438489598013610760e+00,-2.529582187381895775e+00,1.382114509804671165e+01
8.786637943996220557e+00,-2.577465040272848729e+00,1.362016592229272760e+01
9.035051995612889186e+00,-2.612684385718227364e+00,1.348186268727110004e+01
9.191553106548461471e+00,-2.652158735694577274e+00,1.347843298681842583e+01
9.297420003688916523e+00,-2.712950442355634539e+00,1.364117519723414951e+01
9.408654107746244222e+00,-2.805052319747951550e+00,1.394885223438009447e+01
9.572980360057163907e+00,-2.926425476043167162e+00,1.433225775071363017e+01
9.810868692725033924e+00,-3.062174235129443645e+00,1.469381596785224886e+01
1.010731630196567288e+01,-3.188338522681050335e+00,1.493616150884760962e+01
1.041726274324970447e+01,-3.279186147464153045e+00,1.499071720417885700e+01
1.068265907891822231e+01,-3.315641942016694710e+00,1.483728786498883778e+01
1.085505281719544790e+01,-3.292027533385799565e+00,1.450861644609618040e+01
1.091551940662017905e+01,-3.218772877760471829e+00,1.407873389101399830e+01
1.088457929795421819e+01,-3.120046811399559861e+00,1.363915664035700459e+01
1.081812771687186725e+01,-3.026916126415111208e+00,1.327082235060126436e+01
1.079022834043158241e+01,-2.968128430699407350e+00,1.302085107709832812e+01
1.086823933282554222e+01,-2.961425740005652951e+00,1.289140908072377201e+01
1.108856546027007894e+01,-3.008158121857389844e+00,1.284377350920042460e+01
1.144137426954858938e+01,-3.092919843728773266e+00,1.281557211639106342e+01
1.186982373121702139e+01,-3.188317235467113875e+00,1.274483004921064655e+01
1.228462869887667352e+01,-3.263329463309449174e+00,1.259234403586359008e+01
1.258970882566749339e+01,-3.292583644251288355e+00,1.235470695382337603e+01
1.283733592457592998e+01,-2.869484548989674089e+00,1.212654764285660214e+01
1.274155885428489121e+01,-2.787840958255549229e+00,1.183267484787276480e+01
1.245362596472425842e+01,-2.674289694527341332e+00,1.159268449035900872e+01
1.204597993535946721e+01,-2.551605559508637988e+00,1.143868843660837697e+01
1.161670986300842756e+01,-2.441008793076318462e+00,1.136724582399871153e+01
1.126037982724077935e+01,-2.355521933407159096e+00,1.133876515808328023e+01
1.104069761310699072e+01,-2.296556625203533653e+00,1.129065786042539443e+01
1.097357407396915541e+01,-2.254758373171051211e+00,1.115993402422727421e+01
1.102563212179352625e+01,-2.214650922632762864e+00,1.090748733206503296e+01
1.112812638920039632e+01,-2.161316277231131622e+00,1.053550549688958959e+01
1.120123177417563909e+01,-2.086665216858814453e+00,1.009157519512702805e+01
1.118040837806746524e+01,-1.993025378667575342e+00,9.657435593692085263e+00
1.103611020388455444e+01,-1.892736261275570708e+00,9.325509403354269367e+00
1.078058413882884103e+01,-1.803859699354049662e+00,9.170560682181697842e+00
1.046003264442712322e+01,-1.743500925433077331e+00,9.225656632336239227e+00
1.013543559856752552e+01,-1.721110173308358027e+00,9.470402075791479746e+00
9.859137597515429619e+00,-1.734192441179049471e+00,9.835540736172983856e+00
9.655623979528543899e+00,-1.768066315224997798e+00,1.022274304545762114e+01
9.513304748876130645e+00,-1.799943036214441072e+00,1.053346695062210614e+01
9.390170375780144241e+00,-1.806106717185825161e+00,1.069782076663824455e+01
9.231247533970350361e+00,-1.769873308750608665e+00,1.069435710250495575e+01
8.991569532438729695e+00,-1.687670297119585383e+00,1.055468427647466001e+01
8.656341576877650823e+00,-1.571135483460498250e+00,1.035171484162081512e+01
8.250837633753027589e+00,-1.444405758039324805e+00,1.017564521363828511e+01
7.836038381201629655e+00,-1.337337183290081777e+00,1.010563491472576736e+01
7.490936262082007246e+00,-1.276744384882619876e+00,1.018636247034070053e+01
7.287120067860692885e+00,-1.278420092884253956e+00,1.041680694329633994e+01
7.264098927166307007e+00,-1.342467118431322826e+00,1.075438376791696271e+01
7.413837018729537931e+00,-1.453416923049207332e+00,1.113238868847086493e+01
7.680102296711027954e+00,-1.585069034282891476e+00,1.148431844811603142e+01
7.973415767560339873e+00,-1.708471766938052472e+00,1.176650424502203407e+01
8.197219138896885582e+00,-1.800475506573118611e+00,1.197130454690363699e+01
8.277086583555995247e+00,-1.850148052657452080e+00,1.212654764285660214e+01
8.183670817535078967e+00,-1.861087212113353928e+00,1.228179073880956729e+01
7.941994185633519443e+00,-1.849043843765653117e+00,1.248659104069117021e+01
7.624053894269250620e+00,-1.835815172795562722e+00,1.276877683759717286e+01
7.327075124965089614e+00,-1.841567323126730660e+00,1.312070659724233934e+01
7.144347919724558515e+00,-1.878202329264713644e+00,1.349871151779624157e+01
7.137908173439182491e+00,-1.945955735585559232e+00,1.383628834241686434e+01
7.321613097935490089e+00,-2.034252676302511276e+00,1.406673281537250375e+01
7.659669989958150182e+00,-2.126364008915177628e+00,1.414746037098743692e+01
8.080579156914952321e+00,-2.206098397906136377e+00,1.407745007207491916e+01
8.501448987245817435e+00,-2.264085095623912913e+00,1.390138044409238915e+01
8.854390420582793908e+00,-2.301374365102687225e+00,1.369841100923854604e+01
9.106257900306369280e+00,-2.329044786080623819e+00,1.355873818320824853e+01
9.265483021805183128e+00,-2.363925872924670823e+00,1.355527451907495973e+01
9.374273965953445753e+00,-2.421931004354467287e+00,1.371962833509109636e+01
9.489475808253599709e+00,-2.511370505052898494e+00,1.403035224025558492e+01
9.659197641259519074e+00,-2.628672386751798484e+00,1.441755454954021687e+01
9.903629388407692247e+00,-2.758151543777613846e+00,1.478269320992172453e+01
1.020686709522928481e+01,-2.876098485760321566e+00,1.502743865337696505e+01
1.052261027507217683e+01,-2.957968422459433366e+00,1.508253460353150643e+01
1.079165897091646187e+01,-2.986348211858500967e+00,1.492758588235893491e+01
1.096492489189346742e+01,-2.957043079752007309e+00,1.459565969202111901e+01
1.102363636798369306e+01,-2.881181391810951453e+00,1.416152009058617800e+01
1.098927351357705717e+01,-2.782508333866454020e+00,1.371758978882361646e+01
1.091924271523961565e+01,-2.690609767307397426e+00,1.334560795364817309e+01
1.088921610714622723e+01,-2.632154222331990034e+00,1.309316126148593185e+01
1.096774813135445115e+01,-2.622913846088654743e+00,1.296243742528780984e+01
1.119162874880219150e+01,-2.663096577572348522e+00,1.291433012762992227e+01
1.155044433931900194e+01,-2.737463704505832318e+00,1.288584946171449452e+01
1.198594932645720945e+01,-2.820167065618315760e+00,1.281440684910482730e+01
1.240703484575136706e+01,-2.882726378937253919e+00,1.266041079535419733e+01
1.271591209014705548e+01,-2.902577985409677819e+00,1.242042043784043948e+01
1.295172892369959250e+01,-2.470674428564994862e+00,1.218937949592839765e+01
1.285246398842100390e+01,-2.391303444628850361e+00,1.189260476136970723e+01
1.255822934304161720e+01,-2.285820967466701603e+00,1.165024454339952165e+01
1.214286936402540462e+01,-2.174917397287789544e+00,1.149472780705976227e+01
1.170606600674541831e+01,-2.076900467795358196e+00,1.142257971184537091e+01
1.134368311823259567e+01,-2.001915162058879094e+00,1.139381780461414451e+01
1.112007061846738765e+01,-1.949365490593408357e+00,1.134523545627686403e+01
1.105099181564423638e+01,-1.909304538513199923e+00,1.121322074633978083e+01
1.110226574010039258e+01,-1.867169690416207395e+00,1.095828118971702914e+01
1.120402922052359429e+01,-1.810083738603946113e+00,1.058262610262086234e+01
1.127545207696588037e+01,-1.732413741206329405e+00,1.013431207111825394e+01
1.125146308704460729e+01,-1.638556426371210684e+00,9.695885421300747709e+00
1.110263063606527822e+01,-1.541904220699141348e+00,9.360681521137070860e+00
1.084188938247998912e+01,-1.460299833002208114e+00,9.204202709960528139e+00
1.051641759929802511e+01,-1.409543297818577789e+00,9.259842722447128693e+00
1.018806671266595565e+01,-1.397239120376265964e+00,9.507004981954249700e+00
9.909592984326920373e+00,-1.419208484971681727e+00,9.875749319169257134e+00
9.705245631220980940e+00,-1.459855619651574177e+00,1.026677517974536258e+01
9.562603103247637293e+00,-1.496545731809439950e+00,1.058056742608548895e+01
9.438509678047312335e+00,-1.506673143940726156e+00,1.074654420568014324e+01
9.276947338150122846e+00,-1.475141173900034630e+00,1.074304633850324464e+01
9.032414438756688924e+00,-1.399770195672890072e+00,1.060199426911218978e+01
8.690346624054265945e+00,-1.292776437006685208e+00,1.039702054857575853e+01
8.277020486648122954e+00,-1.177721393957190887e+00,1.021921226553534900e+01
7.854935552391123288e+00,-1.082806710320556531e+00,1.014851062785132996e+01
7.504675522008303901e+00,-1.032592725078294471e+00,1.023003535316832036e+01
7.299001399644106769e+00,-1.040749385512685699e+00,1.046275542273341408e+01
7.277796032657549041e+00,-1.106127200286722623e+00,1.080366575614982061e+01
7.432457575380565729e+00,-1.213367493887925974e+00,1.118540340548014811e+01
7.705395618553287029e+00,-1.337807858095553470e+00,1.154080840650360962e+01
8.005373794059000403e+00,-1.453063499446340057e+00,1.182578073603692737e+01
8.234194102990215924e+00,-1.538830660338536660e+00,1.203260340307487475e+01
8.316386084569657555e+00,-1.586435491220183014e+00,1.218937949592839765e+01
8.222441405694596028e+00,-1.600440457135424932e+00,1.234615558878192054e+01
7.978116665218193404e+00,-1.595950372723910826e+00,1.255297825581986615e+01
7.656775579936677900e+00,-1.592683026244634981e+00,1.283795058535318390e+01
7.357194651880478276e+00,-1.607909555726667605e+00,1.319335558637664541e+01
7.173916201073699206e+00,-1.650684347824385778e+00,1.357509323570697291e+01
7.169565273853235610e+00,-1.719277318936483834e+00,1.391600356912338121e+01
7.357793569609358819e+00,-1.802574884305889746e+00,1.414872363868847316e+01
7.701942110661630814e+00,-1.884826418572891793e+00,1.423024836400546533e+01
8.129327183038418170e+00,-1.951956805180326437e+00,1.415954672632144806e+01
8.555982692858380645e+00,-1.997136831015568381e+00,1.398173844328103677e+01
8.913416333096922273e+00,-2.023580111346083843e+00,1.377676472274460551e+01
9.168523180624289282e+00,-2.043520512277984924e+00,1.363571265335355065e+01
9.330347737632278537e+00,-2.073677892085759922e+00,1.363221478617665205e+01
9.441998737376188444e+00,-2.128775958391307732e+00,1.379819156577130457e+01
9.561117874647397485e+00,-2.215399778744294057e+00,1.411198381211143449e+01
9.736152030246852718e+00,-2.328417806742811624e+00,1.450300967268753638e+01
9.986982892279666402e+00,-2.451357422032777400e+00,1.487175400990254559e+01
1.029680529560782887e+01,-2.560791310433767620e+00,1.511891626940966660e+01
1.061810603324083502e+01,-2.633413232110212832e+00,1.517455628189626715e+01
1.089057769844350432e+01,-2.653524648626822469e+00,1.501807747071972443e+01
1.106453866168021882e+01,-2.618448579925428010e+00,1.468287357055604936e+01
1.112139424246909059e+01,-2.540013191747249710e+00,1.424444692073854313e+01
1.108357918304309919e+01,-2.441504947428665417e+00,1.379613288923593295e+01
1.100997663229892432e+01,-2.350966136048648014e+00,1.342047780213976793e+01
1.097781421510852162e+01,-2.292914954546780848e+00,1.316553824551701624e+01
1.105678948171144782e+01,-2.281096826689572588e+00,1.303352353557993126e+01
1.128404395024578122e+01,-2.314554629270594077e+00,1.298494118724265078e+01
1.164858297100543361e+01,-2.378237093944039593e+00,1.295617928001142438e+01
1.209079489988633682e+01,-2.447901298192870723e+00,1.288403118479703302e+01
1.251781316871789507e+01,-2.497689972917921608e+00,1.272851444845727542e+01
1.283021631304670684e+01,-2.507929843193932751e+00,1.248615423048708806e+01
1.305389170205765303e+01,-2.067533331287504161e+00,1.225221134900019493e+01
1.295118212932103852e+01,-1.990569780744526840e+00,1.195251723010106915e+01
1.265085382421681359e+01,-1.893435278469198568e+00,1.170777290545772331e+01
1.222809707124329925e+01,-1.794671122023489662e+00,1.155072634507340368e+01
1.178410544677176119e+01,-1.709594129860366074e+00,1.147786852630497023e+01
1.141595984210118964e+01,-1.645403249391529599e+00,1.144882368709944132e+01
1.118859222002928888e+01,-1.599455762098860090e+00,1.139976343235557721e+01
1.111759758462363834e+01,-1.561211853239003799e+00,1.126645008870066711e+01
1.116801383639375977e+01,-1.517057122608171715e+00,1.100900268197245069e+01
1.126891690794708012e+01,-1.456210147739001926e+00,1.062965226151071363e+01
1.133854309145093353e+01,-1.375549295088549062e+00,1.017692814784557775e+01
1.131135294411893355e+01,-1.281576395495028553e+00,9.734188678414870566e+00
1.115806480132595802e+01,-1.188742507406276516e+00,9.395687364748505743e+00
1.089230008121853999e+01,-1.114646684025608625e+00,9.237669265560679577e+00
1.056217881575031114e+01,-1.073740029448290834e+00,9.293856610964269294e+00
1.023037125871486985e+01,-1.071736153787625101e+00,9.543450215009611881e+00
9.949993798117453991e+00,-1.102743801125263046e+00,9.915821904281022725e+00
9.745027414181711478e+00,-1.150252375531975346e+00,1.031069430110546570e+01
9.602216585210523903e+00,-1.191809712296872714e+00,1.062757333369603785e+01
9.477285522192984146e+00,-1.205967913905748645e+00,1.079518283317820249e+01
9.313214206761562863e+00,-1.179266191550177867e+00,1.079165055734897649e+01
9.064006928699585686e+00,-1.110947864947962271e+00,1.064921095339175139e+01
8.715350815062880230e+00,-1.013805223769528752e+00,1.044222089857799318e+01
8.294515213553431465e+00,-9.107863119661470108e-01,1.026266350870111488e+01
7.865477866151642239e+00,-8.283736720719642177e-01,1.019126637632074051e+01
7.510354071925728903e+00,-7.888009111235394499e-01,1.027359306345837808e+01
7.303017938720275382e+00,-8.035576758374437523e-01,1.050860240919047328e+01
7.283688308035433323e+00,-8.702186662067993295e-01,1.085286629051030260e+01
7.443195830449795380e+00,-9.735546243506650876e-01,1.123835910760201884e+01
7.722629989221182711e+00,-1.090499579385851625e+00,1.159726024112491061e+01
8.029065464115745954e+00,-1.197316331604230122e+00,1.188503585429197251e+01
8.262743180143003130e+00,-1.276626327572372155e+00,1.209389304376423269e+01
8.347212744863172773e+00,-1.322068618864983058e+00,1.225221134900019493e+01
8.252834974634687626e+00,-1.339184275108216582e+00,1.241052965423615539e+01
8.006086123516032771e+00,-1.342402178121915091e+00,1.261938684370841735e+01
7.681640476574139953e+00,-1.349297176946910426e+00,1.290716245687547925e+01
7.379744820486871859e+00,-1.374168534611742487e+00,1.326606359039836924e+01
7.196111584700124908e+00,-1.423156335815388474e+00,1.365155640749008548e+01
7.193895777034525096e+00,-1.492527889465460111e+00,1.399582028880991658e+01
7.386524066504422947e+00,-1.570632795414526495e+00,1.423082963454201000e+01
7.736495520741836884e+00,-1.642736150769455561e+00,1.431315632167964935e+01
8.170001192000899692e+00,-1.696936904141708391e+00,1.424175918929927498e+01
8.602074227594711076e+00,-1.729005449473889566e+00,1.406220179942239668e+01
8.963684623417647046e+00,-1.744357971877483315e+00,1.385521174460863847e+01
9.221806353074011753e+00,-1.756392666223139720e+00,1.371277214065141337e+01
9.386098732739137418e+00,-1.781698643938332216e+00,1.370923986482218737e+01
9.500540109402718869e+00,-1.833769715435221048e+00,1.387684936430435023e+01
9.623519355591962920e+00,-1.917424064498220559e+00,1.419372839689492594e+01
9.803773013785303192e+00,-2.025945499679341122e+00,1.458860079371936536e+01
1.006084593472584743e+01,-2.142076924899077639e+00,1.496097248299077798e+01
1.037703290563414171e+01,-2.242705299880143333e+00,1.521056608703612056e+01
1.070363773777271810e+01,-2.305813840718796026e+00,1.526675343243971028e+01
1.097929187526906780e+01,-2.317470340080850733e+00,1.510873533325188411e+01
1.115376481141643517e+01,-2.276548707040231267e+00,1.477023401958551929e+01
1.120866340120064741e+01,-2.195577386131810638e+00,1.432749455015481388e+01
1.116737053992430972e+01,-2.097348682652514285e+00,1.387477043648967623e+01
1.109020876550020773e+01,-2.008299006811736120e+00,1.349542001602794095e+01
1.105590462287403319e+01,-1.950725883930372717e+00,1.323797260929972452e+01
1.113524255126759677e+01,-1.936292314050407359e+00,1.310465926564481265e+01
1.136568056425587159e+01,-1.962854116044162378e+00,1.305559901090094854e+01
1.173564391347199987e+01,-2.015568209135200295e+00,1.302655417169541963e+01
1.218419527751483677e+01,-2.071856138673515257e+00,1.295369635292698618e+01
1.261678064501490937e+01,-2.108564865265017740e+00,1.279664979254266655e+01
1.293242604855539035e+01,-2.108991014088010374e+00,1.255190546789932071e+01
1.314363487470393466e+01,-1.660427224243933519e+00,1.231504320207199044e+01
1.303752982180756703e+01,-1.586006333317619976e+00,1.201241513514673009e+01
1.273133006696962788e+01,-1.497495194693494236e+00,1.176527481043894419e+01
1.230151262586473493e+01,-1.411222477783892648e+00,1.160669079430626738e+01
1.185069714173838840e+01,-1.339437633234713321e+00,1.153311971144593429e+01
1.147709487481350266e+01,-1.286327260374485970e+00,1.150379052882729525e+01
1.124615728325354169e+01,-1.247164556601502383e+00,1.145424998358558710e+01
1.117328996807087194e+01,-1.210817129619237820e+00,1.131963152782867610e+01
1.122277415294805358e+01,-1.164653017620217668e+00,1.105966376029532228e+01
1.132268480880518524e+01,-1.100040210460186518e+00,1.067659957187105313e+01
1.139039950439973836e+01,-1.016421472721841912e+00,1.021944337583956930e+01
1.135997606150095329e+01,-9.224378446272851750e-01,9.772369571797295151e+00
1.120231910627193805e+01,-8.336034207659057671e-01,9.430554395100440246e+00
1.093173483220837205e+01,-7.672487288733311761e-01,9.270989328985438149e+00
1.059724874431774211e+01,-7.364328621339131242e-01,9.327726737739441276e+00
1.026229462524476865e+01,-7.449347272079357429e-01,9.579763815365829771e+00
9.980295535528187045e+00,-7.851235697094604005e-01,9.955780952157994079e+00
9.774931588137635075e+00,-8.395747498059080716e-01,1.035451907412076800e+01
9.632111953493742718e+00,-8.860479297829639833e-01,1.067450029175123127e+01
9.506469162318195387e+00,-9.043002793502037395e-01,1.084375065613249234e+01
9.340026439708278616e+00,-8.825545142845747648e-01,1.084018379999940507e+01
9.086336703965178785e+00,-8.215058276777855717e-01,1.069634973959969493e+01
8.731359842765485269e+00,-7.345193487362251528e-01,1.048733329179237117e+01
8.303346450121443567e+00,-6.438914076570860789e-01,1.030601806945771060e+01
7.867708699930668459e+00,-5.743213475937243295e-01,1.023392197282542426e+01
7.508030080122983563e+00,-5.456448052244062819e-01,1.031705462246280369e+01
7.299235534287731753e+00,-5.671150252722072516e-01,1.055436466468025536e+01
7.281840672518951507e+00,-6.350085011143664637e-01,1.090199882346424687e+01
7.446107902407154810e+00,-7.342453074883887876e-01,1.129126554140510130e+01
7.731847725332581689e+00,-8.434136945079149239e-01,1.165368024828787163e+01
8.044518499125665301e+00,-9.415033372438494919e-01,1.194427312959260234e+01
8.282883015990794462e+00,-1.014138393486507139e+00,1.215517499094914022e+01
8.369578783505184916e+00,-1.057323685575940031e+00,1.231504320207199044e+01
8.274866977532720824e+00,-1.077591871661362166e+00,1.247491141319484065e+01
8.025927516345397805e+00,-1.088666119242337249e+00,1.268581327455137853e+01
7.698685967688316367e+00,-1.105916036023137039e+00,1.297640615585610746e+01
7.394774112889015427e+00,-1.140594093095993689e+00,1.333882086273887779e+01
7.210988449914300880e+00,-1.195861593848273730e+00,1.372808758067973223e+01
7.210952399267283042e+00,-1.265947997510008749e+00,1.407572173946372551e+01
7.407847853897716384e+00,-1.338668783158440956e+00,1.431303178168117718e+01
7.763358074547530130e+00,-1.400341602475711378e+00,1.439616443131855661e+01
8.202610834121484729e+00,-1.441295916719326442e+00,1.432406833468627028e+01
8.639715651414995534e+00,-1.459957821384007870e+00,1.414275311235160970e+01
9.005172919396159159e+00,-1.463983338193228345e+00,1.393373666454428594e+01
9.266074716571903735e+00,-1.467942680093706542e+00,1.378990260414457758e+01
9.432696286844757694e+00,-1.488272720130550342e+00,1.378633574801148853e+01
9.549852603940223617e+00,-1.537197730132936035e+00,1.395558611239274782e+01
9.676627887250154103e+00,-1.617728668527328661e+00,1.427556733002321465e+01
9.861998490761370917e+00,-1.721541101576614885e+00,1.467430545198598324e+01
1.012514350180746270e+01,-1.830597659491051132e+00,1.505032258877815110e+01
1.044746009342627069e+01,-1.922132124917597995e+00,1.530235966640453960e+01
1.077910128021123803e+01,-1.975467702753948007e+00,1.535909707515854272e+01
1.105768639257504837e+01,-1.978489238110374027e+00,1.519953200904354063e+01
1.123248248749112221e+01,-1.931653401436336903e+00,1.485771683234668572e+01
1.128532289985262338e+01,-1.848188444423838561e+00,1.441064302830441335e+01
1.124053072039180456e+01,-1.750356783088835133e+00,1.395348683227292774e+01
1.115982749323330125e+01,-1.662927136348701040e+00,1.357042264384866037e+01
1.112337849282318913e+01,-1.605907138464442552e+00,1.331045487631530655e+01
1.120299578482072889e+01,-1.588822997129852865e+00,1.317583642055839377e+01
1.143641741565967962e+01,-1.608322505298241500e+00,1.312629587531668562e+01
1.181149029299650266e+01,-1.649791798070646021e+00,1.309696669269804659e+01
1.226599474458841676e+01,-1.692375458295624968e+00,1.302339560983771349e+01
1.270376383263566566e+01,-1.715704408362029421e+00,1.286481159370503669e+01
1.302235558419067729e+01,-1.706122792398932608e+00,1.261767126899724900e+01
1.322077948605717346e+01,-1.249731611316525104e+00,1.237787505514378594e+01
1.311133416083621128e+01,-1.177988708049382938e+00,1.207230137195917585e+01
1.279949932359459197e+01,-1.098371733134682948e+00,1.182275551835845917e+01
1.236297615954297946e+01,-1.024934571866759514e+00,1.166262793205682868e+01
1.190572053562957322e+01,-9.667850658300319866e-01,1.158834074847228557e+01
1.152698349805461220e+01,-9.250335616120659576e-01,1.155872609161435172e+01
1.129267104540916122e+01,-8.928337127949484975e-01,1.150870334577227005e+01
1.121797797222735227e+01,-8.584617054330233588e-01,1.137277458751726300e+01
1.126645499020706787e+01,-8.103017932480218732e-01,1.111027643577092583e+01
1.136523905033902437e+01,-7.419234574304153229e-01,1.072348370982777332e+01
1.143092701222992602e+01,-6.553848102412151988e-01,1.026187780515632575e+01
1.139724177121295234e+01,-5.614981484497678643e-01,9.810452428969085759e+00
1.123531130422259139e+01,-4.768436458414015422e-01,9.465310210096660626e+00
1.096012358905516848e+01,-4.184581389307521215e-01,9.304192024808186190e+00
1.062157108026165098e+01,-3.979664072374895500e-01,9.361481684499906919e+00
1.028379323853381067e+01,-4.171703592205433520e-01,9.615971953336742928e+00
1.000046447687626205e+01,-4.666743766739682719e-01,9.995649035497436330e+00
9.794930950612600995e+00,-5.281418493706795392e-01,1.039826825648453301e+01
9.652266312834116846e+00,-5.795739570971649712e-01,1.072136399646223026e+01
9.526042084494717344e+00,-6.019798198296282266e-01,1.089226175141862107e+01
9.357372528767351483e+00,-5.853122076862100620e-01,1.088866017745672465e+01
9.099403664434893457e+00,-5.317458726130145363e-01,1.074342611489836941e+01
8.738389610815854525e+00,-4.552146767481838885e-01,1.053237521518647490e+01
8.303549023551211050e+00,-3.773248518033582855e-01,1.034929516954113105e+01
7.861681548350194504e+00,-3.209291997437635491e-01,1.027649732889470258e+01
7.497771701157462054e+00,-3.033955683264150105e-01,1.036043914632323393e+01
7.287729853718561301e+00,-3.316863014008855082e-01,1.060005903483473766e+01
7.272327689764562564e+00,-4.007584918602007384e-01,1.095107687458667023e+01
7.441259405801336158e+00,-4.957017904418136722e-01,1.134413250207990309e+01
7.733100534839318030e+00,-5.968157051150403403e-01,1.171007475571029666e+01
8.051769948832919965e+00,-6.858944056139091305e-01,1.200349610935310096e+01
8.294639541681288364e+00,-7.516401751091796868e-01,1.221645077419958270e+01
8.383505648981065761e+00,-7.924746066774365216e-01,1.237787505514378594e+01
8.288561995290985251e+00,-8.159339001897397692e-01,1.253929933608798919e+01
8.037674761929892497e+00,-8.350059077734641733e-01,1.275225400093447092e+01
7.707958175365728692e+00,-8.627940858725986484e-01,1.304567535457727345e+01
7.402339496819076103e+00,-9.074314207180583791e-01,1.341161760820766702e+01
7.218609425813106384e+00,-9.690383654307108685e-01,1.380467323570089988e+01
7.220795937249168794e+00,-1.039773175227965307e+00,1.415569107545283423e+01
7.421816211353814197e+00,-1.106920719131901487e+00,1.439531096396433618e+01
7.782565689570303036e+00,-1.157887562089328526e+00,1.447925278139286931e+01
8.227173968391781500e+00,-1.185288540450499362e+00,1.440645494074644262e+01
8.668907431152231169e+00,-1.190259359322584976e+00,1.422337489510109876e+01
9.037867449444066281e+00,-1.182731029292598990e+00,1.401232399538920248e+01
9.301304306246352738e+00,-1.178452046202740355e+00,1.386708993283084901e+01
9.470109459497855653e+00,-1.193685186376953755e+00,1.386348835886895081e+01
9.589899469715478020e+00,-1.239346241519434733e+00,1.403438611382533985e+01
9.720399708577406983e+00,-1.316600032589094971e+00,1.435748185380304065e+01
9.910774815185339648e+00,-1.415491889696312011e+00,1.476010107479013378e+01
1.017980891765859752e+01,-1.517209570719998846e+00,1.513977815695082896e+01
1.050800532339868454e+01,-1.599366623937450660e+00,1.539426842578766497e+01
1.084440090411158764e+01,-1.642676271303829871e+00,1.545155808547938570e+01
1.112565464131538029e+01,-1.636889968064081380e+00,1.529043990019090948e+01
1.130057954652890828e+01,-1.584077673211238713e+00,1.494529768131848613e+01
1.135126073542615188e+01,-1.498165987063921456e+00,1.449387230513124791e+01
1.130295201340715039e+01,-1.400851480583087838e+00,1.403226640045979856e+01
1.121873051301900048e+01,-1.315174026035766719e+00,1.364547367451664783e+01
1.118013642395974117e+01,-1.258783470943991789e+00,1.338297552277031066e+01
1.125994714938840247e+01,-1.239016372573674918e+00,1.324704676451530183e+01
1.149614293430981071e+01,-1.251292647005738834e+00,1.319702401867322017e+01
1.187599494944474188e+01,-1.281248920696785198e+00,1.316740936181528632e+01
1.233604745002254610e+01,-1.309810562191346728e+00,1.309312217823074320e+01
1.277859934053601876e+01,-1.319470459275270180e+00,1.293299459192911449e+01
1.309982945891437289e+01,-1.299695741610934485e+00,1.268344873832839603e+01
1.328515754323620257e+01,-8.358312662450215758e-01,1.244070690821558145e+01
1.317243330820556224e+01,-7.669014722839035958e-01,1.213217884750602238e+01
1.285521390969468847e+01,-6.964440723329976546e-01,1.188022031015047908e+01
1.241235877082651484e+01,-6.361775768788637819e-01,1.171854456257670130e+01
1.194906589315787748e+01,-5.919964443123163500e-01,1.164353914834059722e+01
1.156553167774102775e+01,-5.618735110861711179e-01,1.161363816814579053e+01
1.132804935887568831e+01,-5.368094768404310102e-01,1.156313178747458359e+01
1.125158125441448753e+01,-5.044911247083265771e-01,1.142588882943575435e+01
1.129897544589822722e+01,-4.543521600429146212e-01,1.116085276725230813e+01
1.139649678339728922e+01,-3.822139069662549016e-01,1.077032041385030325e+01
1.146004258427884892e+01,-2.927984353410854057e-01,1.030425156559048006e+01
1.142307088301694762e+01,-1.991191334166024229e-01,9.848461674201214322e+00
1.125697072860894998e+01,-1.188238768946066060e-01,9.499982517397091542e+00
1.097740785378589479e+01,-6.863039614159005541e-02,9.337306593429957502e+00
1.063510090475699243e+01,-5.868775928903635641e-02,9.395150146641700672e+00
1.029483465324145364e+01,-8.878025088542795817e-02,9.652100903314837055e+00
1.001047773449018408e+01,-1.477238397171843909e-01,1.003544881676762124e+01
9.805008854659066131e+00,-2.162733568074067803e-01,1.044196068048886872e+01
9.662667110492996869e+00,-2.727016316742167379e-01,1.076818020646360985e+01
9.535995984438747186e+00,-2.993160898226278621e-01,1.094073025189555892e+01
9.365251109936988172e+00,-2.878448960079982855e-01,1.093709385684221047e+01
9.103217821698576628e+00,-2.419686929783624874e-01,1.079045562804215663e+01
8.736466092848736764e+00,-1.761850606267316155e-01,1.057736422527309017e+01
8.295167746375501139e+00,-1.113717081846884449e-01,1.039251410713170110e+01
7.847459750606580187e+00,-6.847248595347210642e-02,1.031901243524552214e+01
7.479656748671432709e+00,-6.231926939818011046e-02,1.040376582720570120e+01
7.268586023990857292e+00,-9.753079216174675992e-02,1.064570243228052604e+01
7.255233207208275026e+00,-1.677248518054912374e-01,1.100011401721958038e+01
7.428725116213685808e+00,-2.581812127182719907e-01,1.139696982377214418e+01
7.726449226029123096e+00,-3.509667706685463129e-01,1.176645011627515025e+01
8.050865948362808666e+00,-4.307559062327057098e-01,1.206270835509572237e+01
8.298047767505160266e+00,-4.894020952246010414e-01,1.227772192916860838e+01
8.389023826268074302e+00,-5.277926426125933990e-01,1.244070690821558145e+01
8.293953529459296092e+00,-5.544781454460384618e-01,1.260369188726255452e+01
8.041370496287937542e+00,-5.816817950495469791e-01,1.281870546133544053e+01
7.709511666344873504e+00,-6.201815726155091024e-01,1.311496370015601087e+01
7.402506086055235635e+00,-6.749207633344194157e-01,1.348444399265901872e+01
7.219045024362195306e+00,-7.429195468705050986e-01,1.388129979921158075e+01
7.223494901723996442e+00,-8.142336570925621242e-01,1.423571138415063686e+01
7.428488096690015752e+00,-8.756217029169436339e-01,1.447764798922545992e+01
7.794162064625168362e+00,-9.156149458592575119e-01,1.456240138118564076e+01
8.243716447363185651e+00,-9.291666876110242779e-01,1.448889970929946358e+01
8.689658291604757778e+00,-9.201737565418682818e-01,1.430404959115807273e+01
9.061762948887420066e+00,-9.008750278719985793e-01,1.409095818838900627e+01
9.327479839251878957e+00,-8.882020517222168898e-01,1.394431995958895421e+01
9.498316061232801033e+00,-8.982213189329320002e-01,1.394068356453560398e+01
9.620652671523979294e+00,-9.405020159571001459e-01,1.411323360996755127e+01
9.754799670368369036e+00,-1.014325488089794058e+00,1.443945313594229418e+01
9.950056834075247991e+00,-1.108086550869080256e+00,1.484596499966353988e+01
1.022478392300269867e+01,-1.202204724010781156e+00,1.522931291311632584e+01
1.055859548421465455e+01,-1.274706596897991595e+00,1.548626366978946223e+01
1.089944938353522019e+01,-1.307744797500066225e+00,1.554410722300120540e+01
1.118309873283553557e+01,-1.292985626420959822e+00,1.538143129903407136e+01
1.135795280205408986e+01,-1.234141391427155288e+00,1.503295214222995035e+01
1.140637410023687437e+01,-1.145834561648526151e+00,1.457716225084068284e+01
1.135453610716493600e+01,-1.049159757020308170e+00,1.411109340258085787e+01
1.126682507506204445e+01,-9.653676710455365573e-01,1.372056104917885477e+01
1.122608867950319400e+01,-9.096839998214714118e-01,1.345552498699541033e+01
1.130600437369698952e+01,-8.872044823456075591e-01,1.331828202895658109e+01
1.154475543000372717e+01,-8.921025124339014845e-01,1.326777564828537237e+01
1.192904076820157222e+01,-9.102866909342712809e-01,1.323787466809056568e+01
1.239421780735801981e+01,-9.245199342397983910e-01,1.316286925385446160e+01
1.284113429593265110e+01,-9.202331246579676938e-01,1.300119350628068560e+01
1.316468297850180669e+01,-8.900894353149715332e-01,1.274923496892514052e+01
1.333455084383085243e+01,-4.715937169348887181e-01,1.250353876128737696e+01
1.321966565906403623e+01,-4.038061165034786404e-01,1.219204899903207640e+01
1.289832455750892848e+01,-3.377179789669366716e-01,1.193767179678157220e+01
1.245031964040949113e+01,-2.839074290901262287e-01,1.177444404998154326e+01
1.198193861668337590e+01,-2.466566004884603036e-01,1.169871862457118539e+01
1.159429456492248711e+01,-2.223312098847734508e-01,1.166853061123242696e+01
1.135416573858432265e+01,-2.007970252372497377e-01,1.161753939678188807e+01
1.127646081245110921e+01,-1.693885318075868673e-01,1.147897898100508129e+01
1.132350842830975068e+01,-1.180295094049912397e-01,1.121139871680240674e+01
1.142080889306941671e+01,-4.367094841563878838e-02,1.081711746525456519e+01
1.148353800125251567e+01,4.758785592958797439e-02,1.034657460958958630e+01
1.144473009085232462e+01,1.415571065621973323e-01,9.886409383189441513e+00
1.127578323185377229e+01,2.199704091692873398e-01,9.534585016050181494e+00
1.099277671199159911e+01,2.662020204237990351e-01,9.370347491707509135e+00
1.064707047213268964e+01,2.708118876046219370e-01,9.428746311563603655e+00
1.030405935812974150e+01,2.350446150793713551e-01,9.688163655721417911e+00
1.001794470861943687e+01,1.710426582943784801e-01,1.007519150060481117e+01
9.811617533861317852e+00,9.859536671687346709e-02,1.048560565707822079e+01
9.668823006329480663e+00,3.938325716985896507e-02,1.081495671304121586e+01
9.541374537809334200e+00,1.051213237957820956e-02,1.098916314504331382e+01
9.368830775461395532e+00,1.938419640595201443e-02,1.098549184257562672e+01
9.103588330942908868e+00,6.153601320084267634e-02,1.083744596654924663e+01
8.732319982855093699e+00,1.221215672251911299e-01,1.062230900223380559e+01
8.285814470832788103e+00,1.805461664427846502e-01,1.043568442351540781e+01
7.833186249862650996e+00,2.167501262841042831e-01,1.036147717556350933e+01
7.461802629676286713e+00,2.171310138516088228e-01,1.044704415398126329e+01
7.249291699538527922e+00,1.782446588085661587e-01,1.069130321885301349e+01
7.236925969081672960e+00,1.071825850372574718e-01,1.104911696221010153e+01
7.413495773056775207e+00,1.863032747370585440e-02,1.144978236861883225e+01
7.715511176407713556e+00,-7.030376277465638646e-02,1.182280947093521739e+01
8.044265794132810399e+00,-1.456968131206011208e-01,1.212191162768609054e+01
8.294718708363571835e+00,-2.009734278605555535e-01,1.233898921510422220e+01
8.387165302833022196e+00,-2.382809374480662767e-01,1.250353876128737696e+01
8.291618042820756429e+00,-2.667228819098956816e-01,1.266808830747053172e+01
8.037074658509480329e+00,-2.981844757530480172e-01,1.288516589488866337e+01
7.702683952610753337e+00,-3.423043865030926391e-01,1.318426805163953652e+01
7.393639467080509675e+00,-4.024216239053710065e-01,1.355729515395591989e+01
7.209519782545624977e+00,-4.739641969803001231e-01,1.395796056036465060e+01
7.215143101549466920e+00,-5.458746127890793387e-01,1.431577430372174042e+01
7.423051371372836549e+00,-6.045874340089976151e-01,1.456003336859349062e+01
7.792822622593519100e+00,-6.391585229238637700e-01,1.464560034701124458e+01
8.246849157093461002e+00,-6.457113159736896923e-01,1.457139309905934788e+01
8.696871302337173759e+00,-6.295658878193148844e-01,1.438476852034094833e+01
9.072193552655118509e+00,-6.041886526553654768e-01,1.416963155602550728e+01
9.340225678197942472e+00,-5.871854261895701477e-01,1.402158567999912719e+01
9.512838620202241913e+00,-5.945905391455847955e-01,1.401791437753144010e+01
9.637004455050188767e+00,-6.353274932695562871e-01,1.419212080953353627e+01
9.773592903656853181e+00,-7.077149695156113030e-01,1.452147186549653490e+01
9.972186498695196022e+00,-7.992578398569452069e-01,1.493188602196994097e+01
1.025100824506127495e+01,-8.899015207733881327e-01,1.531891386685333600e+01
1.058913106590938824e+01,-9.577902542654437301e-01,1.557833121101115026e+01
1.093373687606387357e+01,-9.857346769751531568e-01,1.563673003086724478e+01
1.121983818193050020e+01,-9.663415094902183533e-01,1.547249250652457064e+01
1.139541459243870669e+01,-9.041755118365034649e-01,1.512066813938531240e+01
1.144289355963970145e+01,-8.142754470556020641e-01,1.466050291298516939e+01
1.138903105761153078e+01,-7.175183219472534013e-01,1.418996005732018872e+01
1.129916017451410504e+01,-6.343329842599960688e-01,1.379567880577234895e+01
1.125715466861197989e+01,-5.787743232426600937e-01,1.352809854156967440e+01
1.133747053787304182e+01,-5.548179013535384785e-01,1.338953812579286584e+01
1.157856020977596145e+01,-5.559774050055640293e-01,1.333854691134232695e+01
1.196677310499425850e+01,-5.682404992255939424e-01,1.330835889800357030e+01
1.243658104980725199e+01,-5.752335392530920632e-01,1.323263347259321066e+01
1.288766172531425447e+01,-5.638227896079931467e-01,1.306940572579318172e+01
1.321379614684010306e+01,-5.282688226324203651e-01,1.281502852354267574e+01
